MMSI,BaseDateTime,LAT,LON,SOG,COG,Heading,VesselName,IMO,CallSign,VesselType,Status,Length,Width,Draft,Cargo
240111001,2024-08-22T18:00:00Z,33.379,16.955,13.6,44.9,45,AEGEAN VOYAGER,9011001,CALL1,1004.0,0,240.0,38.0,14.0,1004
240111002,2024-08-22T18:00:00Z,33.8,18.6,13.8,315.3,315,CARGO PIONEER,9011002,CALL2,1001.0,0,180.0,28.0,14.0,1001
240111004,2024-08-22T18:00:00Z,34.8,19.1,15.0,224.9,225,GAS TRADER,9011004,CALL4,1024.0,0,180.0,28.0,14.0,1024
240111003,2024-08-22T18:00:00Z,35.1,17.8,11.9,90.2,90,BLUE HORIZON,9011003,CALL3,1001.0,0,180.0,28.0,14.0,1001
240111004,2024-08-22T18:05:00Z,34.78527,19.08206,15.2,223.8,225,GAS TRADER,9011004,CALL4,1024.0,0,180.0,28.0,14.0,1024
240111001,2024-08-22T18:05:00Z,33.39226,16.97087,13.4,45.6,45,AEGEAN VOYAGER,9011001,CALL1,1004.0,0,240.0,38.0,14.0,1004
240111002,2024-08-22T18:05:00Z,33.81375,18.58346,14.0,314.5,315,CARGO PIONEER,9011002,CALL2,1001.0,0,180.0,28.0,14.0,1001
240111003,2024-08-22T18:05:00Z,35.1,17.82037,11.8,90.2,90,BLUE HORIZON,9011003,CALL3,1001.0,0,180.0,28.0,14.0,1001
240111002,2024-08-22T18:10:00Z,33.82749,18.56691,14.1,314.2,315,CARGO PIONEER,9011002,CALL2,1001.0,0,180.0,28.0,14.0,1001
240111004,2024-08-22T18:10:00Z,34.77054,19.06413,14.7,225.3,225,GAS TRADER,9011004,CALL4,1024.0,0,180.0,28.0,14.0,1024
240111001,2024-08-22T18:10:00Z,33.40551,16.98675,13.3,44.8,45,AEGEAN VOYAGER,9011001,CALL1,1004.0,0,240.0,38.0,14.0,1004
240111003,2024-08-22T18:10:00Z,35.1,17.84074,12.2,90.2,90,BLUE HORIZON,9011003,CALL3,1001.0,0,180.0,28.0,14.0,1001
240111002,2024-08-22T18:15:00Z,33.84124,18.55036,14.0,315.7,315,CARGO PIONEER,9011002,CALL2,1001.0,0,180.0,28.0,14.0,1001
240111004,2024-08-22T18:15:00Z,34.75581,19.0462,14.8,225.0,225,GAS TRADER,9011004,CALL4,1024.0,0,180.0,28.0,14.0,1024
240111001,2024-08-22T18:15:00Z,33.41877,17.00263,13.5,44.7,45,AEGEAN VOYAGER,9011001,CALL1,1004.0,0,240.0,38.0,14.0,1004
240111003,2024-08-22T18:15:00Z,35.1,17.8611,12.0,91.1,90,BLUE HORIZON,9011003,CALL3,1001.0,0,180.0,28.0,14.0,1001
240111002,2024-08-22T18:20:00Z,33.85499,18.53381,13.9,315.1,315,CARGO PIONEER,9011002,CALL2,1001.0,0,180.0,28.0,14.0,1001
240111004,2024-08-22T18:20:00Z,34.74108,19.02827,15.2,224.5,225,GAS TRADER,9011004,CALL4,1024.0,0,180.0,28.0,14.0,1024
240111003,2024-08-22T18:20:00Z,35.1,17.88147,12.2,90.1,90,BLUE HORIZON,9011003,CALL3,1001.0,0,180.0,28.0,14.0,1001
240111001,2024-08-22T18:20:00Z,33.43202,17.01851,13.5,45.3,45,AEGEAN VOYAGER,9011001,CALL1,1004.0,0,240.0,38.0,14.0,1004
240111001,2024-08-22T18:25:00Z,33.44528,17.0344,13.5,46.1,45,AEGEAN VOYAGER,9011001,CALL1,1004.0,0,240.0,38.0,14.0,1004
240111003,2024-08-22T18:25:00Z,35.1,17.90184,11.9,91.0,90,BLUE HORIZON,9011003,CALL3,1001.0,0,180.0,28.0,14.0,1001
240111002,2024-08-22T18:25:00Z,33.86873,18.51726,14.0,314.2,315,CARGO PIONEER,9011002,CALL2,1001.0,0,180.0,28.0,14.0,1001
240111004,2024-08-22T18:25:00Z,34.72636,19.01035,15.3,224.3,225,GAS TRADER,9011004,CALL4,1024.0,0,180.0,28.0,14.0,1024
240111003,2024-08-22T18:30:00Z,35.1,17.92221,11.8,90.4,90,BLUE HORIZON,9011003,CALL3,1001.0,0,180.0,28.0,14.0,1001
240111001,2024-08-22T18:30:00Z,33.45854,17.05028,13.5,45.0,45,AEGEAN VOYAGER,9011001,CALL1,1004.0,0,240.0,38.0,14.0,1004
240111002,2024-08-22T18:30:00Z,33.88248,18.5007,14.0,314.2,315,CARGO PIONEER,9011002,CALL2,1001.0,0,180.0,28.0,14.0,1001
240111004,2024-08-22T18:30:00Z,34.71163,18.99243,15.1,224.9,225,GAS TRADER,9011004,CALL4,1024.0,0,180.0,28.0,14.0,1024
240111001,2024-08-22T18:35:00Z,33.47179,17.06617,13.6,45.5,45,AEGEAN VOYAGER,9011001,CALL1,1004.0,0,240.0,38.0,14.0,1004
240111002,2024-08-22T18:35:00Z,33.89623,18.48414,14.0,315.8,315,CARGO PIONEER,9011002,CALL2,1001.0,0,180.0,28.0,14.0,1001
240111003,2024-08-22T18:35:00Z,35.1,17.94257,12.0,89.3,90,BLUE HORIZON,9011003,CALL3,1001.0,0,180.0,28.0,14.0,1001
240111004,2024-08-22T18:35:00Z,34.6969,18.97451,15.0,224.4,225,GAS TRADER,9011004,CALL4,1024.0,0,180.0,28.0,14.0,1024
240111003,2024-08-22T18:40:00Z,35.1,17.96294,11.9,90.2,90,BLUE HORIZON,9011003,CALL3,1001.0,0,180.0,28.0,14.0,1001
240111002,2024-08-22T18:40:00Z,33.90998,18.46758,14.1,315.5,315,CARGO PIONEER,9011002,CALL2,1001.0,0,180.0,28.0,14.0,1001
240111001,2024-08-22T18:40:00Z,33.48505,17.08206,13.6,44.9,45,AEGEAN VOYAGER,9011001,CALL1,1004.0,0,240.0,38.0,14.0,1004
240111004,2024-08-22T18:40:00Z,34.68217,18.95659,15.1,224.2,225,GAS TRADER,9011004,CALL4,1024.0,0,180.0,28.0,14.0,1024
240111002,2024-08-22T18:45:00Z,33.92372,18.45102,14.2,314.8,315,CARGO PIONEER,9011002,CALL2,1001.0,0,180.0,28.0,14.0,1001
240111001,2024-08-22T18:45:00Z,33.4983,17.09796,13.6,44.5,45,AEGEAN VOYAGER,9011001,CALL1,1004.0,0,240.0,38.0,14.0,1004
240111003,2024-08-22T18:45:00Z,35.1,17.98331,12.0,90.7,90,BLUE HORIZON,9011003,CALL3,1001.0,0,180.0,28.0,14.0,1001
240111004,2024-08-22T18:45:00Z,34.66744,18.93868,15.0,224.6,225,GAS TRADER,9011004,CALL4,1024.0,0,180.0,28.0,14.0,1024
240111002,2024-08-22T18:50:00Z,33.93747,18.43445,14.2,315.2,315,CARGO PIONEER,9011002,CALL2,1001.0,0,180.0,28.0,14.0,1001
240111004,2024-08-22T18:50:00Z,34.65271,18.92078,15.1,224.4,225,GAS TRADER,9011004,CALL4,1024.0,0,180.0,28.0,14.0,1024
240111003,2024-08-22T18:50:00Z,35.1,18.00368,12.0,90.8,90,BLUE HORIZON,9011003,CALL3,1001.0,0,180.0,28.0,14.0,1001
240111001,2024-08-22T18:50:00Z,33.51156,17.11385,13.5,44.7,45,AEGEAN VOYAGER,9011001,CALL1,1004.0,0,240.0,38.0,14.0,1004
240111003,2024-08-22T18:55:00Z,35.1,18.02404,12.0,89.6,90,BLUE HORIZON,9011003,CALL3,1001.0,0,180.0,28.0,14.0,1001
240111002,2024-08-22T18:55:00Z,33.95122,18.41788,13.8,314.8,315,CARGO PIONEER,9011002,CALL2,1001.0,0,180.0,28.0,14.0,1001
240111001,2024-08-22T18:55:00Z,33.52482,17.12975,13.5,45.6,45,AEGEAN VOYAGER,9011001,CALL1,1004.0,0,240.0,38.0,14.0,1004
240111004,2024-08-22T18:55:00Z,34.63798,18.90287,15.0,224.6,225,GAS TRADER,9011004,CALL4,1024.0,0,180.0,28.0,14.0,1024
240111001,2024-08-22T19:00:00Z,33.53807,17.14565,13.5,45.0,45,AEGEAN VOYAGER,9011001,CALL1,1004.0,0,240.0,38.0,14.0,1004
240111003,2024-08-22T19:00:00Z,35.1,18.04441,12.0,89.8,90,BLUE HORIZON,9011003,CALL3,1001.0,0,180.0,28.0,14.0,1001
240111004,2024-08-22T19:00:00Z,34.62325,18.88497,15.1,224.7,225,GAS TRADER,9011004,CALL4,1024.0,0,180.0,28.0,14.0,1024
240111002,2024-08-22T19:00:00Z,33.96496,18.40131,13.9,314.7,315,CARGO PIONEER,9011002,CALL2,1001.0,0,180.0,28.0,14.0,1001
240111004,2024-08-22T19:05:00Z,34.60852,18.86707,15.2,224.8,225,GAS TRADER,9011004,CALL4,1024.0,0,180.0,28.0,14.0,1024
240111002,2024-08-22T19:05:00Z,33.97871,18.38473,14.0,314.6,315,CARGO PIONEER,9011002,CALL2,1001.0,0,180.0,28.0,14.0,1001
240111001,2024-08-22T19:05:00Z,33.55133,17.16156,13.6,44.7,45,AEGEAN VOYAGER,9011001,CALL1,1004.0,0,240.0,38.0,14.0,1004
240111003,2024-08-22T19:05:00Z,35.1,18.06478,12.0,89.9,90,BLUE HORIZON,9011003,CALL3,1001.0,0,180.0,28.0,14.0,1001
240111002,2024-08-22T19:10:00Z,33.99246,18.36816,13.9,315.1,315,CARGO PIONEER,9011002,CALL2,1001.0,0,180.0,28.0,14.0,1001
240111004,2024-08-22T19:10:00Z,34.5938,18.84917,15.0,226.3,225,GAS TRADER,9011004,CALL4,1024.0,0,180.0,28.0,14.0,1024
240111001,2024-08-22T19:10:00Z,33.56458,17.17746,13.6,44.1,45,AEGEAN VOYAGER,9011001,CALL1,1004.0,0,240.0,38.0,14.0,1004
240111003,2024-08-22T19:10:00Z,35.1,18.08515,11.9,90.0,90,BLUE HORIZON,9011003,CALL3,1001.0,0,180.0,28.0,14.0,1001
240111003,2024-08-22T19:15:00Z,35.1,18.10552,12.2,90.6,90,BLUE HORIZON,9011003,CALL3,1001.0,0,180.0,28.0,14.0,1001
240111004,2024-08-22T19:15:00Z,34.57907,18.83128,15.1,225.1,225,GAS TRADER,9011004,CALL4,1024.0,0,180.0,28.0,14.0,1024
240111001,2024-08-22T19:15:00Z,33.57784,17.19337,13.5,45.0,45,AEGEAN VOYAGER,9011001,CALL1,1004.0,0,240.0,38.0,14.0,1004
240111002,2024-08-22T19:15:00Z,34.0062,18.35158,14.0,314.0,315,CARGO PIONEER,9011002,CALL2,1001.0,0,180.0,28.0,14.0,1001
240111002,2024-08-22T19:20:00Z,34.01995,18.33499,14.0,315.4,315,CARGO PIONEER,9011002,CALL2,1001.0,0,180.0,28.0,14.0,1001
240111004,2024-08-22T19:20:00Z,34.56434,18.81339,15.0,225.0,225,GAS TRADER,9011004,CALL4,1024.0,0,180.0,28.0,14.0,1024
240111001,2024-08-22T19:20:00Z,33.5911,17.20928,13.5,44.8,45,AEGEAN VOYAGER,9011001,CALL1,1004.0,0,240.0,38.0,14.0,1004
240111003,2024-08-22T19:20:00Z,35.1,18.12588,12.0,89.3,90,BLUE HORIZON,9011003,CALL3,1001.0,0,180.0,28.0,14.0,1001
240111003,2024-08-22T19:25:00Z,35.1,18.14625,11.7,90.1,90,BLUE HORIZON,9011003,CALL3,1001.0,0,180.0,28.0,14.0,1001
240111002,2024-08-22T19:25:00Z,34.0337,18.31841,13.9,315.4,315,CARGO PIONEER,9011002,CALL2,1001.0,0,180.0,28.0,14.0,1001
240111001,2024-08-22T19:25:00Z,33.60435,17.2252,13.4,44.1,45,AEGEAN VOYAGER,9011001,CALL1,1004.0,0,240.0,38.0,14.0,1004
240111004,2024-08-22T19:25:00Z,34.54961,18.79551,15.0,224.6,225,GAS TRADER,9011004,CALL4,1024.0,0,180.0,28.0,14.0,1024
240111003,2024-08-22T19:30:00Z,35.1,18.16662,11.9,90.4,90,BLUE HORIZON,9011003,CALL3,1001.0,0,180.0,28.0,14.0,1001
240111002,2024-08-22T19:30:00Z,34.04744,18.30182,14.2,315.0,315,CARGO PIONEER,9011002,CALL2,1001.0,0,180.0,28.0,14.0,1001
240111004,2024-08-22T19:30:00Z,34.53488,18.77762,15.0,224.4,225,GAS TRADER,9011004,CALL4,1024.0,0,180.0,28.0,14.0,1024
240111001,2024-08-22T19:30:00Z,33.61761,17.24111,13.4,45.2,45,AEGEAN VOYAGER,9011001,CALL1,1004.0,0,240.0,38.0,14.0,1004
240111002,2024-08-22T19:35:00Z,34.06119,18.28523,14.0,314.7,315,CARGO PIONEER,9011002,CALL2,1001.0,0,180.0,28.0,14.0,1001
240111003,2024-08-22T19:35:00Z,35.1,18.18699,11.9,90.8,90,BLUE HORIZON,9011003,CALL3,1001.0,0,180.0,28.0,14.0,1001
240111004,2024-08-22T19:35:00Z,34.52015,18.75974,15.0,224.7,225,GAS TRADER,9011004,CALL4,1024.0,0,180.0,28.0,14.0,1024
240111001,2024-08-22T19:35:00Z,33.63086,17.25703,13.5,45.9,45,AEGEAN VOYAGER,9011001,CALL1,1004.0,0,240.0,38.0,14.0,1004
240111002,2024-08-22T19:40:00Z,34.07494,18.26863,13.9,315.2,315,CARGO PIONEER,9011002,CALL2,1001.0,0,180.0,28.0,14.0,1001
240111004,2024-08-22T19:40:00Z,34.50542,18.74187,15.0,224.9,225,GAS TRADER,9011004,CALL4,1024.0,0,180.0,28.0,14.0,1024
240111001,2024-08-22T19:40:00Z,33.64412,17.27295,13.6,45.8,45,AEGEAN VOYAGER,9011001,CALL1,1004.0,0,240.0,38.0,14.0,1004
240111003,2024-08-22T19:40:00Z,35.1,18.20735,12.0,90.3,90,BLUE HORIZON,9011003,CALL3,1001.0,0,180.0,28.0,14.0,1001
240111003,2024-08-22T19:45:00Z,35.1,18.22772,12.0,91.1,90,BLUE HORIZON,9011003,CALL3,1001.0,0,180.0,28.0,14.0,1001
240111002,2024-08-22T19:45:00Z,34.08869,18.25204,13.9,315.2,315,CARGO PIONEER,9011002,CALL2,1001.0,0,180.0,28.0,14.0,1001
240111004,2024-08-22T19:45:00Z,34.49069,18.724,15.0,225.3,225,GAS TRADER,9011004,CALL4,1024.0,0,180.0,28.0,14.0,1024
240111001,2024-08-22T19:45:00Z,33.65738,17.28887,13.4,44.6,45,AEGEAN VOYAGER,9011001,CALL1,1004.0,0,240.0,38.0,14.0,1004
240111003,2024-08-22T19:50:00Z,35.1,18.24809,12.0,90.3,90,BLUE HORIZON,9011003,CALL3,1001.0,0,180.0,28.0,14.0,1001
240111002,2024-08-22T19:50:00Z,34.10243,18.23544,14.1,315.5,315,CARGO PIONEER,9011002,CALL2,1001.0,0,180.0,28.0,14.0,1001
240111004,2024-08-22T19:50:00Z,34.47597,18.70612,15.0,225.2,225,GAS TRADER,9011004,CALL4,1024.0,0,180.0,28.0,14.0,1024
240111001,2024-08-22T19:50:00Z,33.67063,17.3048,13.5,45.2,45,AEGEAN VOYAGER,9011001,CALL1,1004.0,0,240.0,38.0,14.0,1004
240111004,2024-08-22T19:55:00Z,34.46124,18.68826,14.9,223.7,225,GAS TRADER,9011004,CALL4,1024.0,0,180.0,28.0,14.0,1024
240111001,2024-08-22T19:55:00Z,33.68389,17.32073,13.5,44.9,45,AEGEAN VOYAGER,9011001,CALL1,1004.0,0,240.0,38.0,14.0,1004
240111002,2024-08-22T19:55:00Z,34.11618,18.21884,13.9,314.3,315,CARGO PIONEER,9011002,CALL2,1001.0,0,180.0,28.0,14.0,1001
240111003,2024-08-22T19:55:00Z,35.1,18.26846,12.0,90.0,90,BLUE HORIZON,9011003,CALL3,1001.0,0,180.0,28.0,14.0,1001
240111004,2024-08-22T20:00:00Z,34.44651,18.67039,14.9,224.5,225,GAS TRADER,9011004,CALL4,1024.0,0,180.0,28.0,14.0,1024
240111001,2024-08-22T20:00:00Z,33.69714,17.33666,13.6,44.8,45,AEGEAN VOYAGER,9011001,CALL1,1004.0,0,240.0,38.0,14.0,1004
240111003,2024-08-22T20:00:00Z,35.1,18.28882,12.2,90.1,90,BLUE HORIZON,9011003,CALL3,1001.0,0,180.0,28.0,14.0,1001
240111002,2024-08-22T20:00:00Z,34.12993,18.20223,14.2,314.2,315,CARGO PIONEER,9011002,CALL2,1001.0,0,180.0,28.0,14.0,1001
240111001,2024-08-22T20:05:00Z,33.7104,17.35259,13.7,45.4,45,AEGEAN VOYAGER,9011001,CALL1,1004.0,0,240.0,38.0,14.0,1004
240111004,2024-08-22T20:05:00Z,34.43178,18.65253,15.0,224.8,225,GAS TRADER,9011004,CALL4,1024.0,0,180.0,28.0,14.0,1024
240111003,2024-08-22T20:05:00Z,35.1,18.30919,11.8,89.8,90,BLUE HORIZON,9011003,CALL3,1001.0,0,180.0,28.0,14.0,1001
240111002,2024-08-22T20:05:00Z,34.14367,18.18562,13.9,314.8,315,CARGO PIONEER,9011002,CALL2,1001.0,0,180.0,28.0,14.0,1001
240111003,2024-08-22T20:10:00Z,35.1,18.32956,12.1,90.3,90,BLUE HORIZON,9011003,CALL3,1001.0,0,180.0,28.0,14.0,1001
240111002,2024-08-22T20:10:00Z,34.15742,18.16901,14.0,315.0,315,CARGO PIONEER,9011002,CALL2,1001.0,0,180.0,28.0,14.0,1001
240111001,2024-08-22T20:10:00Z,33.72366,17.36853,13.6,44.6,45,AEGEAN VOYAGER,9011001,CALL1,1004.0,0,240.0,38.0,14.0,1004
240111004,2024-08-22T20:10:00Z,34.41705,18.63468,14.8,224.8,225,GAS TRADER,9011004,CALL4,1024.0,0,180.0,28.0,14.0,1024
240111003,2024-08-22T20:15:00Z,35.1,18.34993,12.0,90.0,90,BLUE HORIZON,9011003,CALL3,1001.0,0,180.0,28.0,14.0,1001
240111002,2024-08-22T20:15:00Z,34.17117,18.1524,13.9,315.0,315,CARGO PIONEER,9011002,CALL2,1001.0,0,180.0,28.0,14.0,1001
240111001,2024-08-22T20:15:00Z,33.73691,17.38447,13.6,45.2,45,AEGEAN VOYAGER,9011001,CALL1,1004.0,0,240.0,38.0,14.0,1004
240111004,2024-08-22T20:15:00Z,34.40232,18.61682,15.1,224.4,225,GAS TRADER,9011004,CALL4,1024.0,0,180.0,28.0,14.0,1024
240111004,2024-08-22T20:20:00Z,34.38759,18.59897,15.0,224.6,225,GAS TRADER,9011004,CALL4,1024.0,0,180.0,28.0,14.0,1024
240111002,2024-08-22T20:20:00Z,34.18491,18.13579,13.9,314.7,315,CARGO PIONEER,9011002,CALL2,1001.0,0,180.0,28.0,14.0,1001
240111001,2024-08-22T20:20:00Z,33.75017,17.40041,13.6,44.8,45,AEGEAN VOYAGER,9011001,CALL1,1004.0,0,240.0,38.0,14.0,1004
240111003,2024-08-22T20:20:00Z,35.1,18.37029,12.1,89.3,90,BLUE HORIZON,9011003,CALL3,1001.0,0,180.0,28.0,14.0,1001
240111004,2024-08-22T20:25:00Z,34.37286,18.58112,14.9,225.7,225,GAS TRADER,9011004,CALL4,1024.0,0,180.0,28.0,14.0,1024
240111001,2024-08-22T20:25:00Z,33.76342,17.41635,13.6,43.8,45,AEGEAN VOYAGER,9011001,CALL1,1004.0,0,240.0,38.0,14.0,1004
240111003,2024-08-22T20:25:00Z,35.1,18.39066,12.0,89.5,90,BLUE HORIZON,9011003,CALL3,1001.0,0,180.0,28.0,14.0,1001
240111002,2024-08-22T20:25:00Z,34.19866,18.11917,13.8,314.6,315,CARGO PIONEER,9011002,CALL2,1001.0,0,180.0,28.0,14.0,1001
240111001,2024-08-22T20:30:00Z,33.77668,17.43229,13.5,45.9,45,AEGEAN VOYAGER,9011001,CALL1,1004.0,0,240.0,38.0,14.0,1004
240111003,2024-08-22T20:30:00Z,35.1,18.41103,12.1,89.8,90,BLUE HORIZON,9011003,CALL3,1001.0,0,180.0,28.0,14.0,1001
240111002,2024-08-22T20:30:00Z,34.21241,18.10255,14.0,314.9,315,CARGO PIONEER,9011002,CALL2,1001.0,0,180.0,28.0,14.0,1001
240111004,2024-08-22T20:30:00Z,34.35813,18.56328,15.0,225.0,225,GAS TRADER,9011004,CALL4,1024.0,0,180.0,28.0,14.0,1024
240111002,2024-08-22T20:35:00Z,34.22616,18.08592,14.0,315.0,315,CARGO PIONEER,9011002,CALL2,1001.0,0,180.0,28.0,14.0,1001
240111004,2024-08-22T20:35:00Z,34.34341,18.54544,14.9,224.3,225,GAS TRADER,9011004,CALL4,1024.0,0,180.0,28.0,14.0,1024
240111001,2024-08-22T20:35:00Z,33.78994,17.44824,13.5,44.9,45,AEGEAN VOYAGER,9011001,CALL1,1004.0,0,240.0,38.0,14.0,1004
240111003,2024-08-22T20:35:00Z,35.1,18.4314,12.0,90.0,90,BLUE HORIZON,9011003,CALL3,1001.0,0,180.0,28.0,14.0,1001
240111002,2024-08-22T20:40:00Z,34.2399,18.0693,13.9,315.5,315,CARGO PIONEER,9011002,CALL2,1001.0,0,180.0,28.0,14.0,1001
240111003,2024-08-22T20:40:00Z,35.1,18.45177,12.1,90.5,90,BLUE HORIZON,9011003,CALL3,1001.0,0,180.0,28.0,14.0,1001
240111004,2024-08-22T20:40:00Z,34.32868,18.5276,15.0,225.2,225,GAS TRADER,9011004,CALL4,1024.0,0,180.0,28.0,14.0,1024
240111001,2024-08-22T20:40:00Z,33.80319,17.46419,13.7,44.8,45,AEGEAN VOYAGER,9011001,CALL1,1004.0,0,240.0,38.0,14.0,1004
240111003,2024-08-22T20:45:00Z,35.1,18.47213,11.9,90.8,90,BLUE HORIZON,9011003,CALL3,1001.0,0,180.0,28.0,14.0,1001
240111002,2024-08-22T20:45:00Z,34.25365,18.05267,14.0,315.3,315,CARGO PIONEER,9011002,CALL2,1001.0,0,180.0,28.0,14.0,1001
240111004,2024-08-22T20:45:00Z,34.31395,18.50976,15.0,224.6,225,GAS TRADER,9011004,CALL4,1024.0,0,180.0,28.0,14.0,1024
240111001,2024-08-22T20:45:00Z,33.81645,17.48014,13.4,45.2,45,AEGEAN VOYAGER,9011001,CALL1,1004.0,0,240.0,38.0,14.0,1004
240111004,2024-08-22T20:50:00Z,34.29922,18.49193,15.0,225.5,225,GAS TRADER,9011004,CALL4,1024.0,0,180.0,28.0,14.0,1024
240111003,2024-08-22T20:50:00Z,35.1,18.4925,12.0,89.8,90,BLUE HORIZON,9011003,CALL3,1001.0,0,180.0,28.0,14.0,1001
240111002,2024-08-22T20:50:00Z,34.2674,18.03604,14.1,315.2,315,CARGO PIONEER,9011002,CALL2,1001.0,0,180.0,28.0,14.0,1001
240111001,2024-08-22T20:50:00Z,33.8297,17.4961,13.5,45.2,45,AEGEAN VOYAGER,9011001,CALL1,1004.0,0,240.0,38.0,14.0,1004
240111003,2024-08-22T20:55:00Z,35.1,18.51287,12.0,89.1,90,BLUE HORIZON,9011003,CALL3,1001.0,0,180.0,28.0,14.0,1001
240111002,2024-08-22T20:55:00Z,34.28114,18.0194,13.9,315.7,315,CARGO PIONEER,9011002,CALL2,1001.0,0,180.0,28.0,14.0,1001
240111004,2024-08-22T20:55:00Z,34.28449,18.4741,15.1,225.5,225,GAS TRADER,9011004,CALL4,1024.0,0,180.0,28.0,14.0,1024
240111001,2024-08-22T20:55:00Z,33.84296,17.51206,13.4,44.8,45,AEGEAN VOYAGER,9011001,CALL1,1004.0,0,240.0,38.0,14.0,1004
240111002,2024-08-22T21:00:00Z,34.29489,18.00277,14.1,315.5,315,CARGO PIONEER,9011002,CALL2,1001.0,0,180.0,28.0,14.0,1001
240111004,2024-08-22T21:00:00Z,34.26976,18.45627,15.0,225.3,225,GAS TRADER,9011004,CALL4,1024.0,0,180.0,28.0,14.0,1024
240111001,2024-08-22T21:00:00Z,33.85622,17.52802,13.5,45.5,45,AEGEAN VOYAGER,9011001,CALL1,1004.0,0,240.0,38.0,14.0,1004
240111003,2024-08-22T21:00:00Z,35.1,18.53324,11.9,90.6,90,BLUE HORIZON,9011003,CALL3,1001.0,0,180.0,28.0,14.0,1001
240111003,2024-08-22T21:05:00Z,35.1,18.5536,11.9,90.0,90,BLUE HORIZON,9011003,CALL3,1001.0,0,180.0,28.0,14.0,1001
240111001,2024-08-22T21:05:00Z,33.86947,17.54398,13.4,44.9,45,AEGEAN VOYAGER,9011001,CALL1,1004.0,0,240.0,38.0,14.0,1004
240111004,2024-08-22T21:05:00Z,34.25503,18.43845,14.9,224.3,225,GAS TRADER,9011004,CALL4,1024.0,0,180.0,28.0,14.0,1024
240111002,2024-08-22T21:05:00Z,34.30864,17.98613,13.9,315.3,315,CARGO PIONEER,9011002,CALL2,1001.0,0,180.0,28.0,14.0,1001
240111003,2024-08-22T21:10:00Z,35.1,18.57397,12.1,89.7,90,BLUE HORIZON,9011003,CALL3,1001.0,0,180.0,28.0,14.0,1001
240111004,2024-08-22T21:10:00Z,34.2403,18.42063,14.9,224.8,225,GAS TRADER,9011004,CALL4,1024.0,0,180.0,28.0,14.0,1024
240111002,2024-08-22T21:10:00Z,34.32238,17.96948,14.1,315.4,315,CARGO PIONEER,9011002,CALL2,1001.0,0,180.0,28.0,14.0,1001
240111001,2024-08-22T21:10:00Z,33.88273,17.55995,13.5,45.1,45,AEGEAN VOYAGER,9011001,CALL1,1004.0,0,240.0,38.0,14.0,1004
240111004,2024-08-22T21:15:00Z,34.22557,18.40281,14.9,225.2,225,GAS TRADER,9011004,CALL4,1024.0,0,180.0,28.0,14.0,1024
240111003,2024-08-22T21:15:00Z,35.1,18.59434,11.8,90.5,90,BLUE HORIZON,9011003,CALL3,1001.0,0,180.0,28.0,14.0,1001
240111002,2024-08-22T21:15:00Z,34.33613,17.95284,13.8,314.7,315,CARGO PIONEER,9011002,CALL2,1001.0,0,180.0,28.0,14.0,1001
240111001,2024-08-22T21:15:00Z,33.89598,17.57591,13.5,45.1,45,AEGEAN VOYAGER,9011001,CALL1,1004.0,0,240.0,38.0,14.0,1004
240111001,2024-08-22T21:20:00Z,33.90924,17.59188,13.6,44.4,45,AEGEAN VOYAGER,9011001,CALL1,1004.0,0,240.0,38.0,14.0,1004
240111004,2024-08-22T21:20:00Z,34.21085,18.385,15.0,224.8,225,GAS TRADER,9011004,CALL4,1024.0,0,180.0,28.0,14.0,1024
240111003,2024-08-22T21:20:00Z,35.1,18.61471,12.0,89.7,90,BLUE HORIZON,9011003,CALL3,1001.0,0,180.0,28.0,14.0,1001
240111002,2024-08-22T21:20:00Z,34.34988,17.93619,13.9,315.2,315,CARGO PIONEER,9011002,CALL2,1001.0,0,180.0,28.0,14.0,1001
240111001,2024-08-22T21:25:00Z,33.92249,17.60786,13.5,45.5,45,AEGEAN VOYAGER,9011001,CALL1,1004.0,0,240.0,38.0,14.0,1004
240111004,2024-08-22T21:25:00Z,34.19612,18.36719,15.0,224.5,225,GAS TRADER,9011004,CALL4,1024.0,0,180.0,28.0,14.0,1024
240111003,2024-08-22T21:25:00Z,35.1,18.63507,12.0,90.4,90,BLUE HORIZON,9011003,CALL3,1001.0,0,180.0,28.0,14.0,1001
240111002,2024-08-22T21:25:00Z,34.36362,17.91954,14.1,315.2,315,CARGO PIONEER,9011002,CALL2,1001.0,0,180.0,28.0,14.0,1001
240111002,2024-08-22T21:30:00Z,34.37737,17.90289,13.9,315.5,315,CARGO PIONEER,9011002,CALL2,1001.0,0,180.0,28.0,14.0,1001
240111003,2024-08-22T21:30:00Z,35.1,18.65544,11.9,89.8,90,BLUE HORIZON,9011003,CALL3,1001.0,0,180.0,28.0,14.0,1001
240111004,2024-08-22T21:30:00Z,34.18139,18.34938,14.8,225.4,225,GAS TRADER,9011004,CALL4,1024.0,0,180.0,28.0,14.0,1024
240111001,2024-08-22T21:30:00Z,33.93575,17.62383,13.5,45.3,45,AEGEAN VOYAGER,9011001,CALL1,1004.0,0,240.0,38.0,14.0,1004
240111002,2024-08-22T21:35:00Z,34.39112,17.88623,13.9,314.8,315,CARGO PIONEER,9011002,CALL2,1001.0,0,180.0,28.0,14.0,1001
240111003,2024-08-22T21:35:00Z,35.1,18.67581,11.9,89.8,90,BLUE HORIZON,9011003,CALL3,1001.0,0,180.0,28.0,14.0,1001
240111004,2024-08-22T21:35:00Z,34.16666,18.33158,15.0,225.2,225,GAS TRADER,9011004,CALL4,1024.0,0,180.0,28.0,14.0,1024
240111001,2024-08-22T21:35:00Z,33.94901,17.63981,13.5,45.0,45,AEGEAN VOYAGER,9011001,CALL1,1004.0,0,240.0,38.0,14.0,1004
240111003,2024-08-22T21:40:00Z,35.1,18.69618,12.1,89.8,90,BLUE HORIZON,9011003,CALL3,1001.0,0,180.0,28.0,14.0,1001
240111001,2024-08-22T21:40:00Z,33.96226,17.65579,13.5,45.8,45,AEGEAN VOYAGER,9011001,CALL1,1004.0,0,240.0,38.0,14.0,1004
240111002,2024-08-22T21:40:00Z,34.40487,17.86957,14.1,315.1,315,CARGO PIONEER,9011002,CALL2,1001.0,0,180.0,28.0,14.0,1001
240111004,2024-08-22T21:40:00Z,34.15193,18.31378,15.0,225.9,225,GAS TRADER,9011004,CALL4,1024.0,0,180.0,28.0,14.0,1024
240111001,2024-08-22T21:45:00Z,33.97552,17.67177,13.5,45.6,45,AEGEAN VOYAGER,9011001,CALL1,1004.0,0,240.0,38.0,14.0,1004
240111003,2024-08-22T21:45:00Z,35.1,18.71655,12.0,89.8,90,BLUE HORIZON,9011003,CALL3,1001.0,0,180.0,28.0,14.0,1001
240111004,2024-08-22T21:45:00Z,34.1372,18.29598,15.0,225.8,225,GAS TRADER,9011004,CALL4,1024.0,0,180.0,28.0,14.0,1024
240111002,2024-08-22T21:45:00Z,34.41861,17.85291,14.0,314.6,315,CARGO PIONEER,9011002,CALL2,1001.0,0,180.0,28.0,14.0,1001
240111001,2024-08-22T21:50:00Z,33.98877,17.68776,13.4,44.7,45,AEGEAN VOYAGER,9011001,CALL1,1004.0,0,240.0,38.0,14.0,1004
240111003,2024-08-22T21:50:00Z,35.1,18.73691,11.9,89.1,90,BLUE HORIZON,9011003,CALL3,1001.0,0,180.0,28.0,14.0,1001
240111002,2024-08-22T21:50:00Z,34.43236,17.83625,14.0,314.9,315,CARGO PIONEER,9011002,CALL2,1001.0,0,180.0,28.0,14.0,1001
240111004,2024-08-22T21:50:00Z,34.12247,18.27818,15.1,225.0,225,GAS TRADER,9011004,CALL4,1024.0,0,180.0,28.0,14.0,1024
240111003,2024-08-22T21:55:00Z,35.1,18.75728,12.1,90.4,90,BLUE HORIZON,9011003,CALL3,1001.0,0,180.0,28.0,14.0,1001
240111004,2024-08-22T21:55:00Z,34.10774,18.26039,15.1,225.2,225,GAS TRADER,9011004,CALL4,1024.0,0,180.0,28.0,14.0,1024
240111002,2024-08-22T21:55:00Z,34.44611,17.81958,14.0,315.1,315,CARGO PIONEER,9011002,CALL2,1001.0,0,180.0,28.0,14.0,1001
240111001,2024-08-22T21:55:00Z,34.00203,17.70374,13.5,45.1,45,AEGEAN VOYAGER,9011001,CALL1,1004.0,0,240.0,38.0,14.0,1004
240111001,2024-08-22T22:00:00Z,34.01529,17.71973,13.4,45.1,45,AEGEAN VOYAGER,9011001,CALL1,1004.0,0,240.0,38.0,14.0,1004
240111002,2024-08-22T22:00:00Z,34.45985,17.80291,14.0,315.0,315,CARGO PIONEER,9011002,CALL2,1001.0,0,180.0,28.0,14.0,1001
240111003,2024-08-22T22:00:00Z,35.1,18.77765,11.8,90.0,90,BLUE HORIZON,9011003,CALL3,1001.0,0,180.0,28.0,14.0,1001
240111004,2024-08-22T22:00:00Z,34.09301,18.2426,15.1,225.4,225,GAS TRADER,9011004,CALL4,1024.0,0,180.0,28.0,14.0,1024
240111001,2024-08-22T22:05:00Z,34.02854,17.73573,13.6,44.6,45,AEGEAN VOYAGER,9011001,CALL1,1004.0,0,240.0,38.0,14.0,1004
240111003,2024-08-22T22:05:00Z,35.1,18.79802,12.0,90.1,90,BLUE HORIZON,9011003,CALL3,1001.0,0,180.0,28.0,14.0,1001
240111004,2024-08-22T22:05:00Z,34.07829,18.22482,15.0,225.1,225,GAS TRADER,9011004,CALL4,1024.0,0,180.0,28.0,14.0,1024
240111002,2024-08-22T22:05:00Z,34.4736,17.78624,14.1,315.3,315,CARGO PIONEER,9011002,CALL2,1001.0,0,180.0,28.0,14.0,1001
240111001,2024-08-22T22:10:00Z,34.0418,17.75172,13.4,44.7,45,AEGEAN VOYAGER,9011001,CALL1,1004.0,0,240.0,38.0,14.0,1004
240111002,2024-08-22T22:10:00Z,34.48735,17.76956,14.0,314.9,315,CARGO PIONEER,9011002,CALL2,1001.0,0,180.0,28.0,14.0,1001
240111003,2024-08-22T22:10:00Z,35.1,18.81838,12.0,89.3,90,BLUE HORIZON,9011003,CALL3,1001.0,0,180.0,28.0,14.0,1001
240111004,2024-08-22T22:10:00Z,34.06356,18.20703,15.1,225.2,225,GAS TRADER,9011004,CALL4,1024.0,0,180.0,28.0,14.0,1024
240111002,2024-08-22T22:15:00Z,34.50109,17.75288,14.2,315.2,315,CARGO PIONEER,9011002,CALL2,1001.0,0,180.0,28.0,14.0,1001
240111003,2024-08-22T22:15:00Z,35.1,18.83875,11.9,90.7,90,BLUE HORIZON,9011003,CALL3,1001.0,0,180.0,28.0,14.0,1001
240111004,2024-08-22T22:15:00Z,34.04883,18.18926,15.0,224.5,225,GAS TRADER,9011004,CALL4,1024.0,0,180.0,28.0,14.0,1024
240111001,2024-08-22T22:15:00Z,34.05505,17.76772,13.5,45.4,45,AEGEAN VOYAGER,9011001,CALL1,1004.0,0,240.0,38.0,14.0,1004
240111004,2024-08-22T22:20:00Z,34.0341,18.17148,15.0,224.9,225,GAS TRADER,9011004,CALL4,1024.0,0,180.0,28.0,14.0,1024
240111001,2024-08-22T22:20:00Z,34.06831,17.78372,13.6,45.4,45,AEGEAN VOYAGER,9011001,CALL1,1004.0,0,240.0,38.0,14.0,1004
240111003,2024-08-22T22:20:00Z,35.1,18.85912,11.9,90.2,90,BLUE HORIZON,9011003,CALL3,1001.0,0,180.0,28.0,14.0,1001
240111002,2024-08-22T22:20:00Z,34.51484,17.7362,14.1,315.4,315,CARGO PIONEER,9011002,CALL2,1001.0,0,180.0,28.0,14.0,1001
240111003,2024-08-22T22:25:00Z,35.1,18.87949,11.8,90.4,90,BLUE HORIZON,9011003,CALL3,1001.0,0,180.0,28.0,14.0,1001
240111004,2024-08-22T22:25:00Z,34.01937,18.15371,15.0,224.4,225,GAS TRADER,9011004,CALL4,1024.0,0,180.0,28.0,14.0,1024
240111002,2024-08-22T22:25:00Z,34.52859,17.71952,14.0,314.2,315,CARGO PIONEER,9011002,CALL2,1001.0,0,180.0,28.0,14.0,1001
240111001,2024-08-22T22:25:00Z,34.08157,17.79972,13.6,44.7,45,AEGEAN VOYAGER,9011001,CALL1,1004.0,0,240.0,38.0,14.0,1004
240111003,2024-08-22T22:30:00Z,35.1,18.89985,12.0,90.1,90,BLUE HORIZON,9011003,CALL3,1001.0,0,180.0,28.0,14.0,1001
240111002,2024-08-22T22:30:00Z,34.54233,17.70283,14.1,314.7,315,CARGO PIONEER,9011002,CALL2,1001.0,0,180.0,28.0,14.0,1001
240111004,2024-08-22T22:30:00Z,34.00464,18.13594,15.0,224.8,225,GAS TRADER,9011004,CALL4,1024.0,0,180.0,28.0,14.0,1024
240111001,2024-08-22T22:30:00Z,34.09482,17.81573,13.5,46.0,45,AEGEAN VOYAGER,9011001,CALL1,1004.0,0,240.0,38.0,14.0,1004
240111001,2024-08-22T22:35:00Z,34.10808,17.83173,13.6,46.3,45,AEGEAN VOYAGER,9011001,CALL1,1004.0,0,240.0,38.0,14.0,1004
240111002,2024-08-22T22:35:00Z,34.55608,17.68614,14.0,315.1,315,CARGO PIONEER,9011002,CALL2,1001.0,0,180.0,28.0,14.0,1001
240111004,2024-08-22T22:35:00Z,33.98991,18.11817,15.2,224.5,225,GAS TRADER,9011004,CALL4,1024.0,0,180.0,28.0,14.0,1024
240111003,2024-08-22T22:35:00Z,35.1,18.92022,12.1,89.8,90,BLUE HORIZON,9011003,CALL3,1001.0,0,180.0,28.0,14.0,1001
240111003,2024-08-22T22:40:00Z,35.1,18.94059,12.0,89.8,90,BLUE HORIZON,9011003,CALL3,1001.0,0,180.0,28.0,14.0,1001
240111001,2024-08-22T22:40:00Z,34.12133,17.84774,13.6,44.8,45,AEGEAN VOYAGER,9011001,CALL1,1004.0,0,240.0,38.0,14.0,1004
240111004,2024-08-22T22:40:00Z,33.97518,18.1004,15.0,225.5,225,GAS TRADER,9011004,CALL4,1024.0,0,180.0,28.0,14.0,1024
240111002,2024-08-22T22:40:00Z,34.56983,17.66945,13.9,315.5,315,CARGO PIONEER,9011002,CALL2,1001.0,0,180.0,28.0,14.0,1001
240111001,2024-08-22T22:45:00Z,34.13459,17.86376,13.4,45.1,45,AEGEAN VOYAGER,9011001,CALL1,1004.0,0,240.0,38.0,14.0,1004
240111003,2024-08-22T22:45:00Z,35.1,18.96096,12.2,88.7,90,BLUE HORIZON,9011003,CALL3,1001.0,0,180.0,28.0,14.0,1001
240111002,2024-08-22T22:45:00Z,34.58358,17.65276,14.0,313.9,315,CARGO PIONEER,9011002,CALL2,1001.0,0,180.0,28.0,14.0,1001
240111004,2024-08-22T22:45:00Z,33.96045,18.08264,15.3,224.0,225,GAS TRADER,9011004,CALL4,1024.0,0,180.0,28.0,14.0,1024
240111003,2024-08-22T22:50:00Z,35.1,18.98132,12.1,90.8,90,BLUE HORIZON,9011003,CALL3,1001.0,0,180.0,28.0,14.0,1001
240111004,2024-08-22T22:50:00Z,33.94573,18.06488,15.0,225.1,225,GAS TRADER,9011004,CALL4,1024.0,0,180.0,28.0,14.0,1024
240111001,2024-08-22T22:50:00Z,34.14785,17.87977,13.4,44.2,45,AEGEAN VOYAGER,9011001,CALL1,1004.0,0,240.0,38.0,14.0,1004
240111002,2024-08-22T22:50:00Z,34.59732,17.63606,14.1,314.9,315,CARGO PIONEER,9011002,CALL2,1001.0,0,180.0,28.0,14.0,1001
240111003,2024-08-22T22:55:00Z,35.1,19.00169,12.0,90.2,90,BLUE HORIZON,9011003,CALL3,1001.0,0,180.0,28.0,14.0,1001
240111001,2024-08-22T22:55:00Z,34.1611,17.89579,13.4,45.2,45,AEGEAN VOYAGER,9011001,CALL1,1004.0,0,240.0,38.0,14.0,1004
240111002,2024-08-22T22:55:00Z,34.61107,17.61936,14.1,315.0,315,CARGO PIONEER,9011002,CALL2,1001.0,0,180.0,28.0,14.0,1001
240111004,2024-08-22T22:55:00Z,33.931,18.04713,15.1,226.2,225,GAS TRADER,9011004,CALL4,1024.0,0,180.0,28.0,14.0,1024
240111003,2024-08-22T23:00:00Z,35.1,19.02206,12.0,88.9,90,BLUE HORIZON,9011003,CALL3,1001.0,0,180.0,28.0,14.0,1001
240111001,2024-08-22T23:00:00Z,34.17436,17.91181,13.3,45.0,45,AEGEAN VOYAGER,9011001,CALL1,1004.0,0,240.0,38.0,14.0,1004
240111004,2024-08-22T23:00:00Z,33.91627,18.02938,15.2,224.9,225,GAS TRADER,9011004,CALL4,1024.0,0,180.0,28.0,14.0,1024
240111002,2024-08-22T23:00:00Z,34.62482,17.60266,14.0,314.8,315,CARGO PIONEER,9011002,CALL2,1001.0,0,180.0,28.0,14.0,1001
240111001,2024-08-22T23:05:00Z,34.18761,17.92783,13.7,44.5,45,AEGEAN VOYAGER,9011001,CALL1,1004.0,0,240.0,38.0,14.0,1004
240111003,2024-08-22T23:05:00Z,35.1,19.04243,11.9,89.7,90,BLUE HORIZON,9011003,CALL3,1001.0,0,180.0,28.0,14.0,1001
240111004,2024-08-22T23:05:00Z,33.90154,18.01163,15.1,225.2,225,GAS TRADER,9011004,CALL4,1024.0,0,180.0,28.0,14.0,1024
240111002,2024-08-22T23:05:00Z,34.63856,17.58595,13.9,315.4,315,CARGO PIONEER,9011002,CALL2,1001.0,0,180.0,28.0,14.0,1001
240111004,2024-08-22T23:10:00Z,33.88681,17.99388,15.1,225.1,225,GAS TRADER,9011004,CALL4,1024.0,0,180.0,28.0,14.0,1024
240111002,2024-08-22T23:10:00Z,34.65231,17.56924,14.0,314.9,315,CARGO PIONEER,9011002,CALL2,1001.0,0,180.0,28.0,14.0,1001
240111001,2024-08-22T23:10:00Z,34.20087,17.94386,13.6,45.7,45,AEGEAN VOYAGER,9011001,CALL1,1004.0,0,240.0,38.0,14.0,1004
240111003,2024-08-22T23:10:00Z,35.1,19.0628,11.8,88.9,90,BLUE HORIZON,9011003,CALL3,1001.0,0,180.0,28.0,14.0,1001
240111003,2024-08-22T23:15:00Z,35.1,19.08316,12.1,90.1,90,BLUE HORIZON,9011003,CALL3,1001.0,0,180.0,28.0,14.0,1001
240111004,2024-08-22T23:15:00Z,33.87208,17.97614,14.8,224.6,225,GAS TRADER,9011004,CALL4,1024.0,0,180.0,28.0,14.0,1024
240111001,2024-08-22T23:15:00Z,34.21413,17.95988,13.5,44.4,45,AEGEAN VOYAGER,9011001,CALL1,1004.0,0,240.0,38.0,14.0,1004
240111002,2024-08-22T23:15:00Z,34.66606,17.55253,13.9,314.6,315,CARGO PIONEER,9011002,CALL2,1001.0,0,180.0,28.0,14.0,1001
240111002,2024-08-22T23:20:00Z,34.6798,17.53582,13.9,314.9,315,CARGO PIONEER,9011002,CALL2,1001.0,0,180.0,28.0,14.0,1001
240111004,2024-08-22T23:20:00Z,33.85735,17.9584,15.0,225.1,225,GAS TRADER,9011004,CALL4,1024.0,0,180.0,28.0,14.0,1024
240111001,2024-08-22T23:20:00Z,34.22738,17.97591,13.4,45.3,45,AEGEAN VOYAGER,9011001,CALL1,1004.0,0,240.0,38.0,14.0,1004
240111003,2024-08-22T23:20:00Z,35.1,19.10353,12.1,89.8,90,BLUE HORIZON,9011003,CALL3,1001.0,0,180.0,28.0,14.0,1001
240111004,2024-08-22T23:25:00Z,33.84262,17.94067,14.8,225.0,225,GAS TRADER,9011004,CALL4,1024.0,0,180.0,28.0,14.0,1024
240111001,2024-08-22T23:25:00Z,34.24064,17.99195,13.4,44.0,45,AEGEAN VOYAGER,9011001,CALL1,1004.0,0,240.0,38.0,14.0,1004
240111002,2024-08-22T23:25:00Z,34.69355,17.5191,14.0,314.1,315,CARGO PIONEER,9011002,CALL2,1001.0,0,180.0,28.0,14.0,1001
240111003,2024-08-22T23:25:00Z,35.1,19.1239,11.9,90.2,90,BLUE HORIZON,9011003,CALL3,1001.0,0,180.0,28.0,14.0,1001
240111002,2024-08-22T23:30:00Z,34.7073,17.50238,14.1,314.0,315,CARGO PIONEER,9011002,CALL2,1001.0,0,180.0,28.0,14.0,1001
240111003,2024-08-22T23:30:00Z,35.1,19.14427,12.0,90.4,90,BLUE HORIZON,9011003,CALL3,1001.0,0,180.0,28.0,14.0,1001
240111004,2024-08-22T23:30:00Z,33.8279,17.92293,15.1,224.3,225,GAS TRADER,9011004,CALL4,1024.0,0,180.0,28.0,14.0,1024
240111001,2024-08-22T23:30:00Z,34.25389,18.00798,13.7,44.7,45,AEGEAN VOYAGER,9011001,CALL1,1004.0,0,240.0,38.0,14.0,1004
240111003,2024-08-22T23:35:00Z,35.1,19.16463,12.3,90.4,90,BLUE HORIZON,9011003,CALL3,1001.0,0,180.0,28.0,14.0,1001
240111004,2024-08-22T23:35:00Z,33.81317,17.9052,14.9,225.5,225,GAS TRADER,9011004,CALL4,1024.0,0,180.0,28.0,14.0,1024
240111002,2024-08-22T23:35:00Z,34.72104,17.48566,13.9,314.6,315,CARGO PIONEER,9011002,CALL2,1001.0,0,180.0,28.0,14.0,1001
240111001,2024-08-22T23:35:00Z,34.26715,18.02402,13.6,44.3,45,AEGEAN VOYAGER,9011001,CALL1,1004.0,0,240.0,38.0,14.0,1004
240111004,2024-08-22T23:40:00Z,33.79844,17.88747,15.0,225.5,225,GAS TRADER,9011004,CALL4,1024.0,0,180.0,28.0,14.0,1024
240111001,2024-08-22T23:40:00Z,34.28041,18.04006,13.5,45.6,45,AEGEAN VOYAGER,9011001,CALL1,1004.0,0,240.0,38.0,14.0,1004
240111002,2024-08-22T23:40:00Z,34.73479,17.46893,14.2,314.7,315,CARGO PIONEER,9011002,CALL2,1001.0,0,180.0,28.0,14.0,1001
240111003,2024-08-22T23:40:00Z,35.1,19.185,12.0,89.4,90,BLUE HORIZON,9011003,CALL3,1001.0,0,180.0,28.0,14.0,1001
240111003,2024-08-22T23:45:00Z,35.1,19.20537,12.0,90.7,90,BLUE HORIZON,9011003,CALL3,1001.0,0,180.0,28.0,14.0,1001
240111004,2024-08-22T23:45:00Z,33.78371,17.86975,14.9,224.9,225,GAS TRADER,9011004,CALL4,1024.0,0,180.0,28.0,14.0,1024
240111002,2024-08-22T23:45:00Z,34.74854,17.4522,14.0,315.5,315,CARGO PIONEER,9011002,CALL2,1001.0,0,180.0,28.0,14.0,1001
240111001,2024-08-22T23:45:00Z,34.29366,18.0561,13.6,45.0,45,AEGEAN VOYAGER,9011001,CALL1,1004.0,0,240.0,38.0,14.0,1004
240111002,2024-08-22T23:50:00Z,34.76229,17.43547,14.1,316.0,315,CARGO PIONEER,9011002,CALL2,1001.0,0,180.0,28.0,14.0,1001
240111001,2024-08-22T23:50:00Z,34.30692,18.07215,13.4,46.0,45,AEGEAN VOYAGER,9011001,CALL1,1004.0,0,240.0,38.0,14.0,1004
240111003,2024-08-22T23:50:00Z,35.1,19.22574,12.1,90.1,90,BLUE HORIZON,9011003,CALL3,1001.0,0,180.0,28.0,14.0,1001
240111004,2024-08-22T23:50:00Z,33.76898,17.85203,15.0,224.8,225,GAS TRADER,9011004,CALL4,1024.0,0,180.0,28.0,14.0,1024
240111001,2024-08-22T23:55:00Z,34.32017,18.08819,13.5,44.0,45,AEGEAN VOYAGER,9011001,CALL1,1004.0,0,240.0,38.0,14.0,1004
240111002,2024-08-22T23:55:00Z,34.77603,17.41874,14.1,315.7,315,CARGO PIONEER,9011002,CALL2,1001.0,0,180.0,28.0,14.0,1001
240111004,2024-08-22T23:55:00Z,33.75425,17.83431,15.1,224.5,225,GAS TRADER,9011004,CALL4,1024.0,0,180.0,28.0,14.0,1024
240111003,2024-08-22T23:55:00Z,35.1,19.2461,12.0,89.0,90,BLUE HORIZON,9011003,CALL3,1001.0,0,180.0,28.0,14.0,1001
240111004,2024-08-23T00:00:00Z,33.73952,17.8166,15.2,224.5,225,GAS TRADER,9011004,CALL4,1024.0,0,180.0,28.0,14.0,1024
240111001,2024-08-23T00:00:00Z,34.33343,18.10425,13.6,44.2,45,AEGEAN VOYAGER,9011001,CALL1,1004.0,0,240.0,38.0,14.0,1004
240111003,2024-08-23T00:00:00Z,35.1,19.26647,11.9,90.4,90,BLUE HORIZON,9011003,CALL3,1001.0,0,180.0,28.0,14.0,1001
240111002,2024-08-23T00:00:00Z,34.78978,17.402,14.1,315.7,315,CARGO PIONEER,9011002,CALL2,1001.0,0,180.0,28.0,14.0,1001
240111002,2024-08-23T00:05:00Z,34.80353,17.38527,13.9,315.2,315,CARGO PIONEER,9011002,CALL2,1001.0,0,180.0,28.0,14.0,1001
240111003,2024-08-23T00:05:00Z,35.1,19.28684,11.9,90.1,90,BLUE HORIZON,9011003,CALL3,1001.0,0,180.0,28.0,14.0,1001
240111004,2024-08-23T00:05:00Z,33.72479,17.79888,14.8,224.7,225,GAS TRADER,9011004,CALL4,1024.0,0,180.0,28.0,14.0,1024
240111001,2024-08-23T00:05:00Z,34.34669,18.1203,13.5,45.0,45,AEGEAN VOYAGER,9011001,CALL1,1004.0,0,240.0,38.0,14.0,1004
240111002,2024-08-23T00:10:00Z,34.81727,17.36852,13.9,314.9,315,CARGO PIONEER,9011002,CALL2,1001.0,0,180.0,28.0,14.0,1001
240111004,2024-08-23T00:10:00Z,33.71006,17.78117,14.9,225.0,225,GAS TRADER,9011004,CALL4,1024.0,0,180.0,28.0,14.0,1024
240111001,2024-08-23T00:10:00Z,34.35994,18.13635,13.4,45.1,45,AEGEAN VOYAGER,9011001,CALL1,1004.0,0,240.0,38.0,14.0,1004
240111003,2024-08-23T00:10:00Z,35.1,19.30721,12.1,89.5,90,BLUE HORIZON,9011003,CALL3,1001.0,0,180.0,28.0,14.0,1001
240111004,2024-08-23T00:15:00Z,33.69534,17.76347,14.9,224.5,225,GAS TRADER,9011004,CALL4,1024.0,0,180.0,28.0,14.0,1024
240111003,2024-08-23T00:15:00Z,35.1,19.32758,12.1,89.8,90,BLUE HORIZON,9011003,CALL3,1001.0,0,180.0,28.0,14.0,1001
240111001,2024-08-23T00:15:00Z,34.3732,18.15241,13.5,45.3,45,AEGEAN VOYAGER,9011001,CALL1,1004.0,0,240.0,38.0,14.0,1004
240111002,2024-08-23T00:15:00Z,34.83102,17.35178,14.1,314.8,315,CARGO PIONEER,9011002,CALL2,1001.0,0,180.0,28.0,14.0,1001
240111002,2024-08-23T00:20:00Z,34.84477,17.33503,14.0,313.9,315,CARGO PIONEER,9011002,CALL2,1001.0,0,180.0,28.0,14.0,1001
240111004,2024-08-23T00:20:00Z,33.68061,17.74577,15.0,224.8,225,GAS TRADER,9011004,CALL4,1024.0,0,180.0,28.0,14.0,1024
240111003,2024-08-23T00:20:00Z,35.1,19.34794,12.0,90.2,90,BLUE HORIZON,9011003,CALL3,1001.0,0,180.0,28.0,14.0,1001
240111001,2024-08-23T00:20:00Z,34.38645,18.16847,13.6,45.2,45,AEGEAN VOYAGER,9011001,CALL1,1004.0,0,240.0,38.0,14.0,1004
240111002,2024-08-23T00:25:00Z,34.85851,17.31828,14.0,316.3,315,CARGO PIONEER,9011002,CALL2,1001.0,0,180.0,28.0,14.0,1001
240111003,2024-08-23T00:25:00Z,35.1,19.36831,12.0,89.9,90,BLUE HORIZON,9011003,CALL3,1001.0,0,180.0,28.0,14.0,1001
240111001,2024-08-23T00:25:00Z,34.39971,18.18453,13.5,44.7,45,AEGEAN VOYAGER,9011001,CALL1,1004.0,0,240.0,38.0,14.0,1004
240111004,2024-08-23T00:25:00Z,33.66588,17.72807,14.8,225.0,225,GAS TRADER,9011004,CALL4,1024.0,0,180.0,28.0,14.0,1024
240111001,2024-08-23T00:30:00Z,34.41297,18.2006,13.6,44.7,45,AEGEAN VOYAGER,9011001,CALL1,1004.0,0,240.0,38.0,14.0,1004
240111004,2024-08-23T00:30:00Z,33.65115,17.71037,15.0,225.2,225,GAS TRADER,9011004,CALL4,1024.0,0,180.0,28.0,14.0,1024
240111002,2024-08-23T00:30:00Z,34.87226,17.30153,13.8,315.1,315,CARGO PIONEER,9011002,CALL2,1001.0,0,180.0,28.0,14.0,1001
240111003,2024-08-23T00:30:00Z,35.1,19.38868,12.0,90.8,90,BLUE HORIZON,9011003,CALL3,1001.0,0,180.0,28.0,14.0,1001
240111004,2024-08-23T00:35:00Z,33.63642,17.69267,15.1,225.8,225,GAS TRADER,9011004,CALL4,1024.0,0,180.0,28.0,14.0,1024
240111001,2024-08-23T00:35:00Z,34.42622,18.21667,13.7,45.0,45,AEGEAN VOYAGER,9011001,CALL1,1004.0,0,240.0,38.0,14.0,1004
240111003,2024-08-23T00:35:00Z,35.1,19.40905,11.9,90.8,90,BLUE HORIZON,9011003,CALL3,1001.0,0,180.0,28.0,14.0,1001
240111002,2024-08-23T00:35:00Z,34.88601,17.28477,13.9,315.2,315,CARGO PIONEER,9011002,CALL2,1001.0,0,180.0,28.0,14.0,1001
240111003,2024-08-23T00:40:00Z,35.1,19.42941,12.0,90.4,90,BLUE HORIZON,9011003,CALL3,1001.0,0,180.0,28.0,14.0,1001
240111002,2024-08-23T00:40:00Z,34.89975,17.26801,14.1,314.4,315,CARGO PIONEER,9011002,CALL2,1001.0,0,180.0,28.0,14.0,1001
240111004,2024-08-23T00:40:00Z,33.62169,17.67498,15.0,224.9,225,GAS TRADER,9011004,CALL4,1024.0,0,180.0,28.0,14.0,1024
240111001,2024-08-23T00:40:00Z,34.43948,18.23274,13.7,44.9,45,AEGEAN VOYAGER,9011001,CALL1,1004.0,0,240.0,38.0,14.0,1004
240111003,2024-08-23T00:45:00Z,35.1,19.44978,11.9,90.0,90,BLUE HORIZON,9011003,CALL3,1001.0,0,180.0,28.0,14.0,1001
240111001,2024-08-23T00:45:00Z,34.45273,18.24881,13.5,45.2,45,AEGEAN VOYAGER,9011001,CALL1,1004.0,0,240.0,38.0,14.0,1004
240111002,2024-08-23T00:45:00Z,34.9135,17.25125,14.0,315.2,315,CARGO PIONEER,9011002,CALL2,1001.0,0,180.0,28.0,14.0,1001
240111004,2024-08-23T00:45:00Z,33.60696,17.6573,15.2,225.0,225,GAS TRADER,9011004,CALL4,1024.0,0,180.0,28.0,14.0,1024
240111003,2024-08-23T00:50:00Z,35.1,19.47015,12.0,89.7,90,BLUE HORIZON,9011003,CALL3,1001.0,0,180.0,28.0,14.0,1001
240111004,2024-08-23T00:50:00Z,33.59223,17.63961,15.0,224.3,225,GAS TRADER,9011004,CALL4,1024.0,0,180.0,28.0,14.0,1024
240111002,2024-08-23T00:50:00Z,34.92725,17.23449,14.1,314.7,315,CARGO PIONEER,9011002,CALL2,1001.0,0,180.0,28.0,14.0,1001
240111001,2024-08-23T00:50:00Z,34.46599,18.26489,13.6,45.7,45,AEGEAN VOYAGER,9011001,CALL1,1004.0,0,240.0,38.0,14.0,1004
240111002,2024-08-23T00:55:00Z,34.941,17.21772,14.0,315.7,315,CARGO PIONEER,9011002,CALL2,1001.0,0,180.0,28.0,14.0,1001
240111004,2024-08-23T00:55:00Z,33.5775,17.62193,14.9,224.8,225,GAS TRADER,9011004,CALL4,1024.0,0,180.0,28.0,14.0,1024
240111003,2024-08-23T00:55:00Z,35.1,19.49052,11.8,89.6,90,BLUE HORIZON,9011003,CALL3,1001.0,0,180.0,28.0,14.0,1001
240111001,2024-08-23T00:55:00Z,34.47925,18.28097,13.5,45.4,45,AEGEAN VOYAGER,9011001,CALL1,1004.0,0,240.0,38.0,14.0,1004
240111004,2024-08-23T01:00:00Z,33.56278,17.60425,14.7,225.6,225,GAS TRADER,9011004,CALL4,1024.0,0,180.0,28.0,14.0,1024
240111003,2024-08-23T01:00:00Z,35.1,19.51088,12.0,90.6,90,BLUE HORIZON,9011003,CALL3,1001.0,0,180.0,28.0,14.0,1001
240111001,2024-08-23T01:00:00Z,34.4925,18.29705,13.6,44.6,45,AEGEAN VOYAGER,9011001,CALL1,1004.0,0,240.0,38.0,14.0,1004
240111002,2024-08-23T01:00:00Z,34.95474,17.20095,14.1,314.5,315,CARGO PIONEER,9011002,CALL2,1001.0,0,180.0,28.0,14.0,1001
240111004,2024-08-23T01:05:00Z,33.54805,17.58657,14.9,225.0,225,GAS TRADER,9011004,CALL4,1024.0,0,180.0,28.0,14.0,1024
240111002,2024-08-23T01:05:00Z,34.96849,17.18418,14.2,315.1,315,CARGO PIONEER,9011002,CALL2,1001.0,0,180.0,28.0,14.0,1001
240111003,2024-08-23T01:05:00Z,35.1,19.53125,11.9,89.6,90,BLUE HORIZON,9011003,CALL3,1001.0,0,180.0,28.0,14.0,1001
240111001,2024-08-23T01:05:00Z,34.50576,18.31313,13.5,44.3,45,AEGEAN VOYAGER,9011001,CALL1,1004.0,0,240.0,38.0,14.0,1004
240111004,2024-08-23T01:10:00Z,33.53332,17.5689,14.9,224.5,225,GAS TRADER,9011004,CALL4,1024.0,0,180.0,28.0,14.0,1024
240111002,2024-08-23T01:10:00Z,34.98224,17.1674,14.2,315.5,315,CARGO PIONEER,9011002,CALL2,1001.0,0,180.0,28.0,14.0,1001
240111003,2024-08-23T01:10:00Z,35.1,19.55162,12.2,89.9,90,BLUE HORIZON,9011003,CALL3,1001.0,0,180.0,28.0,14.0,1001
240111001,2024-08-23T01:10:00Z,34.51901,18.32922,13.4,44.9,45,AEGEAN VOYAGER,9011001,CALL1,1004.0,0,240.0,38.0,14.0,1004
240111002,2024-08-23T01:15:00Z,34.99598,17.15063,14.2,315.2,315,CARGO PIONEER,9011002,CALL2,1001.0,0,180.0,28.0,14.0,1001
240111001,2024-08-23T01:15:00Z,34.53227,18.34531,13.6,45.0,45,AEGEAN VOYAGER,9011001,CALL1,1004.0,0,240.0,38.0,12.2,1004
240111004,2024-08-23T01:15:00Z,33.51859,17.55123,15.1,224.7,225,GAS TRADER,9011004,CALL4,1024.0,0,180.0,28.0,14.0,1024
240111003,2024-08-23T01:15:00Z,35.1,19.57199,11.9,89.2,90,BLUE HORIZON,9011003,CALL3,1001.0,0,180.0,28.0,14.0,1001
240111002,2024-08-23T01:20:00Z,35.00973,17.13384,13.7,315.8,315,CARGO PIONEER,9011002,CALL2,1001.0,0,180.0,28.0,14.0,1001
240111003,2024-08-23T01:20:00Z,35.1,19.59235,12.1,90.4,90,BLUE HORIZON,9011003,CALL3,1001.0,0,180.0,28.0,14.0,1001
240111001,2024-08-23T01:20:00Z,34.54553,18.3614,13.6,44.9,45,AEGEAN VOYAGER,9011001,CALL1,1004.0,0,240.0,38.0,12.2,1004
240111004,2024-08-23T01:20:00Z,33.50386,17.53357,15.0,224.1,225,GAS TRADER,9011004,CALL4,1024.0,0,180.0,28.0,14.0,1024
240111002,2024-08-23T01:25:00Z,35.02348,17.11706,14.0,315.1,315,CARGO PIONEER,9011002,CALL2,1001.0,0,180.0,28.0,14.0,1001
240111003,2024-08-23T01:25:00Z,35.1,19.61272,12.0,89.5,90,BLUE HORIZON,9011003,CALL3,1001.0,0,180.0,28.0,14.0,1001
240111004,2024-08-23T01:25:00Z,33.48913,17.5159,15.0,225.1,225,GAS TRADER,9011004,CALL4,1024.0,0,180.0,28.0,14.0,1024
240111001,2024-08-23T01:25:00Z,34.55878,18.37749,13.6,44.3,45,AEGEAN VOYAGER,9011001,CALL1,1004.0,0,240.0,38.0,12.2,1004
240111003,2024-08-23T01:30:00Z,35.1,19.63309,12.0,89.9,90,BLUE HORIZON,9011003,CALL3,1001.0,0,180.0,28.0,14.0,1001
240111001,2024-08-23T01:30:00Z,34.57204,18.39359,13.5,44.7,45,AEGEAN VOYAGER,9011001,CALL1,1004.0,0,240.0,38.0,12.2,1004
240111002,2024-08-23T01:30:00Z,35.03722,17.10027,13.9,314.2,315,CARGO PIONEER,9011002,CALL2,1001.0,0,180.0,28.0,14.0,1001
240111004,2024-08-23T01:30:00Z,33.4744,17.49824,15.0,225.5,225,GAS TRADER,9011004,CALL4,1024.0,0,180.0,28.0,14.0,1024
240111004,2024-08-23T01:35:00Z,33.45967,17.48058,15.2,225.1,225,GAS TRADER,9011004,CALL4,1024.0,0,180.0,28.0,14.0,1024
240111001,2024-08-23T01:35:00Z,34.58529,18.40969,13.6,44.7,45,AEGEAN VOYAGER,9011001,CALL1,1004.0,0,240.0,38.0,12.2,1004
240111003,2024-08-23T01:35:00Z,35.1,19.65346,11.9,89.4,90,BLUE HORIZON,9011003,CALL3,1001.0,0,180.0,28.0,14.0,1001
240111002,2024-08-23T01:35:00Z,35.05097,17.08348,14.0,315.7,315,CARGO PIONEER,9011002,CALL2,1001.0,0,180.0,28.0,14.0,1001
240111004,2024-08-23T01:40:00Z,33.44494,17.46293,15.1,225.0,225,GAS TRADER,9011004,CALL4,1024.0,0,180.0,28.0,14.0,1024
240111001,2024-08-23T01:40:00Z,34.59855,18.42579,13.4,44.4,45,AEGEAN VOYAGER,9011001,CALL1,1004.0,0,240.0,38.0,12.2,1004
240111002,2024-08-23T01:40:00Z,35.06472,17.06669,14.0,315.3,315,CARGO PIONEER,9011002,CALL2,1001.0,0,180.0,28.0,14.0,1001
240111003,2024-08-23T01:40:00Z,35.1,19.67383,12.0,89.9,90,BLUE HORIZON,9011003,CALL3,1001.0,0,180.0,28.0,14.0,1001
240111003,2024-08-23T01:45:00Z,35.1,19.69419,12.1,90.0,90,BLUE HORIZON,9011003,CALL3,1001.0,0,180.0,28.0,14.0,1001
240111001,2024-08-23T01:45:00Z,34.61181,18.44189,13.6,44.7,45,AEGEAN VOYAGER,9011001,CALL1,1004.0,0,240.0,38.0,12.2,1004
240111002,2024-08-23T01:45:00Z,35.07847,17.0499,14.0,315.3,315,CARGO PIONEER,9011002,CALL2,1001.0,0,180.0,28.0,14.0,1001
240111004,2024-08-23T01:45:00Z,33.43022,17.44528,14.9,225.4,225,GAS TRADER,9011004,CALL4,1024.0,0,180.0,28.0,14.0,1024
240111001,2024-08-23T01:50:00Z,34.62506,18.458,13.5,44.1,45,AEGEAN VOYAGER,9011001,CALL1,1004.0,0,240.0,38.0,12.2,1004
240111003,2024-08-23T01:50:00Z,35.1,19.71456,12.0,89.9,90,BLUE HORIZON,9011003,CALL3,1001.0,0,180.0,28.0,14.0,1001
240111002,2024-08-23T01:50:00Z,35.09221,17.0331,14.0,313.8,315,CARGO PIONEER,9011002,CALL2,1001.0,0,180.0,28.0,14.0,1001
240111004,2024-08-23T01:50:00Z,33.41549,17.42763,15.1,225.4,225,GAS TRADER,9011004,CALL4,1024.0,0,180.0,28.0,14.0,1024
240111004,2024-08-23T01:55:00Z,33.40076,17.40998,15.1,226.1,225,GAS TRADER,9011004,CALL4,1024.0,0,180.0,28.0,14.0,1024
240111003,2024-08-23T01:55:00Z,35.1,19.73493,12.1,90.3,90,BLUE HORIZON,9011003,CALL3,1001.0,0,180.0,28.0,14.0,1001
240111002,2024-08-23T01:55:00Z,35.10596,17.0163,14.0,314.7,315,CARGO PIONEER,9011002,CALL2,1001.0,0,180.0,28.0,14.0,1001
240111001,2024-08-23T01:55:00Z,34.63832,18.47411,13.5,45.0,45,AEGEAN VOYAGER,9011001,CALL1,1004.0,0,240.0,38.0,12.2,1004
240111003,2024-08-23T02:00:00Z,35.1,19.7553,11.8,90.0,90,BLUE HORIZON,9011003,CALL3,1001.0,0,180.0,28.0,14.0,1001
240111004,2024-08-23T02:00:00Z,33.38603,17.39234,14.9,225.2,225,GAS TRADER,9011004,CALL4,1024.0,0,180.0,28.0,14.0,1024
240111002,2024-08-23T02:00:00Z,35.11971,16.99949,14.1,315.6,315,CARGO PIONEER,9011002,CALL2,1001.0,0,180.0,28.0,14.0,1001
240111001,2024-08-23T02:00:00Z,34.65157,18.49022,13.4,45.6,45,AEGEAN VOYAGER,9011001,CALL1,1004.0,0,240.0,38.0,12.2,1004
240111004,2024-08-23T02:05:00Z,33.3713,17.3747,15.0,225.7,225,GAS TRADER,9011004,CALL4,1024.0,0,180.0,28.0,14.0,1024
240111002,2024-08-23T02:05:00Z,35.13345,16.98269,14.0,314.1,315,CARGO PIONEER,9011002,CALL2,1001.0,0,180.0,28.0,14.0,1001
240111003,2024-08-23T02:05:00Z,35.1,19.77566,11.9,90.6,90,BLUE HORIZON,9011003,CALL3,1001.0,0,180.0,28.0,14.0,1001
240111001,2024-08-23T02:05:00Z,34.66483,18.50633,13.6,44.4,45,AEGEAN VOYAGER,9011001,CALL1,1004.0,0,240.0,38.0,12.2,1004
240111004,2024-08-23T02:10:00Z,33.35657,17.35706,15.1,225.2,225,GAS TRADER,9011004,CALL4,1024.0,0,180.0,28.0,14.0,1024
240111002,2024-08-23T02:10:00Z,35.1472,16.96588,14.0,314.5,315,CARGO PIONEER,9011002,CALL2,1001.0,0,180.0,28.0,14.0,1001
240111001,2024-08-23T02:10:00Z,34.67809,18.52245,13.4,45.0,45,AEGEAN VOYAGER,9011001,CALL1,1004.0,0,240.0,38.0,12.2,1004
240111003,2024-08-23T02:10:00Z,35.1,19.79603,11.9,89.2,90,BLUE HORIZON,9011003,CALL3,1001.0,0,180.0,28.0,14.0,1001
240111001,2024-08-23T02:15:00Z,34.69134,18.53857,13.7,45.0,45,AEGEAN VOYAGER,9011001,CALL1,1004.0,0,240.0,38.0,12.2,1004
240111003,2024-08-23T02:15:00Z,35.1,19.8164,12.1,89.9,90,BLUE HORIZON,9011003,CALL3,1001.0,0,180.0,28.0,14.0,1001
240111002,2024-08-23T02:15:00Z,35.16095,16.94907,14.0,315.9,315,CARGO PIONEER,9011002,CALL2,1001.0,0,180.0,28.0,14.0,1001
240111004,2024-08-23T02:15:00Z,33.34184,17.33943,15.0,225.8,225,GAS TRADER,9011004,CALL4,1024.0,0,180.0,28.0,14.0,1024
240111003,2024-08-23T02:20:00Z,35.1,19.83677,12.2,90.0,90,BLUE HORIZON,9011003,CALL3,1001.0,0,180.0,28.0,14.0,1001
240111002,2024-08-23T02:20:00Z,35.17469,16.93225,13.7,315.1,315,CARGO PIONEER,9011002,CALL2,1001.0,0,180.0,28.0,14.0,1001
240111001,2024-08-23T02:20:00Z,34.7046,18.55469,13.4,45.3,45,AEGEAN VOYAGER,9011001,CALL1,1004.0,0,240.0,38.0,12.2,1004
240111004,2024-08-23T02:20:00Z,33.32711,17.3218,14.9,225.0,225,GAS TRADER,9011004,CALL4,1024.0,0,180.0,28.0,14.0,1024
240111002,2024-08-23T02:25:00Z,35.18844,16.91543,14.1,315.9,315,CARGO PIONEER,9011002,CALL2,1001.0,0,180.0,28.0,14.0,1001
240111003,2024-08-23T02:25:00Z,35.1,19.85713,12.1,88.6,90,BLUE HORIZON,9011003,CALL3,1001.0,0,180.0,28.0,14.0,1001
240111001,2024-08-23T02:25:00Z,34.71785,18.57081,13.5,45.3,45,AEGEAN VOYAGER,9011001,CALL1,1004.0,0,240.0,38.0,12.2,1004
240111004,2024-08-23T02:25:00Z,33.31239,17.30417,15.1,224.8,225,GAS TRADER,9011004,CALL4,1024.0,0,180.0,28.0,14.0,1024
240111003,2024-08-23T02:30:00Z,35.1,19.8775,12.0,89.7,90,BLUE HORIZON,9011003,CALL3,1001.0,0,180.0,28.0,14.0,1001
240111002,2024-08-23T02:30:00Z,35.20219,16.89861,14.0,314.7,315,CARGO PIONEER,9011002,CALL2,1001.0,0,180.0,28.0,14.0,1001
240111001,2024-08-23T02:30:00Z,34.73111,18.58694,13.4,45.3,45,AEGEAN VOYAGER,9011001,CALL1,1004.0,0,240.0,38.0,12.2,1004
240111004,2024-08-23T02:30:00Z,33.29766,17.28655,14.9,225.3,225,GAS TRADER,9011004,CALL4,1024.0,0,180.0,28.0,14.0,1024
240111004,2024-08-23T02:35:00Z,33.28293,17.26892,15.0,225.1,225,GAS TRADER,9011004,CALL4,1024.0,0,180.0,28.0,14.0,1024
240111002,2024-08-23T02:35:00Z,35.21593,16.88179,14.0,314.8,315,CARGO PIONEER,9011002,CALL2,1001.0,0,180.0,28.0,14.0,1001
240111001,2024-08-23T02:35:00Z,34.74437,18.60307,13.2,45.2,45,AEGEAN VOYAGER,9011001,CALL1,1004.0,0,240.0,38.0,12.2,1004
240111003,2024-08-23T02:35:00Z,35.1,19.89787,11.9,89.6,90,BLUE HORIZON,9011003,CALL3,1001.0,0,180.0,28.0,14.0,1001
240111003,2024-08-23T02:40:00Z,35.1,19.91824,11.9,89.4,90,BLUE HORIZON,9011003,CALL3,1001.0,0,180.0,28.0,14.0,1001
240111004,2024-08-23T02:40:00Z,33.2682,17.25131,15.0,224.5,225,GAS TRADER,9011004,CALL4,1024.0,0,180.0,28.0,14.0,1024
240111002,2024-08-23T02:40:00Z,35.22968,16.86496,14.0,315.2,315,CARGO PIONEER,9011002,CALL2,1001.0,0,180.0,28.0,14.0,1001
240111001,2024-08-23T02:40:00Z,34.75762,18.6192,13.4,44.3,45,AEGEAN VOYAGER,9011001,CALL1,1004.0,0,240.0,38.0,12.2,1004
240111003,2024-08-23T02:45:00Z,35.1,19.93861,12.0,90.7,90,BLUE HORIZON,9011003,CALL3,1001.0,0,180.0,28.0,14.0,1001
240111004,2024-08-23T02:45:00Z,33.25347,17.23369,15.0,225.5,225,GAS TRADER,9011004,CALL4,1024.0,0,180.0,28.0,14.0,1024
240111001,2024-08-23T02:45:00Z,34.77088,18.63534,13.4,44.8,45,AEGEAN VOYAGER,9011001,CALL1,1004.0,0,240.0,38.0,12.2,1004
240111002,2024-08-23T02:45:00Z,35.24343,16.84813,14.2,315.1,315,CARGO PIONEER,9011002,CALL2,1001.0,0,180.0,28.0,14.0,1001
240111001,2024-08-23T02:50:00Z,34.78413,18.65148,13.5,45.2,45,AEGEAN VOYAGER,9011001,CALL1,1004.0,0,240.0,38.0,12.2,1004
240111002,2024-08-23T02:50:00Z,35.25718,16.8313,13.9,314.7,315,CARGO PIONEER,9011002,CALL2,1001.0,0,180.0,28.0,14.0,1001
240111003,2024-08-23T02:50:00Z,35.1,19.95897,12.0,90.7,90,BLUE HORIZON,9011003,CALL3,1001.0,0,180.0,28.0,14.0,1001
240111004,2024-08-23T02:50:00Z,33.23874,17.21608,14.9,225.6,225,GAS TRADER,9011004,CALL4,1024.0,0,180.0,28.0,14.0,1024
240111001,2024-08-23T02:55:00Z,34.79739,18.66762,13.4,45.1,45,AEGEAN VOYAGER,9011001,CALL1,1004.0,0,240.0,38.0,12.2,1004
240111004,2024-08-23T02:55:00Z,33.22401,17.19847,14.9,225.2,225,GAS TRADER,9011004,CALL4,1024.0,0,180.0,28.0,14.0,1024
240111003,2024-08-23T02:55:00Z,35.1,19.97934,11.8,89.2,90,BLUE HORIZON,9011003,CALL3,1001.0,0,180.0,28.0,14.0,1001
240111002,2024-08-23T02:55:00Z,35.27092,16.81447,14.0,315.4,315,CARGO PIONEER,9011002,CALL2,1001.0,0,180.0,28.0,14.0,1001
240111001,2024-08-23T03:00:00Z,34.81065,18.68376,13.4,45.1,45,AEGEAN VOYAGER,9011001,CALL1,1004.0,0,240.0,38.0,12.2,1004
240111004,2024-08-23T03:00:00Z,33.20928,17.18086,15.0,225.6,225,GAS TRADER,9011004,CALL4,1024.0,0,180.0,28.0,14.0,1024
240111002,2024-08-23T03:00:00Z,35.28467,16.79763,13.9,313.7,315,CARGO PIONEER,9011002,CALL2,1001.0,0,180.0,28.0,14.0,1001
240111003,2024-08-23T03:00:00Z,35.1,19.99971,12.0,89.4,90,BLUE HORIZON,9011003,CALL3,1001.0,0,180.0,28.0,14.0,1001
240111001,2024-08-23T03:05:00Z,34.8239,18.6999,13.6,45.5,45,AEGEAN VOYAGER,9011001,CALL1,1004.0,0,240.0,38.0,12.2,1004
240111003,2024-08-23T03:05:00Z,35.1,20.02008,11.9,90.3,90,BLUE HORIZON,9011003,CALL3,1001.0,0,180.0,28.0,14.0,1001
240111004,2024-08-23T03:05:00Z,33.19455,17.16326,14.9,226.0,225,GAS TRADER,9011004,CALL4,1024.0,0,180.0,28.0,14.0,1024
240111002,2024-08-23T03:05:00Z,35.29842,16.78079,13.9,315.0,315,CARGO PIONEER,9011002,CALL2,1001.0,0,180.0,28.0,14.0,1001
240111003,2024-08-23T03:10:00Z,35.1,20.04044,12.0,89.6,90,BLUE HORIZON,9011003,CALL3,1001.0,0,180.0,28.0,14.0,1001
240111004,2024-08-23T03:10:00Z,33.17983,17.14565,15.0,225.7,225,GAS TRADER,9011004,CALL4,1024.0,0,180.0,28.0,14.0,1024
240111001,2024-08-23T03:10:00Z,34.83716,18.71605,13.6,44.4,45,AEGEAN VOYAGER,9011001,CALL1,1004.0,0,240.0,38.0,12.2,1004
240111002,2024-08-23T03:10:00Z,35.31216,16.76394,13.9,315.1,315,CARGO PIONEER,9011002,CALL2,1001.0,0,180.0,28.0,14.0,1001
240111002,2024-08-23T03:15:00Z,35.32591,16.7471,14.2,314.6,315,CARGO PIONEER,9011002,CALL2,1001.0,0,180.0,28.0,14.0,1001
240111004,2024-08-23T03:15:00Z,33.1651,17.12806,15.3,225.2,225,GAS TRADER,9011004,CALL4,1024.0,0,180.0,28.0,14.0,1024
240111001,2024-08-23T03:15:00Z,34.85041,18.7322,13.5,45.5,45,AEGEAN VOYAGER,9011001,CALL1,1004.0,0,240.0,38.0,12.2,1004
240111003,2024-08-23T03:15:00Z,35.1,20.06081,12.1,89.6,90,BLUE HORIZON,9011003,CALL3,1001.0,0,180.0,28.0,14.0,1001
240111003,2024-08-23T03:20:00Z,35.1,20.08118,11.9,90.0,90,BLUE HORIZON,9011003,CALL3,1001.0,0,180.0,28.0,14.0,1001
240111002,2024-08-23T03:20:00Z,35.33966,16.73025,14.1,315.0,315,CARGO PIONEER,9011002,CALL2,1001.0,0,180.0,28.0,14.0,1001
240111004,2024-08-23T03:20:00Z,33.15037,17.11046,15.0,224.9,225,GAS TRADER,9011004,CALL4,1024.0,0,180.0,28.0,14.0,1024
240111001,2024-08-23T03:20:00Z,34.86367,18.74836,13.6,44.3,45,AEGEAN VOYAGER,9011001,CALL1,1004.0,0,240.0,38.0,12.2,1004
240111001,2024-08-23T03:25:00Z,34.87693,18.76451,13.3,45.3,45,AEGEAN VOYAGER,9011001,CALL1,1004.0,0,240.0,38.0,12.2,1004
240111003,2024-08-23T03:25:00Z,35.1,20.10155,11.9,90.4,90,BLUE HORIZON,9011003,CALL3,1001.0,0,180.0,28.0,14.0,1001
240111004,2024-08-23T03:25:00Z,33.13564,17.09287,15.1,226.0,225,GAS TRADER,9011004,CALL4,1024.0,0,180.0,28.0,14.0,1024
240111002,2024-08-23T03:25:00Z,35.3534,16.7134,14.1,315.3,315,CARGO PIONEER,9011002,CALL2,1001.0,0,180.0,28.0,14.0,1001
240111004,2024-08-23T03:30:00Z,33.12091,17.07528,15.1,225.0,225,GAS TRADER,9011004,CALL4,1024.0,0,180.0,28.0,14.0,1024
240111003,2024-08-23T03:30:00Z,35.1,20.12191,12.1,89.7,90,BLUE HORIZON,9011003,CALL3,1001.0,0,180.0,28.0,14.0,1001
240111002,2024-08-23T03:30:00Z,35.36715,16.69654,13.8,314.6,315,CARGO PIONEER,9011002,CALL2,1001.0,0,180.0,28.0,14.0,1001
240111001,2024-08-23T03:30:00Z,34.89018,18.78067,13.6,44.5,45,AEGEAN VOYAGER,9011001,CALL1,1004.0,0,240.0,38.0,12.2,1004
240111001,2024-08-23T03:35:00Z,34.90344,18.79683,13.5,45.1,45,AEGEAN VOYAGER,9011001,CALL1,1004.0,0,240.0,38.0,12.2,1004
240111004,2024-08-23T03:35:00Z,33.10618,17.05769,15.0,225.4,225,GAS TRADER,9011004,CALL4,1024.0,0,180.0,28.0,14.0,1024
240111002,2024-08-23T03:35:00Z,35.3809,16.67968,14.1,315.5,315,CARGO PIONEER,9011002,CALL2,1001.0,0,180.0,28.0,14.0,1001
240111003,2024-08-23T03:35:00Z,35.1,20.14228,12.0,91.0,90,BLUE HORIZON,9011003,CALL3,1001.0,0,180.0,28.0,14.0,1001
240111001,2024-08-23T03:40:00Z,34.91669,18.81299,13.7,44.9,45,AEGEAN VOYAGER,9011001,CALL1,1004.0,0,240.0,38.0,12.2,1004
240111002,2024-08-23T03:40:00Z,35.39464,16.66282,13.9,314.9,315,CARGO PIONEER,9011002,CALL2,1001.0,0,180.0,28.0,14.0,1001
240111004,2024-08-23T03:40:00Z,33.09145,17.04011,15.0,224.3,225,GAS TRADER,9011004,CALL4,1024.0,0,180.0,28.0,14.0,1024
240111003,2024-08-23T03:40:00Z,35.1,20.16265,11.9,90.2,90,BLUE HORIZON,9011003,CALL3,1001.0,0,180.0,28.0,14.0,1001
240111002,2024-08-23T03:45:00Z,35.40839,16.64596,13.9,314.8,315,CARGO PIONEER,9011002,CALL2,1001.0,0,180.0,28.0,14.0,1001
240111003,2024-08-23T03:45:00Z,35.1,20.18302,12.0,89.8,90,BLUE HORIZON,9011003,CALL3,1001.0,0,180.0,28.0,14.0,1001
240111004,2024-08-23T03:45:00Z,33.07672,17.02253,14.9,225.1,225,GAS TRADER,9011004,CALL4,1024.0,0,180.0,28.0,14.0,1024
240111001,2024-08-23T03:45:00Z,34.92995,18.82916,13.6,45.3,45,AEGEAN VOYAGER,9011001,CALL1,1004.0,0,240.0,38.0,12.2,1004
240111004,2024-08-23T03:50:00Z,33.06199,17.00495,15.2,225.4,225,GAS TRADER,9011004,CALL4,1024.0,0,180.0,28.0,14.0,1024
240111001,2024-08-23T03:50:00Z,34.9432,18.84533,13.5,44.4,45,AEGEAN VOYAGER,9011001,CALL1,1004.0,0,240.0,38.0,12.2,1004
240111003,2024-08-23T03:50:00Z,35.1,20.20338,11.9,89.5,90,BLUE HORIZON,9011003,CALL3,1001.0,0,180.0,28.0,14.0,1001
240111002,2024-08-23T03:50:00Z,35.42214,16.62909,14.1,315.2,315,CARGO PIONEER,9011002,CALL2,1001.0,0,180.0,28.0,14.0,1001
240111003,2024-08-23T03:55:00Z,35.1,20.22375,12.0,90.1,90,BLUE HORIZON,9011003,CALL3,1001.0,0,180.0,28.0,14.0,1001
240111002,2024-08-23T03:55:00Z,35.43589,16.61222,14.0,315.3,315,CARGO PIONEER,9011002,CALL2,1001.0,0,180.0,28.0,14.0,1001
240111001,2024-08-23T03:55:00Z,34.95646,18.8615,13.5,45.6,45,AEGEAN VOYAGER,9011001,CALL1,1004.0,0,240.0,38.0,12.2,1004
240111004,2024-08-23T03:55:00Z,33.04727,16.98738,15.0,225.1,225,GAS TRADER,9011004,CALL4,1024.0,0,180.0,28.0,14.0,1024
240111002,2024-08-23T04:00:00Z,35.44963,16.59535,13.9,315.5,315,CARGO PIONEER,9011002,CALL2,1001.0,0,180.0,28.0,14.0,1001
240111003,2024-08-23T04:00:00Z,35.1,20.24412,12.0,90.2,90,BLUE HORIZON,9011003,CALL3,1001.0,0,180.0,28.0,14.0,1001
240111001,2024-08-23T04:00:00Z,34.96972,18.87767,13.5,45.2,45,AEGEAN VOYAGER,9011001,CALL1,1004.0,0,240.0,38.0,12.2,1004
240111004,2024-08-23T04:00:00Z,33.03254,16.96981,15.0,224.8,225,GAS TRADER,9011004,CALL4,1024.0,0,180.0,28.0,14.0,1024
240111004,2024-08-23T04:05:00Z,33.01781,16.95224,14.9,223.7,225,GAS TRADER,9011004,CALL4,1024.0,0,180.0,28.0,14.0,1024
240111001,2024-08-23T04:05:00Z,34.98297,18.89385,13.4,44.1,45,AEGEAN VOYAGER,9011001,CALL1,1004.0,0,240.0,38.0,12.2,1004
240111003,2024-08-23T04:05:00Z,35.1,20.26449,11.8,89.7,90,BLUE HORIZON,9011003,CALL3,1001.0,0,180.0,28.0,14.0,1001
240111002,2024-08-23T04:05:00Z,35.46338,16.57848,14.1,315.1,315,CARGO PIONEER,9011002,CALL2,1001.0,0,180.0,28.0,14.0,1001
240111002,2024-08-23T04:10:00Z,35.47713,16.5616,13.9,314.8,315,CARGO PIONEER,9011002,CALL2,1001.0,0,180.0,28.0,14.0,1001
240111004,2024-08-23T04:10:00Z,33.00308,16.93467,15.0,224.7,225,GAS TRADER,9011004,CALL4,1024.0,0,180.0,28.0,14.0,1024
240111003,2024-08-23T04:10:00Z,35.1,20.28486,12.0,89.9,90,BLUE HORIZON,9011003,CALL3,1001.0,0,180.0,28.0,14.0,1001
240111001,2024-08-23T04:10:00Z,34.99623,18.91003,13.4,45.7,45,AEGEAN VOYAGER,9011001,CALL1,1004.0,0,240.0,38.0,12.2,1004
240111002,2024-08-23T04:15:00Z,35.49087,16.54472,13.9,315.1,315,CARGO PIONEER,9011002,CALL2,1001.0,0,180.0,28.0,14.0,1001
240111003,2024-08-23T04:15:00Z,35.1,20.30522,12.0,89.5,90,BLUE HORIZON,9011003,CALL3,1001.0,0,180.0,28.0,14.0,1001
240111001,2024-08-23T04:15:00Z,35.00948,18.92621,13.5,44.6,45,AEGEAN VOYAGER,9011001,CALL1,1004.0,0,240.0,38.0,12.2,1004
240111004,2024-08-23T04:15:00Z,32.98835,16.91711,14.9,224.8,225,GAS TRADER,9011004,CALL4,1024.0,0,180.0,28.0,14.0,1024
240111003,2024-08-23T04:20:00Z,35.1,20.32559,11.9,90.5,90,BLUE HORIZON,9011003,CALL3,1001.0,0,180.0,28.0,14.0,1001
240111002,2024-08-23T04:20:00Z,35.50462,16.52783,14.0,316.0,315,CARGO PIONEER,9011002,CALL2,1001.0,0,180.0,28.0,14.0,1001
240111001,2024-08-23T04:20:00Z,35.02274,18.9424,13.3,45.9,45,AEGEAN VOYAGER,9011001,CALL1,1004.0,0,240.0,38.0,12.2,1004
240111004,2024-08-23T04:20:00Z,32.97362,16.89955,15.0,223.7,225,GAS TRADER,9011004,CALL4,1024.0,0,180.0,28.0,14.0,1024
240111003,2024-08-23T04:25:00Z,35.1,20.34596,12.1,89.6,90,BLUE HORIZON,9011003,CALL3,1001.0,0,180.0,28.0,14.0,1001
240111001,2024-08-23T04:25:00Z,35.036,18.95858,13.5,45.0,45,AEGEAN VOYAGER,9011001,CALL1,1004.0,0,240.0,38.0,12.2,1004
240111004,2024-08-23T04:25:00Z,32.95889,16.88199,15.0,225.1,225,GAS TRADER,9011004,CALL4,1024.0,0,180.0,28.0,14.0,1024
240111002,2024-08-23T04:25:00Z,35.51837,16.51095,14.2,315.1,315,CARGO PIONEER,9011002,CALL2,1001.0,0,180.0,28.0,14.0,1001
240111002,2024-08-23T04:30:00Z,35.53211,16.49406,14.1,314.5,315,CARGO PIONEER,9011002,CALL2,1001.0,0,180.0,28.0,14.0,1001
240111004,2024-08-23T04:30:00Z,32.94416,16.86444,14.9,225.5,225,GAS TRADER,9011004,CALL4,1024.0,0,180.0,28.0,14.0,1024
240111003,2024-08-23T04:30:00Z,35.1,20.36633,12.1,89.8,90,BLUE HORIZON,9011003,CALL3,1001.0,0,180.0,28.0,14.0,1001
240111001,2024-08-23T04:30:00Z,35.04925,18.97477,13.4,45.6,45,AEGEAN VOYAGER,9011001,CALL1,1004.0,0,240.0,38.0,12.2,1004
240111002,2024-08-23T04:35:00Z,35.54586,16.47716,14.0,314.9,315,CARGO PIONEER,9011002,CALL2,1001.0,0,180.0,28.0,14.0,1001
240111004,2024-08-23T04:35:00Z,32.92943,16.84689,15.0,225.0,225,GAS TRADER,9011004,CALL4,1024.0,0,180.0,28.0,14.0,1024
240111001,2024-08-23T04:35:00Z,35.06251,18.99097,13.5,44.7,45,AEGEAN VOYAGER,9011001,CALL1,1004.0,0,240.0,38.0,12.2,1004
240111003,2024-08-23T04:35:00Z,35.1,20.38669,12.1,89.7,90,BLUE HORIZON,9011003,CALL3,1001.0,0,180.0,28.0,14.0,1001
240111002,2024-08-23T04:40:00Z,35.55961,16.46027,14.1,314.2,315,CARGO PIONEER,9011002,CALL2,1001.0,0,180.0,28.0,14.0,1001
240111004,2024-08-23T04:40:00Z,32.91471,16.82934,14.8,225.1,225,GAS TRADER,9011004,CALL4,1024.0,0,180.0,28.0,14.0,1024
240111001,2024-08-23T04:40:00Z,35.07576,19.00716,13.3,45.2,45,AEGEAN VOYAGER,9011001,CALL1,1004.0,0,240.0,38.0,12.2,1004
240111003,2024-08-23T04:40:00Z,35.1,20.40706,12.2,89.4,90,BLUE HORIZON,9011003,CALL3,1001.0,0,180.0,28.0,14.0,1001
240111004,2024-08-23T04:45:00Z,32.89998,16.81179,15.0,225.0,225,GAS TRADER,9011004,CALL4,1024.0,0,180.0,28.0,14.0,1024
240111001,2024-08-23T04:45:00Z,35.08902,19.02336,13.5,44.5,45,AEGEAN VOYAGER,9011001,CALL1,1004.0,0,240.0,38.0,12.2,1004
240111003,2024-08-23T04:45:00Z,35.1,20.42743,12.1,89.6,90,BLUE HORIZON,9011003,CALL3,1001.0,0,180.0,28.0,14.0,1001
240111002,2024-08-23T04:45:00Z,35.57335,16.44337,14.1,315.7,315,CARGO PIONEER,9011002,CALL2,1001.0,0,180.0,28.0,14.0,1001
240111002,2024-08-23T04:50:00Z,35.5871,16.42647,14.1,315.1,315,CARGO PIONEER,9011002,CALL2,1001.0,0,180.0,28.0,14.0,1001
240111004,2024-08-23T04:50:00Z,32.88525,16.79425,15.1,225.4,225,GAS TRADER,9011004,CALL4,1024.0,0,180.0,28.0,14.0,1024
240111003,2024-08-23T04:50:00Z,35.1,20.4478,12.1,90.2,90,BLUE HORIZON,9011003,CALL3,1001.0,0,180.0,28.0,14.0,1001
240111001,2024-08-23T04:50:00Z,35.10228,19.03956,13.5,44.4,45,AEGEAN VOYAGER,9011001,CALL1,1004.0,0,240.0,38.0,12.2,1004
240111002,2024-08-23T04:55:00Z,35.60085,16.40956,14.0,314.8,315,CARGO PIONEER,9011002,CALL2,1001.0,0,180.0,28.0,14.0,1001
240111001,2024-08-23T04:55:00Z,35.11553,19.05576,13.4,45.6,45,AEGEAN VOYAGER,9011001,CALL1,1004.0,0,240.0,38.0,12.2,1004
240111003,2024-08-23T04:55:00Z,35.1,20.46816,12.1,88.7,90,BLUE HORIZON,9011003,CALL3,1001.0,0,180.0,28.0,14.0,1001
240111004,2024-08-23T04:55:00Z,32.87052,16.77671,15.0,225.6,225,GAS TRADER,9011004,CALL4,1024.0,0,180.0,28.0,14.0,1024
240111003,2024-08-23T05:00:00Z,35.1,20.48853,12.2,90.2,90,BLUE HORIZON,9011003,CALL3,1001.0,0,180.0,28.0,14.0,1001
240111004,2024-08-23T05:00:00Z,32.85579,16.75918,15.0,224.4,225,GAS TRADER,9011004,CALL4,1024.0,0,180.0,28.0,14.0,1024
240111002,2024-08-23T05:00:00Z,35.6146,16.39266,14.0,314.6,315,CARGO PIONEER,9011002,CALL2,1001.0,0,180.0,28.0,14.0,1001
240111001,2024-08-23T05:00:00Z,35.12879,19.07197,13.4,45.0,45,AEGEAN VOYAGER,9011001,CALL1,1004.0,0,240.0,38.0,12.2,1004
240111001,2024-08-23T05:05:00Z,35.14204,19.08817,13.6,45.4,45,AEGEAN VOYAGER,9011001,CALL1,1004.0,0,240.0,38.0,12.2,1004
240111004,2024-08-23T05:05:00Z,32.84106,16.74164,14.9,224.9,225,GAS TRADER,9011004,CALL4,1024.0,0,180.0,28.0,14.0,1024
240111002,2024-08-23T05:05:00Z,35.62834,16.37575,14.1,315.5,315,CARGO PIONEER,9011002,CALL2,1001.0,0,180.0,28.0,14.0,1001
240111003,2024-08-23T05:05:00Z,35.1,20.5089,11.8,90.0,90,BLUE HORIZON,9011003,CALL3,1001.0,0,180.0,28.0,14.0,1001
240111001,2024-08-23T05:10:00Z,35.1553,19.10439,13.4,45.1,45,AEGEAN VOYAGER,9011001,CALL1,1004.0,0,240.0,38.0,12.2,1004
240111003,2024-08-23T05:10:00Z,35.1,20.52927,11.9,90.3,90,BLUE HORIZON,9011003,CALL3,1001.0,0,180.0,28.0,14.0,1001
240111002,2024-08-23T05:10:00Z,35.64209,16.35883,14.1,315.4,315,CARGO PIONEER,9011002,CALL2,1001.0,0,180.0,28.0,14.0,1001
240111004,2024-08-23T05:10:00Z,32.82633,16.72411,15.1,225.3,225,GAS TRADER,9011004,CALL4,1024.0,0,180.0,28.0,14.0,1024
240111001,2024-08-23T05:15:00Z,35.16856,19.1206,13.5,44.6,45,AEGEAN VOYAGER,9011001,CALL1,1004.0,0,240.0,38.0,12.2,1004
240111003,2024-08-23T05:15:00Z,35.1,20.54964,11.9,90.3,90,BLUE HORIZON,9011003,CALL3,1001.0,0,180.0,28.0,14.0,1001
240111002,2024-08-23T05:15:00Z,35.65584,16.34192,14.1,315.6,315,CARGO PIONEER,9011002,CALL2,1001.0,0,180.0,28.0,14.0,1001
240111004,2024-08-23T05:15:00Z,32.8116,16.70658,15.0,224.7,225,GAS TRADER,9011004,CALL4,1024.0,0,180.0,28.0,14.0,1024
240111002,2024-08-23T05:20:00Z,35.66958,16.325,14.0,314.3,315,CARGO PIONEER,9011002,CALL2,1001.0,0,180.0,28.0,14.0,1001
240111003,2024-08-23T05:20:00Z,35.1,20.57,12.0,89.8,90,BLUE HORIZON,9011003,CALL3,1001.0,0,180.0,28.0,14.0,1001
240111001,2024-08-23T05:20:00Z,35.18181,19.13681,13.5,45.5,45,AEGEAN VOYAGER,9011001,CALL1,1004.0,0,240.0,38.0,12.2,1004
240111004,2024-08-23T05:20:00Z,32.79688,16.68906,15.1,225.0,225,GAS TRADER,9011004,CALL4,1024.0,0,180.0,28.0,14.0,1024
240111003,2024-08-23T05:25:00Z,35.1,20.59037,12.0,90.4,90,BLUE HORIZON,9011003,CALL3,1001.0,0,180.0,28.0,14.0,1001
240111001,2024-08-23T05:25:00Z,35.19507,19.15303,13.5,45.2,45,AEGEAN VOYAGER,9011001,CALL1,1004.0,0,240.0,38.0,12.2,1004
240111004,2024-08-23T05:25:00Z,32.78215,16.67154,15.1,225.4,225,GAS TRADER,9011004,CALL4,1024.0,0,180.0,28.0,14.0,1024
240111002,2024-08-23T05:25:00Z,35.68333,16.30808,14.0,315.2,315,CARGO PIONEER,9011002,CALL2,1001.0,0,180.0,28.0,14.0,1001
240111001,2024-08-23T05:30:00Z,35.20832,19.16925,13.8,44.9,45,AEGEAN VOYAGER,9011001,CALL1,1004.0,0,240.0,38.0,12.2,1004
240111003,2024-08-23T05:30:00Z,35.1,20.61074,12.0,90.8,90,BLUE HORIZON,9011003,CALL3,1001.0,0,180.0,28.0,14.0,1001
240111002,2024-08-23T05:30:00Z,35.69708,16.29115,14.1,313.8,315,CARGO PIONEER,9011002,CALL2,1001.0,0,180.0,28.0,14.0,1001
240111004,2024-08-23T05:30:00Z,32.76742,16.65402,14.8,224.8,225,GAS TRADER,9011004,CALL4,1024.0,0,180.0,28.0,14.0,1024
240111002,2024-08-23T05:35:00Z,35.71082,16.27423,14.0,315.0,315,CARGO PIONEER,9011002,CALL2,1001.0,0,180.0,28.0,14.0,1001
240111001,2024-08-23T05:35:00Z,35.22158,19.18548,13.3,45.4,45,AEGEAN VOYAGER,9011001,CALL1,1004.0,0,240.0,38.0,12.2,1004
240111003,2024-08-23T05:35:00Z,35.1,20.63111,12.0,90.2,90,BLUE HORIZON,9011003,CALL3,1001.0,0,180.0,28.0,14.0,1001
240111004,2024-08-23T05:35:00Z,32.75269,16.6365,14.9,225.8,225,GAS TRADER,9011004,CALL4,1024.0,0,180.0,28.0,14.0,1024
240111003,2024-08-23T05:40:00Z,35.1,20.65147,12.0,89.1,90,BLUE HORIZON,9011003,CALL3,1001.0,0,180.0,28.0,14.0,1001
240111004,2024-08-23T05:40:00Z,32.73796,16.61899,15.0,225.2,225,GAS TRADER,9011004,CALL4,1024.0,0,180.0,28.0,14.0,1024
240111002,2024-08-23T05:40:00Z,35.72457,16.2573,13.8,314.5,315,CARGO PIONEER,9011002,CALL2,1001.0,0,180.0,28.0,14.0,1001
240111001,2024-08-23T05:40:00Z,35.23484,19.20171,13.5,44.7,45,AEGEAN VOYAGER,9011001,CALL1,1004.0,0,240.0,38.0,12.2,1004
240111003,2024-08-23T05:45:00Z,35.1,20.67184,12.0,90.4,90,BLUE HORIZON,9011003,CALL3,1001.0,0,180.0,28.0,14.0,1001
240111004,2024-08-23T05:45:00Z,32.72323,16.60148,15.0,224.4,225,GAS TRADER,9011004,CALL4,1024.0,0,180.0,28.0,14.0,1024
240111001,2024-08-23T05:45:00Z,35.24809,19.21793,13.5,44.5,45,AEGEAN VOYAGER,9011001,CALL1,1004.0,0,240.0,38.0,12.2,1004
240111002,2024-08-23T05:45:00Z,35.73832,16.24036,14.0,315.7,315,CARGO PIONEER,9011002,CALL2,1001.0,0,180.0,28.0,14.0,1001
240111002,2024-08-23T05:50:00Z,35.75206,16.22343,14.0,315.1,315,CARGO PIONEER,9011002,CALL2,1001.0,0,180.0,28.0,14.0,1001
240111004,2024-08-23T05:50:00Z,32.7085,16.58397,14.9,224.7,225,GAS TRADER,9011004,CALL4,1024.0,0,180.0,28.0,14.0,1024
240111001,2024-08-23T05:50:00Z,35.26135,19.23417,13.5,44.7,45,AEGEAN VOYAGER,9011001,CALL1,1004.0,0,240.0,38.0,12.2,1004
240111003,2024-08-23T05:50:00Z,35.1,20.69221,11.7,90.4,90,BLUE HORIZON,9011003,CALL3,1001.0,0,180.0,28.0,14.0,1001
240111002,2024-08-23T05:55:00Z,35.76581,16.20649,14.1,314.5,315,CARGO PIONEER,9011002,CALL2,1001.0,0,180.0,28.0,14.0,1001
240111004,2024-08-23T05:55:00Z,32.69377,16.56647,14.9,224.4,225,GAS TRADER,9011004,CALL4,1024.0,0,180.0,28.0,14.0,1024
240111001,2024-08-23T05:55:00Z,35.2746,19.2504,13.4,45.7,45,AEGEAN VOYAGER,9011001,CALL1,1004.0,0,240.0,38.0,12.2,1004
240111003,2024-08-23T05:55:00Z,35.1,20.71258,12.0,90.2,90,BLUE HORIZON,9011003,CALL3,1001.0,0,180.0,28.0,14.0,1001
240111002,2024-08-23T06:00:00Z,35.77956,16.18955,13.9,315.0,315,CARGO PIONEER,9011002,CALL2,1001.0,0,180.0,28.0,14.0,1001
240111004,2024-08-23T06:00:00Z,32.67904,16.54896,14.9,224.5,225,GAS TRADER,9011004,CALL4,1024.0,0,180.0,28.0,14.0,1024
240111003,2024-08-23T06:00:00Z,35.1,20.73294,12.0,89.6,90,BLUE HORIZON,9011003,CALL3,1001.0,0,180.0,28.0,14.0,1001
240111001,2024-08-23T06:00:00Z,35.28786,19.26664,13.6,45.6,45,AEGEAN VOYAGER,9011001,CALL1,1004.0,0,240.0,38.0,12.2,1004
240111003,2024-08-23T06:05:00Z,35.1,20.75331,12.1,90.0,90,BLUE HORIZON,9011003,CALL3,1001.0,0,180.0,28.0,14.0,1001
240111004,2024-08-23T06:05:00Z,32.66432,16.53147,15.0,225.1,225,GAS TRADER,9011004,CALL4,1024.0,0,180.0,28.0,14.0,1024
240111001,2024-08-23T06:05:00Z,35.30112,19.28288,13.4,44.6,45,AEGEAN VOYAGER,9011001,CALL1,1004.0,0,240.0,38.0,12.2,1004
240111002,2024-08-23T06:05:00Z,35.79331,16.1726,14.0,314.7,315,CARGO PIONEER,9011002,CALL2,1001.0,0,180.0,28.0,14.0,1001
240111003,2024-08-23T06:10:00Z,35.1,20.77368,11.9,88.8,90,BLUE HORIZON,9011003,CALL3,1001.0,0,180.0,28.0,14.0,1001
240111004,2024-08-23T06:10:00Z,32.64959,16.51397,14.9,226.2,225,GAS TRADER,9011004,CALL4,1024.0,0,180.0,28.0,14.0,1024
240111001,2024-08-23T06:10:00Z,35.31437,19.29912,13.4,45.3,45,AEGEAN VOYAGER,9011001,CALL1,1004.0,0,240.0,38.0,12.2,1004
240111002,2024-08-23T06:10:00Z,35.80705,16.15565,14.0,316.1,315,CARGO PIONEER,9011002,CALL2,1001.0,0,180.0,28.0,14.0,1001
240111003,2024-08-23T06:15:00Z,35.1,20.79405,11.9,90.7,90,BLUE HORIZON,9011003,CALL3,1001.0,0,180.0,28.0,14.0,1001
240111004,2024-08-23T06:15:00Z,32.63486,16.49648,15.2,225.3,225,GAS TRADER,9011004,CALL4,1024.0,0,180.0,28.0,14.0,1024
240111001,2024-08-23T06:15:00Z,35.32763,19.31537,13.6,45.1,45,AEGEAN VOYAGER,9011001,CALL1,1004.0,0,240.0,38.0,12.2,1004
240111002,2024-08-23T06:15:00Z,35.8208,16.1387,13.9,315.8,315,CARGO PIONEER,9011002,CALL2,1001.0,0,180.0,28.0,14.0,1001
240111004,2024-08-23T06:20:00Z,32.62013,16.47899,15.0,225.0,225,GAS TRADER,9011004,CALL4,1024.0,0,180.0,28.0,14.0,1024
240111002,2024-08-23T06:20:00Z,35.83455,16.12175,14.1,315.4,315,CARGO PIONEER,9011002,CALL2,1001.0,0,180.0,28.0,14.0,1001
240111001,2024-08-23T06:20:00Z,35.34088,19.33161,13.6,45.6,45,AEGEAN VOYAGER,9011001,CALL1,1004.0,0,240.0,38.0,12.2,1004
240111003,2024-08-23T06:20:00Z,35.1,20.81442,12.0,90.8,90,BLUE HORIZON,9011003,CALL3,1001.0,0,180.0,28.0,14.0,1001
240111001,2024-08-23T06:25:00Z,35.35414,19.34786,13.5,45.3,45,AEGEAN VOYAGER,9011001,CALL1,1004.0,0,240.0,38.0,12.2,1004
240111004,2024-08-23T06:25:00Z,32.6054,16.4615,14.9,224.6,225,GAS TRADER,9011004,CALL4,1024.0,0,180.0,28.0,14.0,1024
240111003,2024-08-23T06:25:00Z,35.1,20.83478,12.0,89.2,90,BLUE HORIZON,9011003,CALL3,1001.0,0,180.0,28.0,14.0,1001
240111002,2024-08-23T06:25:00Z,35.84829,16.10479,13.9,314.8,315,CARGO PIONEER,9011002,CALL2,1001.0,0,180.0,28.0,14.0,1001
240111002,2024-08-23T06:30:00Z,35.86204,16.08783,14.1,315.7,315,CARGO PIONEER,9011002,CALL2,1001.0,0,180.0,28.0,14.0,1001
240111004,2024-08-23T06:30:00Z,32.59067,16.44402,14.9,225.2,225,GAS TRADER,9011004,CALL4,1024.0,0,180.0,28.0,14.0,1024
240111003,2024-08-23T06:30:00Z,35.1,20.85515,11.9,89.4,90,BLUE HORIZON,9011003,CALL3,1001.0,0,180.0,28.0,14.0,1001
240111001,2024-08-23T06:30:00Z,35.3674,19.36412,13.4,44.3,45,AEGEAN VOYAGER,9011001,CALL1,1004.0,0,240.0,38.0,12.2,1004
240111002,2024-08-23T06:35:00Z,35.87579,16.07087,13.8,315.6,315,CARGO PIONEER,9011002,CALL2,1001.0,0,180.0,28.0,14.0,1001
240111004,2024-08-23T06:35:00Z,32.57594,16.42653,15.0,225.1,225,GAS TRADER,9011004,CALL4,1024.0,0,180.0,28.0,14.0,1024
240111003,2024-08-23T06:35:00Z,35.1,20.87552,12.1,89.4,90,BLUE HORIZON,9011003,CALL3,1001.0,0,180.0,28.0,14.0,1001
240111001,2024-08-23T06:35:00Z,35.38065,19.38037,13.5,43.7,45,AEGEAN VOYAGER,9011001,CALL1,1004.0,0,240.0,38.0,12.2,1004
240111004,2024-08-23T06:40:00Z,32.56121,16.40906,15.0,224.3,225,GAS TRADER,9011004,CALL4,1024.0,0,180.0,28.0,14.0,1024
240111002,2024-08-23T06:40:00Z,35.88953,16.05391,13.9,314.2,315,CARGO PIONEER,9011002,CALL2,1001.0,0,180.0,28.0,14.0,1001
240111001,2024-08-23T06:40:00Z,35.39391,19.39663,13.6,45.3,45,AEGEAN VOYAGER,9011001,CALL1,1004.0,0,240.0,38.0,12.2,1004
240111003,2024-08-23T06:40:00Z,35.1,20.89589,12.2,89.6,90,BLUE HORIZON,9011003,CALL3,1001.0,0,180.0,28.0,14.0,1001
240111003,2024-08-23T06:45:00Z,35.1,20.91625,12.1,89.0,90,BLUE HORIZON,9011003,CALL3,1001.0,0,180.0,28.0,14.0,1001
240111004,2024-08-23T06:45:00Z,32.54648,16.39158,15.1,225.2,225,GAS TRADER,9011004,CALL4,1024.0,0,180.0,28.0,14.0,1024
240111002,2024-08-23T06:45:00Z,35.90328,16.03694,14.0,315.5,315,CARGO PIONEER,9011002,CALL2,1001.0,0,180.0,28.0,14.0,1001
240111001,2024-08-23T06:45:00Z,35.40716,19.41289,13.6,45.0,45,AEGEAN VOYAGER,9011001,CALL1,1004.0,0,240.0,38.0,12.2,1004
240111004,2024-08-23T06:50:00Z,32.53176,16.37411,15.0,224.0,225,GAS TRADER,9011004,CALL4,1024.0,0,180.0,28.0,14.0,1024
240111001,2024-08-23T06:50:00Z,35.42042,19.42916,13.3,44.0,45,AEGEAN VOYAGER,9011001,CALL1,1004.0,0,240.0,38.0,12.2,1004
240111003,2024-08-23T06:50:00Z,35.1,20.93662,11.9,89.1,90,BLUE HORIZON,9011003,CALL3,1001.0,0,180.0,28.0,14.0,1001
240111002,2024-08-23T06:50:00Z,35.91703,16.01997,14.0,314.3,315,CARGO PIONEER,9011002,CALL2,1001.0,0,180.0,28.0,14.0,1001
240111002,2024-08-23T06:55:00Z,35.93078,16.00299,14.0,315.7,315,CARGO PIONEER,9011002,CALL2,1001.0,0,180.0,28.0,14.0,1001
240111004,2024-08-23T06:55:00Z,32.51703,16.35664,15.0,224.7,225,GAS TRADER,9011004,CALL4,1024.0,0,180.0,28.0,14.0,1024
240111001,2024-08-23T06:55:00Z,35.43368,19.44542,13.4,45.6,45,AEGEAN VOYAGER,9011001,CALL1,1004.0,0,240.0,38.0,12.2,1004
240111003,2024-08-23T06:55:00Z,35.1,20.95699,11.9,90.7,90,BLUE HORIZON,9011003,CALL3,1001.0,0,180.0,28.0,14.0,1001
240111003,2024-08-23T07:00:00Z,35.1,20.97736,12.1,90.2,90,BLUE HORIZON,9011003,CALL3,1001.0,0,180.0,28.0,14.0,1001
240111001,2024-08-23T07:00:00Z,35.44693,19.46169,13.5,45.1,45,AEGEAN VOYAGER,9011001,CALL1,1004.0,0,240.0,38.0,12.2,1004
240111002,2024-08-23T07:00:00Z,35.94452,15.98601,14.0,315.3,315,CARGO PIONEER,9011002,CALL2,1001.0,0,180.0,28.0,14.0,1001
240111004,2024-08-23T07:00:00Z,32.5023,16.33917,14.9,225.0,225,GAS TRADER,9011004,CALL4,1024.0,0,180.0,28.0,14.0,1024
240111003,2024-08-23T07:05:00Z,35.1,20.99772,11.9,89.7,90,BLUE HORIZON,9011003,CALL3,1001.0,0,180.0,28.0,14.0,1001
240111001,2024-08-23T07:05:00Z,35.46019,19.47796,13.3,45.8,45,AEGEAN VOYAGER,9011001,CALL1,1004.0,0,240.0,38.0,12.2,1004
240111002,2024-08-23T07:05:00Z,35.95827,15.96903,14.0,315.3,315,CARGO PIONEER,9011002,CALL2,1001.0,0,180.0,28.0,14.0,1001
240111004,2024-08-23T07:05:00Z,32.48757,16.32171,14.9,224.7,225,GAS TRADER,9011004,CALL4,1024.0,0,180.0,28.0,14.0,1024
240111004,2024-08-23T07:10:00Z,32.47284,16.30424,14.9,224.5,225,GAS TRADER,9011004,CALL4,1024.0,0,180.0,28.0,14.0,1024
240111002,2024-08-23T07:10:00Z,35.97202,15.95205,14.1,315.6,315,CARGO PIONEER,9011002,CALL2,1001.0,0,180.0,28.0,14.0,1001
240111003,2024-08-23T07:10:00Z,35.1,21.01809,11.9,89.0,90,BLUE HORIZON,9011003,CALL3,1001.0,0,180.0,28.0,14.0,1001
240111001,2024-08-23T07:10:00Z,35.47344,19.49424,13.6,44.8,45,AEGEAN VOYAGER,9011001,CALL1,1004.0,0,240.0,38.0,12.2,1004
240111002,2024-08-23T07:15:00Z,35.98576,15.93506,14.2,315.1,315,CARGO PIONEER,9011002,CALL2,1001.0,0,180.0,28.0,14.0,1001
240111004,2024-08-23T07:15:00Z,32.45811,16.28679,15.2,225.0,225,GAS TRADER,9011004,CALL4,1024.0,0,180.0,28.0,14.0,1024
240111003,2024-08-23T07:15:00Z,35.1,21.03846,12.1,90.6,90,BLUE HORIZON,9011003,CALL3,1001.0,0,180.0,28.0,14.0,1001
240111001,2024-08-23T07:15:00Z,35.4867,19.51052,13.4,45.3,45,AEGEAN VOYAGER,9011001,CALL1,1004.0,0,240.0,38.0,12.2,1004
240111003,2024-08-23T07:20:00Z,35.1,21.05883,11.9,90.0,90,BLUE HORIZON,9011003,CALL3,1001.0,0,180.0,28.0,14.0,1001
240111004,2024-08-23T07:20:00Z,32.44338,16.26933,15.1,225.0,225,GAS TRADER,9011004,CALL4,1024.0,0,180.0,28.0,14.0,1024
240111001,2024-08-23T07:20:00Z,35.49996,19.5268,13.5,44.5,45,AEGEAN VOYAGER,9011001,CALL1,1004.0,0,240.0,38.0,12.2,1004
240111002,2024-08-23T07:20:00Z,35.99951,15.91808,13.9,315.3,315,CARGO PIONEER,9011002,CALL2,1001.0,0,180.0,28.0,14.0,1001
240111004,2024-08-23T07:25:00Z,32.42865,16.25188,15.0,224.9,225,GAS TRADER,9011004,CALL4,1024.0,0,180.0,28.0,14.0,1024
240111001,2024-08-23T07:25:00Z,35.51321,19.54308,13.4,44.6,45,AEGEAN VOYAGER,9011001,CALL1,1004.0,0,240.0,38.0,12.2,1004
240111002,2024-08-23T07:25:00Z,36.01326,15.90108,13.9,314.9,315,CARGO PIONEER,9011002,CALL2,1001.0,0,180.0,28.0,14.0,1001
240111003,2024-08-23T07:25:00Z,35.1,21.07919,12.1,88.9,90,BLUE HORIZON,9011003,CALL3,1001.0,0,180.0,28.0,14.0,1001
240111002,2024-08-23T07:30:00Z,36.027,15.88409,14.2,314.9,315,CARGO PIONEER,9011002,CALL2,1001.0,0,180.0,28.0,14.0,1001
240111003,2024-08-23T07:30:00Z,35.1,21.09956,11.9,90.7,90,BLUE HORIZON,9011003,CALL3,1001.0,0,180.0,28.0,14.0,1001
240111001,2024-08-23T07:30:00Z,35.52647,19.55936,13.6,44.5,45,AEGEAN VOYAGER,9011001,CALL1,1004.0,0,240.0,38.0,12.2,1004
240111004,2024-08-23T07:30:00Z,32.41392,16.23443,15.0,224.6,225,GAS TRADER,9011004,CALL4,1024.0,0,180.0,28.0,14.0,1024
240111004,2024-08-23T07:35:00Z,32.3992,16.21698,14.9,224.7,225,GAS TRADER,9011004,CALL4,1024.0,0,180.0,28.0,14.0,1024
240111001,2024-08-23T07:35:00Z,35.53972,19.57565,13.5,45.5,45,AEGEAN VOYAGER,9011001,CALL1,1004.0,0,240.0,38.0,12.2,1004
240111002,2024-08-23T07:35:00Z,36.04075,15.86709,14.0,314.7,315,CARGO PIONEER,9011002,CALL2,1001.0,0,180.0,28.0,14.0,1001
240111003,2024-08-23T07:35:00Z,35.1,21.11993,12.0,90.6,90,BLUE HORIZON,9011003,CALL3,1001.0,0,180.0,28.0,14.0,1001
240111003,2024-08-23T07:40:00Z,35.1,21.1403,12.0,90.5,90,BLUE HORIZON,9011003,CALL3,1001.0,0,180.0,28.0,14.0,1001
240111001,2024-08-23T07:40:00Z,35.55298,19.59194,13.5,44.6,45,AEGEAN VOYAGER,9011001,CALL1,1004.0,0,240.0,38.0,12.2,1004
240111004,2024-08-23T07:40:00Z,32.38447,16.19954,15.1,225.5,225,GAS TRADER,9011004,CALL4,1024.0,0,180.0,28.0,14.0,1024
240111002,2024-08-23T07:40:00Z,36.0545,15.85009,14.1,315.9,315,CARGO PIONEER,9011002,CALL2,1001.0,0,180.0,28.0,14.0,1001
240111003,2024-08-23T07:45:00Z,35.1,21.16067,12.0,89.9,90,BLUE HORIZON,9011003,CALL3,1001.0,0,180.0,28.0,14.0,1001
240111001,2024-08-23T07:45:00Z,35.56624,19.60824,13.4,45.4,45,AEGEAN VOYAGER,9011001,CALL1,1004.0,0,240.0,38.0,12.2,1004
240111004,2024-08-23T07:45:00Z,32.36974,16.18209,15.0,225.5,225,GAS TRADER,9011004,CALL4,1024.0,0,180.0,28.0,14.0,1024
240111002,2024-08-23T07:45:00Z,36.06824,15.83309,14.0,314.4,315,CARGO PIONEER,9011002,CALL2,1001.0,0,180.0,28.0,14.0,1001
240111001,2024-08-23T07:50:00Z,35.57949,19.62453,13.3,45.6,45,AEGEAN VOYAGER,9011001,CALL1,1004.0,0,240.0,38.0,12.2,1004
240111004,2024-08-23T07:50:00Z,32.35501,16.16466,14.9,225.4,225,GAS TRADER,9011004,CALL4,1024.0,0,180.0,28.0,14.0,1024
240111003,2024-08-23T07:50:00Z,35.1,21.18103,12.1,90.2,90,BLUE HORIZON,9011003,CALL3,1001.0,0,180.0,28.0,14.0,1001
240111002,2024-08-23T07:50:00Z,36.08199,15.81608,14.0,315.1,315,CARGO PIONEER,9011002,CALL2,1001.0,0,180.0,28.0,14.0,1001
240111004,2024-08-23T07:55:00Z,32.34028,16.14722,15.3,225.0,225,GAS TRADER,9011004,CALL4,1024.0,0,180.0,28.0,14.0,1024
240111001,2024-08-23T07:55:00Z,35.59275,19.64083,13.7,44.2,45,AEGEAN VOYAGER,9011001,CALL1,1004.0,0,240.0,38.0,12.2,1004
240111003,2024-08-23T07:55:00Z,35.1,21.2014,12.0,89.5,90,BLUE HORIZON,9011003,CALL3,1001.0,0,180.0,28.0,14.0,1001
240111002,2024-08-23T07:55:00Z,36.09574,15.79907,14.2,315.3,315,CARGO PIONEER,9011002,CALL2,1001.0,0,180.0,28.0,14.0,1001
240111004,2024-08-23T08:00:00Z,32.32555,16.12979,15.1,225.4,225,GAS TRADER,9011004,CALL4,1024.0,0,180.0,28.0,14.0,1024
240111001,2024-08-23T08:00:00Z,35.606,19.65713,13.3,44.9,45,AEGEAN VOYAGER,9011001,CALL1,1004.0,0,240.0,38.0,12.2,1004
240111002,2024-08-23T08:00:00Z,36.10949,15.78206,14.1,314.6,315,CARGO PIONEER,9011002,CALL2,1001.0,0,180.0,28.0,14.0,1001
240111003,2024-08-23T08:00:00Z,35.1,21.22177,12.2,90.3,90,BLUE HORIZON,9011003,CALL3,1001.0,0,180.0,28.0,14.0,1001
240111002,2024-08-23T08:05:00Z,36.12323,15.76504,14.1,315.8,315,CARGO PIONEER,9011002,CALL2,1001.0,0,180.0,28.0,14.0,1001
240111003,2024-08-23T08:05:00Z,35.1,21.24214,11.9,90.0,90,BLUE HORIZON,9011003,CALL3,1001.0,0,180.0,28.0,14.0,1001
240111001,2024-08-23T08:05:00Z,35.61926,19.67344,13.5,45.9,45,AEGEAN VOYAGER,9011001,CALL1,1004.0,0,240.0,38.0,12.2,1004
240111004,2024-08-23T08:05:00Z,32.31082,16.11236,14.8,225.1,225,GAS TRADER,9011004,CALL4,1024.0,0,180.0,28.0,14.0,1024
240111002,2024-08-23T08:10:00Z,36.13698,15.74802,14.0,315.8,315,CARGO PIONEER,9011002,CALL2,1001.0,0,180.0,28.0,14.0,1001
240111004,2024-08-23T08:10:00Z,32.29609,16.09493,14.9,224.7,225,GAS TRADER,9011004,CALL4,1024.0,0,180.0,28.0,14.0,1024
240111003,2024-08-23T08:10:00Z,35.1,21.2625,12.0,90.1,90,BLUE HORIZON,9011003,CALL3,1001.0,0,180.0,28.0,14.0,1001
240111001,2024-08-23T08:10:00Z,35.63252,19.68974,13.4,45.0,45,AEGEAN VOYAGER,9011001,CALL1,1004.0,0,240.0,38.0,12.2,1004
240111002,2024-08-23T08:15:00Z,36.15073,15.731,14.0,315.7,315,CARGO PIONEER,9011002,CALL2,1001.0,0,180.0,28.0,14.0,1001
240111003,2024-08-23T08:15:00Z,35.1,21.28287,12.1,89.9,90,BLUE HORIZON,9011003,CALL3,1001.0,0,180.0,28.0,14.0,1001
240111001,2024-08-23T08:15:00Z,35.64577,19.70605,13.5,43.9,45,AEGEAN VOYAGER,9011001,CALL1,1004.0,0,240.0,38.0,12.2,1004
240111004,2024-08-23T08:15:00Z,32.28136,16.0775,15.1,224.8,225,GAS TRADER,9011004,CALL4,1024.0,0,180.0,28.0,14.0,1024
240111001,2024-08-23T08:20:00Z,35.65903,19.72237,13.7,45.2,45,AEGEAN VOYAGER,9011001,CALL1,1004.0,0,240.0,38.0,12.2,1004
240111002,2024-08-23T08:20:00Z,36.16447,15.71397,13.9,315.2,315,CARGO PIONEER,9011002,CALL2,1001.0,0,180.0,28.0,14.0,1001
240111004,2024-08-23T08:20:00Z,32.26664,16.06008,15.0,225.4,225,GAS TRADER,9011004,CALL4,1024.0,0,180.0,28.0,14.0,1024
240111003,2024-08-23T08:20:00Z,35.1,21.30324,12.1,90.2,90,BLUE HORIZON,9011003,CALL3,1001.0,0,180.0,28.0,14.0,1001
240111004,2024-08-23T08:25:00Z,32.25191,16.04266,14.9,225.1,225,GAS TRADER,9011004,CALL4,1024.0,0,180.0,28.0,14.0,1024
240111003,2024-08-23T08:25:00Z,35.1,21.32361,11.9,89.7,90,BLUE HORIZON,9011003,CALL3,1001.0,0,180.0,28.0,14.0,1001
240111001,2024-08-23T08:25:00Z,35.67228,19.73868,13.4,44.3,45,AEGEAN VOYAGER,9011001,CALL1,1004.0,0,240.0,38.0,12.2,1004
240111002,2024-08-23T08:25:00Z,36.17822,15.69695,14.1,315.6,315,CARGO PIONEER,9011002,CALL2,1001.0,0,180.0,28.0,14.0,1001
240111002,2024-08-23T08:30:00Z,36.19197,15.67992,14.0,315.0,315,CARGO PIONEER,9011002,CALL2,1001.0,0,180.0,28.0,14.0,1001
240111003,2024-08-23T08:30:00Z,35.1,21.34397,11.9,90.7,90,BLUE HORIZON,9011003,CALL3,1001.0,0,180.0,28.0,14.0,1001
240111004,2024-08-23T08:30:00Z,32.23718,16.02525,15.0,224.4,225,GAS TRADER,9011004,CALL4,1024.0,0,180.0,28.0,14.0,1024
240111001,2024-08-23T08:30:00Z,35.68554,19.755,13.5,45.7,45,AEGEAN VOYAGER,9011001,CALL1,1004.0,0,240.0,38.0,12.2,1004
240111003,2024-08-23T08:35:00Z,35.1,21.36434,12.1,89.5,90,BLUE HORIZON,9011003,CALL3,1001.0,0,180.0,28.0,14.0,1001
240111001,2024-08-23T08:35:00Z,35.6988,19.77132,13.5,45.6,45,AEGEAN VOYAGER,9011001,CALL1,1004.0,0,240.0,38.0,12.2,1004
240111002,2024-08-23T08:35:00Z,36.20571,15.66288,14.2,315.5,315,CARGO PIONEER,9011002,CALL2,1001.0,0,180.0,28.0,14.0,1001
240111004,2024-08-23T08:35:00Z,32.22245,16.00784,15.0,224.4,225,GAS TRADER,9011004,CALL4,1024.0,0,180.0,28.0,14.0,1024
240111002,2024-08-23T08:40:00Z,36.21946,15.64585,13.9,315.5,315,CARGO PIONEER,9011002,CALL2,1001.0,0,180.0,28.0,14.0,1001
240111003,2024-08-23T08:40:00Z,35.1,21.38471,12.0,89.6,90,BLUE HORIZON,9011003,CALL3,1001.0,0,180.0,28.0,14.0,1001
240111001,2024-08-23T08:40:00Z,35.71205,19.78764,13.3,44.7,45,AEGEAN VOYAGER,9011001,CALL1,1004.0,0,240.0,38.0,12.2,1004
240111004,2024-08-23T08:40:00Z,32.20772,15.99042,15.1,224.6,225,GAS TRADER,9011004,CALL4,1024.0,0,180.0,28.0,14.0,1024
240111001,2024-08-23T08:45:00Z,35.72531,19.80397,13.6,45.0,45,AEGEAN VOYAGER,9011001,CALL1,1004.0,0,240.0,38.0,12.2,1004
240111002,2024-08-23T08:45:00Z,36.23321,15.62881,13.9,313.9,315,CARGO PIONEER,9011002,CALL2,1001.0,0,180.0,28.0,14.0,1001
240111003,2024-08-23T08:45:00Z,35.1,21.40508,11.9,89.9,90,BLUE HORIZON,9011003,CALL3,1001.0,0,180.0,28.0,14.0,1001
240111004,2024-08-23T08:45:00Z,32.19299,15.97302,15.0,224.5,225,GAS TRADER,9011004,CALL4,1024.0,0,180.0,28.0,14.0,1024
240111001,2024-08-23T08:50:00Z,35.73856,19.8203,13.4,44.1,45,AEGEAN VOYAGER,9011001,CALL1,1004.0,0,240.0,38.0,12.2,1004
240111004,2024-08-23T08:50:00Z,32.17826,15.95561,14.9,225.0,225,GAS TRADER,9011004,CALL4,1024.0,0,180.0,28.0,14.0,1024
240111002,2024-08-23T08:50:00Z,36.24695,15.61176,14.0,314.7,315,CARGO PIONEER,9011002,CALL2,1001.0,0,180.0,28.0,14.0,1001
240111003,2024-08-23T08:50:00Z,35.1,21.42545,12.2,90.0,90,BLUE HORIZON,9011003,CALL3,1001.0,0,180.0,28.0,14.0,1001
240111003,2024-08-23T08:55:00Z,35.1,21.44581,11.9,90.2,90,BLUE HORIZON,9011003,CALL3,1001.0,0,180.0,28.0,14.0,1001
240111001,2024-08-23T08:55:00Z,35.75182,19.83663,13.4,44.8,45,AEGEAN VOYAGER,9011001,CALL1,1004.0,0,240.0,38.0,12.2,1004
240111002,2024-08-23T08:55:00Z,36.2607,15.59472,13.9,314.8,315,CARGO PIONEER,9011002,CALL2,1001.0,0,180.0,28.0,14.0,1001
240111004,2024-08-23T08:55:00Z,32.16353,15.93821,15.0,224.8,225,GAS TRADER,9011004,CALL4,1024.0,0,180.0,28.0,14.0,1024
240111003,2024-08-23T09:00:00Z,35.1,21.46618,11.9,90.1,90,BLUE HORIZON,9011003,CALL3,1001.0,0,180.0,28.0,14.0,1001
240111002,2024-08-23T09:00:00Z,36.27445,15.57767,13.9,316.8,315,CARGO PIONEER,9011002,CALL2,1001.0,0,180.0,28.0,14.0,1001
240111001,2024-08-23T09:00:00Z,35.76508,19.85296,13.5,44.5,45,AEGEAN VOYAGER,9011001,CALL1,1004.0,0,240.0,38.0,12.2,1004
240111004,2024-08-23T09:00:00Z,32.14881,15.92081,15.1,224.3,225,GAS TRADER,9011004,CALL4,1024.0,0,180.0,28.0,14.0,1024
240111001,2024-08-23T09:05:00Z,35.77833,19.8693,13.6,44.6,45,AEGEAN VOYAGER,9011001,CALL1,1004.0,0,240.0,38.0,12.2,1004
240111002,2024-08-23T09:05:00Z,36.2882,15.56062,14.1,314.4,315,CARGO PIONEER,9011002,CALL2,1001.0,0,180.0,28.0,14.0,1001
240111003,2024-08-23T09:05:00Z,35.1,21.48655,12.0,90.3,90,BLUE HORIZON,9011003,CALL3,1001.0,0,180.0,28.0,14.0,1001
240111004,2024-08-23T09:05:00Z,32.13408,15.90342,14.9,225.8,225,GAS TRADER,9011004,CALL4,1024.0,0,180.0,28.0,14.0,1024
240111002,2024-08-23T09:10:00Z,36.30194,15.54356,13.9,314.8,315,CARGO PIONEER,9011002,CALL2,1001.0,0,180.0,28.0,14.0,1001
240111003,2024-08-23T09:10:00Z,35.1,21.50692,12.1,90.4,90,BLUE HORIZON,9011003,CALL3,1001.0,0,180.0,28.0,14.0,1001
240111004,2024-08-23T09:10:00Z,32.11935,15.88602,15.0,224.5,225,GAS TRADER,9011004,CALL4,1024.0,0,180.0,28.0,14.0,1024
240111001,2024-08-23T09:10:00Z,35.79159,19.88564,13.5,44.3,45,AEGEAN VOYAGER,9011001,CALL1,1004.0,0,240.0,38.0,12.2,1004
240111003,2024-08-23T09:15:00Z,35.1,21.52728,12.0,89.3,90,BLUE HORIZON,9011003,CALL3,1001.0,0,180.0,28.0,14.0,1001
240111002,2024-08-23T09:15:00Z,36.31569,15.52651,13.9,315.3,315,CARGO PIONEER,9011002,CALL2,1001.0,0,180.0,28.0,14.0,1001
240111001,2024-08-23T09:15:00Z,35.80484,19.90198,13.4,45.0,45,AEGEAN VOYAGER,9011001,CALL1,1004.0,0,240.0,38.0,12.2,1004
240111004,2024-08-23T09:15:00Z,32.10462,15.86863,15.0,225.4,225,GAS TRADER,9011004,CALL4,1024.0,0,180.0,28.0,14.0,1024
240111001,2024-08-23T09:20:00Z,35.8181,19.91833,13.6,44.2,45,AEGEAN VOYAGER,9011001,CALL1,1004.0,0,240.0,38.0,12.2,1004
240111003,2024-08-23T09:20:00Z,35.1,21.54765,12.1,90.9,90,BLUE HORIZON,9011003,CALL3,1001.0,0,180.0,28.0,14.0,1001
240111004,2024-08-23T09:20:00Z,32.08989,15.85124,14.9,225.6,225,GAS TRADER,9011004,CALL4,1024.0,0,180.0,28.0,14.0,1024
240111002,2024-08-23T09:20:00Z,36.32944,15.50944,14.0,315.0,315,CARGO PIONEER,9011002,CALL2,1001.0,0,180.0,28.0,14.0,1001
240111003,2024-08-23T09:25:00Z,35.1,21.56802,11.9,89.5,90,BLUE HORIZON,9011003,CALL3,1001.0,0,180.0,28.0,14.0,1001
240111004,2024-08-23T09:25:00Z,32.07516,15.83386,15.0,225.2,225,GAS TRADER,9011004,CALL4,1024.0,0,180.0,28.0,14.0,1024
240111001,2024-08-23T09:25:00Z,35.83136,19.93467,13.5,45.8,45,AEGEAN VOYAGER,9011001,CALL1,1004.0,0,240.0,38.0,12.2,1004
240111002,2024-08-23T09:25:00Z,36.34318,15.49238,14.1,314.6,315,CARGO PIONEER,9011002,CALL2,1001.0,0,180.0,28.0,14.0,1001
240111004,2024-08-23T09:30:00Z,32.06043,15.81648,15.1,225.0,225,GAS TRADER,9011004,CALL4,1024.0,0,180.0,28.0,14.0,1024
240111001,2024-08-23T09:30:00Z,35.84461,19.95102,13.4,44.8,45,AEGEAN VOYAGER,9011001,CALL1,1004.0,0,240.0,38.0,12.2,1004
240111003,2024-08-23T09:30:00Z,35.1,21.58839,12.0,90.4,90,BLUE HORIZON,9011003,CALL3,1001.0,0,180.0,28.0,14.0,1001
240111002,2024-08-23T09:30:00Z,36.35693,15.47531,14.0,314.9,315,CARGO PIONEER,9011002,CALL2,1001.0,0,180.0,28.0,14.0,1001
240111001,2024-08-23T09:35:00Z,35.85787,19.96738,13.5,44.7,45,AEGEAN VOYAGER,9011001,CALL1,1004.0,0,240.0,38.0,12.2,1004
240111004,2024-08-23T09:35:00Z,32.0457,15.7991,15.0,225.4,225,GAS TRADER,9011004,CALL4,1024.0,0,180.0,28.0,14.0,1024
240111002,2024-08-23T09:35:00Z,36.37068,15.45824,14.0,315.0,315,CARGO PIONEER,9011002,CALL2,1001.0,0,180.0,28.0,14.0,1001
240111003,2024-08-23T09:35:00Z,35.1,21.60875,12.0,90.1,90,BLUE HORIZON,9011003,CALL3,1001.0,0,180.0,28.0,14.0,1001
240111002,2024-08-23T09:40:00Z,36.38442,15.44117,14.0,314.4,315,CARGO PIONEER,9011002,CALL2,1001.0,0,180.0,28.0,14.0,1001
240111003,2024-08-23T09:40:00Z,35.1,21.62912,12.0,89.7,90,BLUE HORIZON,9011003,CALL3,1001.0,0,180.0,28.0,14.0,1001
240111004,2024-08-23T09:40:00Z,32.03097,15.78172,14.9,225.7,225,GAS TRADER,9011004,CALL4,1024.0,0,180.0,28.0,14.0,1024
240111001,2024-08-23T09:40:00Z,35.87112,19.98373,13.4,44.7,45,AEGEAN VOYAGER,9011001,CALL1,1004.0,0,240.0,38.0,12.2,1004
240111002,2024-08-23T09:45:00Z,36.39817,15.4241,14.2,315.4,315,CARGO PIONEER,9011002,CALL2,1001.0,0,180.0,28.0,14.0,1001
240111003,2024-08-23T09:45:00Z,35.1,21.64949,11.9,90.3,90,BLUE HORIZON,9011003,CALL3,1001.0,0,180.0,28.0,14.0,1001
240111004,2024-08-23T09:45:00Z,32.01625,15.76435,14.9,224.7,225,GAS TRADER,9011004,CALL4,1024.0,0,180.0,28.0,14.0,1024
240111001,2024-08-23T09:45:00Z,35.88438,20.00009,13.5,45.5,45,AEGEAN VOYAGER,9011001,CALL1,1004.0,0,240.0,38.0,12.2,1004
240111002,2024-08-23T09:50:00Z,36.41192,15.40702,14.3,315.4,315,CARGO PIONEER,9011002,CALL2,1001.0,0,180.0,28.0,14.0,1001
240111004,2024-08-23T09:50:00Z,32.00152,15.74698,15.1,225.5,225,GAS TRADER,9011004,CALL4,1024.0,0,180.0,28.0,14.0,1024
240111003,2024-08-23T09:50:00Z,35.1,21.66986,12.1,89.9,90,BLUE HORIZON,9011003,CALL3,1001.0,0,180.0,28.0,14.0,1001
240111001,2024-08-23T09:50:00Z,35.89764,20.01645,13.8,44.7,45,AEGEAN VOYAGER,9011001,CALL1,1004.0,0,240.0,38.0,12.2,1004
240111004,2024-08-23T09:55:00Z,31.98679,15.72961,15.0,224.6,225,GAS TRADER,9011004,CALL4,1024.0,0,180.0,28.0,14.0,1024
240111003,2024-08-23T09:55:00Z,35.1,21.69022,12.2,90.6,90,BLUE HORIZON,9011003,CALL3,1001.0,0,180.0,28.0,14.0,1001
240111001,2024-08-23T09:55:00Z,35.91089,20.03282,13.5,44.9,45,AEGEAN VOYAGER,9011001,CALL1,1004.0,0,240.0,38.0,12.2,1004
240111002,2024-08-23T09:55:00Z,36.42566,15.38994,13.9,314.6,315,CARGO PIONEER,9011002,CALL2,1001.0,0,180.0,28.0,14.0,1001
240111003,2024-08-23T10:00:00Z,35.1,21.71059,11.8,89.3,90,BLUE HORIZON,9011003,CALL3,1001.0,0,180.0,28.0,14.0,1001
240111004,2024-08-23T10:00:00Z,31.97206,15.71224,14.9,224.7,225,GAS TRADER,9011004,CALL4,1024.0,0,180.0,28.0,14.0,1024
240111001,2024-08-23T10:00:00Z,35.92415,20.04918,13.5,45.4,45,AEGEAN VOYAGER,9011001,CALL1,1004.0,0,240.0,38.0,12.2,1004
240111002,2024-08-23T10:00:00Z,36.43941,15.37285,14.1,314.2,315,CARGO PIONEER,9011002,CALL2,1001.0,0,180.0,28.0,14.0,1001
240111003,2024-08-23T10:05:00Z,35.1,21.73096,11.8,90.3,90,BLUE HORIZON,9011003,CALL3,1001.0,0,180.0,28.0,14.0,1001
240111004,2024-08-23T10:05:00Z,31.95733,15.69488,15.0,224.5,225,GAS TRADER,9011004,CALL4,1024.0,0,180.0,28.0,14.0,1024
240111001,2024-08-23T10:05:00Z,35.9374,20.06555,13.6,44.5,45,AEGEAN VOYAGER,9011001,CALL1,1004.0,0,240.0,38.0,12.2,1004
240111002,2024-08-23T10:05:00Z,36.45316,15.35576,13.9,314.4,315,CARGO PIONEER,9011002,CALL2,1001.0,0,180.0,28.0,14.0,1001
240111002,2024-08-23T10:10:00Z,36.46691,15.33867,14.0,314.8,315,CARGO PIONEER,9011002,CALL2,1001.0,0,180.0,28.0,14.0,1001
240111003,2024-08-23T10:10:00Z,35.1,21.75133,12.0,90.0,90,BLUE HORIZON,9011003,CALL3,1001.0,0,180.0,28.0,14.0,1001
240111004,2024-08-23T10:10:00Z,31.9426,15.67752,15.0,224.7,225,GAS TRADER,9011004,CALL4,1024.0,0,180.0,28.0,14.0,1024
240111001,2024-08-23T10:10:00Z,35.95066,20.08193,13.5,44.8,45,AEGEAN VOYAGER,9011001,CALL1,1004.0,0,240.0,38.0,12.2,1004
240111002,2024-08-23T10:15:00Z,36.48065,15.32158,14.0,315.6,315,CARGO PIONEER,9011002,CALL2,1001.0,0,180.0,28.0,14.0,1001
240111001,2024-08-23T10:15:00Z,35.96391,20.0983,13.4,45.5,45,AEGEAN VOYAGER,9011001,CALL1,1004.0,0,240.0,38.0,12.2,1004
240111004,2024-08-23T10:15:00Z,31.92787,15.66016,15.0,224.9,225,GAS TRADER,9011004,CALL4,1024.0,0,180.0,28.0,14.0,1024
240111003,2024-08-23T10:15:00Z,35.1,21.7717,12.1,90.2,90,BLUE HORIZON,9011003,CALL3,1001.0,0,180.0,28.0,14.0,1001
240111004,2024-08-23T10:20:00Z,31.91314,15.64281,15.1,225.2,225,GAS TRADER,9011004,CALL4,1024.0,0,180.0,28.0,14.0,1024
240111002,2024-08-23T10:20:00Z,36.4944,15.30448,13.8,314.3,315,CARGO PIONEER,9011002,CALL2,1001.0,0,180.0,28.0,14.0,1001
240111001,2024-08-23T10:20:00Z,35.97717,20.11468,13.4,44.9,45,AEGEAN VOYAGER,9011001,CALL1,1004.0,0,240.0,38.0,12.2,1004
240111003,2024-08-23T10:20:00Z,35.1,21.79206,11.9,89.7,90,BLUE HORIZON,9011003,CALL3,1001.0,0,180.0,28.0,14.0,1001
240111004,2024-08-23T10:25:00Z,31.89841,15.62546,14.9,225.2,225,GAS TRADER,9011004,CALL4,1024.0,0,180.0,28.0,14.0,1024
240111002,2024-08-23T10:25:00Z,36.50815,15.28738,14.1,315.1,315,CARGO PIONEER,9011002,CALL2,1001.0,0,180.0,28.0,14.0,1001
240111001,2024-08-23T10:25:00Z,35.99043,20.13106,13.5,44.7,45,AEGEAN VOYAGER,9011001,CALL1,1004.0,0,240.0,38.0,12.2,1004
240111003,2024-08-23T10:25:00Z,35.1,21.81243,12.1,91.1,90,BLUE HORIZON,9011003,CALL3,1001.0,0,180.0,28.0,14.0,1001
240111002,2024-08-23T10:30:00Z,36.52189,15.27028,13.9,314.7,315,CARGO PIONEER,9011002,CALL2,1001.0,0,180.0,28.0,14.0,1001
240111003,2024-08-23T10:30:00Z,35.1,21.8328,12.0,90.5,90,BLUE HORIZON,9011003,CALL3,1001.0,0,180.0,28.0,14.0,1001
240111004,2024-08-23T10:30:00Z,31.88369,15.60811,15.0,224.1,225,GAS TRADER,9011004,CALL4,1024.0,0,180.0,28.0,14.0,1024
240111001,2024-08-23T10:30:00Z,36.00368,20.14744,13.4,44.4,45,AEGEAN VOYAGER,9011001,CALL1,1004.0,0,240.0,38.0,12.2,1004
240111002,2024-08-23T10:35:00Z,36.53564,15.25317,14.0,313.9,315,CARGO PIONEER,9011002,CALL2,1001.0,0,180.0,28.0,14.0,1001
240111003,2024-08-23T10:35:00Z,35.1,21.85317,12.1,89.7,90,BLUE HORIZON,9011003,CALL3,1001.0,0,180.0,28.0,14.0,1001
240111001,2024-08-23T10:35:00Z,36.01694,20.16383,13.5,44.3,45,AEGEAN VOYAGER,9011001,CALL1,1004.0,0,240.0,38.0,12.2,1004
240111004,2024-08-23T10:35:00Z,31.86896,15.59076,14.9,223.7,225,GAS TRADER,9011004,CALL4,1024.0,0,180.0,28.0,14.0,1024
240111003,2024-08-23T10:40:00Z,35.1,21.87353,12.0,90.7,90,BLUE HORIZON,9011003,CALL3,1001.0,0,180.0,28.0,14.0,1001
240111002,2024-08-23T10:40:00Z,36.54939,15.23606,14.1,314.9,315,CARGO PIONEER,9011002,CALL2,1001.0,0,180.0,28.0,14.0,1001
240111001,2024-08-23T10:40:00Z,36.03019,20.18022,13.6,45.3,45,AEGEAN VOYAGER,9011001,CALL1,1004.0,0,240.0,38.0,12.2,1004
240111004,2024-08-23T10:40:00Z,31.85423,15.57342,14.9,225.1,225,GAS TRADER,9011004,CALL4,1024.0,0,180.0,28.0,14.0,1024
240111002,2024-08-23T10:45:00Z,36.56313,15.21895,14.0,314.5,315,CARGO PIONEER,9011002,CALL2,1001.0,0,180.0,28.0,14.0,1001
240111003,2024-08-23T10:45:00Z,35.1,21.8939,12.1,89.3,90,BLUE HORIZON,9011003,CALL3,1001.0,0,180.0,28.0,14.0,1001
240111001,2024-08-23T10:45:00Z,36.04345,20.19661,13.6,44.8,45,AEGEAN VOYAGER,9011001,CALL1,1004.0,0,240.0,38.0,12.2,1004
240111004,2024-08-23T10:45:00Z,31.8395,15.55608,15.1,225.3,225,GAS TRADER,9011004,CALL4,1024.0,0,180.0,28.0,14.0,1024
240111002,2024-08-23T10:50:00Z,36.57688,15.20184,14.0,315.1,315,CARGO PIONEER,9011002,CALL2,1001.0,0,180.0,28.0,14.0,1001
240111001,2024-08-23T10:50:00Z,36.05671,20.213,13.5,45.3,45,AEGEAN VOYAGER,9011001,CALL1,1004.0,0,240.0,38.0,12.2,1004
240111003,2024-08-23T10:50:00Z,35.1,21.91427,12.2,89.3,90,BLUE HORIZON,9011003,CALL3,1001.0,0,180.0,28.0,14.0,1001
240111004,2024-08-23T10:50:00Z,31.82477,15.53874,15.1,225.1,225,GAS TRADER,9011004,CALL4,1024.0,0,180.0,28.0,14.0,1024
240111004,2024-08-23T10:55:00Z,31.81004,15.52141,14.9,224.9,225,GAS TRADER,9011004,CALL4,1024.0,0,180.0,28.0,14.0,1024
240111002,2024-08-23T10:55:00Z,36.59063,15.18472,14.0,314.9,315,CARGO PIONEER,9011002,CALL2,1001.0,0,180.0,28.0,14.0,1001
240111003,2024-08-23T10:55:00Z,35.1,21.93464,12.0,89.8,90,BLUE HORIZON,9011003,CALL3,1001.0,0,180.0,28.0,14.0,1001
240111001,2024-08-23T10:55:00Z,36.06996,20.2294,13.5,45.1,45,AEGEAN VOYAGER,9011001,CALL1,1004.0,0,240.0,38.0,12.2,1004
240111001,2024-08-23T11:00:00Z,36.08322,20.2458,13.6,45.3,45,AEGEAN VOYAGER,9011001,CALL1,1004.0,0,240.0,38.0,12.2,1004
240111002,2024-08-23T11:00:00Z,36.60437,15.1676,14.0,314.4,315,CARGO PIONEER,9011002,CALL2,1001.0,0,180.0,28.0,14.0,1001
240111003,2024-08-23T11:00:00Z,35.1,21.955,12.0,90.3,90,BLUE HORIZON,9011003,CALL3,1001.0,0,180.0,28.0,14.0,1001
240111004,2024-08-23T11:00:00Z,31.79531,15.50407,14.9,224.9,225,GAS TRADER,9011004,CALL4,1024.0,0,180.0,28.0,14.0,1024
240111003,2024-08-23T11:05:00Z,35.1,21.97537,11.7,90.7,90,BLUE HORIZON,9011003,CALL3,1001.0,0,180.0,28.0,14.0,1001
240111004,2024-08-23T11:05:00Z,31.78058,15.48674,15.0,225.3,225,GAS TRADER,9011004,CALL4,1024.0,0,180.0,28.0,14.0,1024
240111001,2024-08-23T11:05:00Z,36.09647,20.2622,13.5,45.0,45,AEGEAN VOYAGER,9011001,CALL1,1004.0,0,240.0,38.0,12.2,1004
240111002,2024-08-23T11:05:00Z,36.61812,15.15047,14.0,315.3,315,CARGO PIONEER,9011002,CALL2,1001.0,0,180.0,28.0,14.0,1001
240111002,2024-08-23T11:10:00Z,36.63187,15.13334,14.0,315.2,315,CARGO PIONEER,9011002,CALL2,1001.0,0,180.0,28.0,14.0,1001
240111003,2024-08-23T11:10:00Z,35.1,21.99574,12.0,89.4,90,BLUE HORIZON,9011003,CALL3,1001.0,0,180.0,28.0,14.0,1001
240111004,2024-08-23T11:10:00Z,31.76585,15.46942,14.7,225.4,225,GAS TRADER,9011004,CALL4,1024.0,0,180.0,28.0,14.0,1024
240111001,2024-08-23T11:10:00Z,36.10973,20.27861,13.4,45.2,45,AEGEAN VOYAGER,9011001,CALL1,1004.0,0,240.0,38.0,12.2,1004
240111003,2024-08-23T11:15:00Z,35.1,22.01611,12.0,89.4,90,BLUE HORIZON,9011003,CALL3,1001.0,0,180.0,28.0,14.0,1001
240111001,2024-08-23T11:15:00Z,36.12299,20.29502,13.6,45.0,45,AEGEAN VOYAGER,9011001,CALL1,1004.0,0,240.0,38.0,12.2,1004
240111002,2024-08-23T11:15:00Z,36.64562,15.11621,13.9,314.4,315,CARGO PIONEER,9011002,CALL2,1001.0,0,180.0,28.0,14.0,1001
240111004,2024-08-23T11:15:00Z,31.75113,15.45209,14.9,225.2,225,GAS TRADER,9011004,CALL4,1024.0,0,180.0,28.0,14.0,1024
240111001,2024-08-23T11:20:00Z,36.13624,20.31143,13.5,45.4,45,AEGEAN VOYAGER,9011001,CALL1,1004.0,0,240.0,38.0,12.2,1004
240111004,2024-08-23T11:20:00Z,31.7364,15.43477,15.0,224.6,225,GAS TRADER,9011004,CALL4,1024.0,0,180.0,28.0,14.0,1024
240111003,2024-08-23T11:20:00Z,35.1,22.03648,12.2,90.8,90,BLUE HORIZON,9011003,CALL3,1001.0,0,180.0,28.0,14.0,1001
240111002,2024-08-23T11:20:00Z,36.65936,15.09908,14.0,314.7,315,CARGO PIONEER,9011002,CALL2,1001.0,0,180.0,28.0,14.0,1001
240111001,2024-08-23T11:25:00Z,36.1495,20.32784,13.3,45.4,45,AEGEAN VOYAGER,9011001,CALL1,1004.0,0,240.0,38.0,12.2,1004
240111004,2024-08-23T11:25:00Z,31.72167,15.41745,15.0,225.0,225,GAS TRADER,9011004,CALL4,1024.0,0,180.0,28.0,14.0,1024
240111003,2024-08-23T11:25:00Z,35.1,22.05684,12.0,89.8,90,BLUE HORIZON,9011003,CALL3,1001.0,0,180.0,28.0,14.0,1001
240111002,2024-08-23T11:25:00Z,36.67311,15.08194,13.8,315.6,315,CARGO PIONEER,9011002,CALL2,1001.0,0,180.0,28.0,14.0,1001
240111003,2024-08-23T11:30:00Z,35.1,22.07721,11.9,90.3,90,BLUE HORIZON,9011003,CALL3,1001.0,0,180.0,28.0,14.0,1001
240111001,2024-08-23T11:30:00Z,36.16275,20.34426,13.5,45.3,45,AEGEAN VOYAGER,9011001,CALL1,1004.0,0,240.0,38.0,12.2,1004
240111004,2024-08-23T11:30:00Z,31.70694,15.40014,14.9,225.1,225,GAS TRADER,9011004,CALL4,1024.0,0,180.0,28.0,14.0,1024
240111002,2024-08-23T11:30:00Z,36.68686,15.0648,14.1,314.4,315,CARGO PIONEER,9011002,CALL2,1001.0,0,180.0,28.0,14.0,1001
240111002,2024-08-23T11:35:00Z,36.7006,15.04766,14.1,314.7,315,CARGO PIONEER,9011002,CALL2,1001.0,0,180.0,28.0,14.0,1001
240111004,2024-08-23T11:35:00Z,31.69221,15.38283,14.9,224.6,225,GAS TRADER,9011004,CALL4,1024.0,0,180.0,28.0,14.0,1024
240111003,2024-08-23T11:35:00Z,35.1,22.09758,12.1,90.5,90,BLUE HORIZON,9011003,CALL3,1001.0,0,180.0,28.0,14.0,1001
240111001,2024-08-23T11:35:00Z,36.17601,20.36068,13.3,45.0,45,AEGEAN VOYAGER,9011001,CALL1,1004.0,0,240.0,38.0,12.2,1004
240111004,2024-08-23T11:40:00Z,31.67748,15.36552,15.1,225.2,225,GAS TRADER,9011004,CALL4,1024.0,0,180.0,28.0,14.0,1024
240111003,2024-08-23T11:40:00Z,35.1,22.11795,12.0,90.5,90,BLUE HORIZON,9011003,CALL3,1001.0,0,180.0,28.0,14.0,1001
240111002,2024-08-23T11:40:00Z,36.71435,15.03052,14.0,315.0,315,CARGO PIONEER,9011002,CALL2,1001.0,0,180.0,28.0,14.0,1001
240111001,2024-08-23T11:40:00Z,36.18927,20.3771,13.7,45.6,45,AEGEAN VOYAGER,9011001,CALL1,1004.0,0,240.0,38.0,12.2,1004
240111003,2024-08-23T11:45:00Z,35.1,22.13831,12.2,89.9,90,BLUE HORIZON,9011003,CALL3,1001.0,0,180.0,28.0,14.0,1001
240111002,2024-08-23T11:45:00Z,36.7281,15.01337,14.0,315.3,315,CARGO PIONEER,9011002,CALL2,1001.0,0,180.0,28.0,14.0,1001
240111001,2024-08-23T11:45:00Z,36.20252,20.39352,13.3,44.9,45,AEGEAN VOYAGER,9011001,CALL1,1004.0,0,240.0,38.0,12.2,1004
240111004,2024-08-23T11:45:00Z,31.66275,15.34821,14.9,224.9,225,GAS TRADER,9011004,CALL4,1024.0,0,180.0,28.0,14.0,1024
240111003,2024-08-23T11:50:00Z,35.1,22.15868,12.2,90.4,90,BLUE HORIZON,9011003,CALL3,1001.0,0,180.0,28.0,14.0,1001
240111004,2024-08-23T11:50:00Z,31.64802,15.3309,14.8,225.1,225,GAS TRADER,9011004,CALL4,1024.0,0,180.0,28.0,14.0,1024
240111001,2024-08-23T11:50:00Z,36.21578,20.40995,13.6,45.1,45,AEGEAN VOYAGER,9011001,CALL1,1004.0,0,240.0,38.0,12.2,1004
240111002,2024-08-23T11:50:00Z,36.74184,14.99621,14.0,315.8,315,CARGO PIONEER,9011002,CALL2,1001.0,0,180.0,28.0,14.0,1001
240111003,2024-08-23T11:55:00Z,35.1,22.17905,12.0,90.3,90,BLUE HORIZON,9011003,CALL3,1001.0,0,180.0,28.0,14.0,1001
240111004,2024-08-23T11:55:00Z,31.6333,15.3136,15.0,224.7,225,GAS TRADER,9011004,CALL4,1024.0,0,180.0,28.0,14.0,1024
240111002,2024-08-23T11:55:00Z,36.75559,14.97906,14.0,314.8,315,CARGO PIONEER,9011002,CALL2,1001.0,0,180.0,28.0,14.0,1001
240111001,2024-08-23T11:55:00Z,36.22903,20.42638,13.5,44.4,45,AEGEAN VOYAGER,9011001,CALL1,1004.0,0,240.0,38.0,12.2,1004
240111002,2024-08-23T12:00:00Z,36.76934,14.9619,14.0,314.6,315,CARGO PIONEER,9011002,CALL2,1001.0,0,180.0,28.0,14.0,1001
240111001,2024-08-23T12:00:00Z,36.24229,20.44281,13.6,44.3,45,AEGEAN VOYAGER,9011001,CALL1,1004.0,0,240.0,38.0,12.2,1004
240111003,2024-08-23T12:00:00Z,35.1,22.19942,12.1,89.9,90,BLUE HORIZON,9011003,CALL3,1001.0,0,180.0,28.0,14.0,1001
240111004,2024-08-23T12:00:00Z,31.61857,15.2963,14.9,224.4,225,GAS TRADER,9011004,CALL4,1024.0,0,180.0,28.0,14.0,1024
