MMSI,BaseDateTime,LAT,LON,SOG,COG,Heading,VesselName,IMO,CallSign,VesselType,Status,Length,Width,Draft,Cargo
239100450,2026-09-11T12:00:00Z,33.900207,18.199576,12.1,44.4,45,BLUE HORIZON,IMO9859767,CALL450,70.0,under way using engine,225.0,32.0,11.8,70.0
240889000,2026-09-11T12:00:00Z,35.099685,17.499862,18.5,115.0,115,AEGEAN BREEZE,IMO9700534,CALL0,71.0,under way using engine,294.0,40.0,13.0,71.0
247000999,2026-09-11T12:00:00Z,34.300289,18.500279,16.1,19.8,20,COASTAL DEFENDER,IMO9512064,CALL999,55.0,under way using engine,65.0,11.0,3.8,55.0
247120300,2026-09-11T12:00:00Z,34.799753,19.199773,22.0,260.3,260,MED EXPRESS,IMO9176115,CALL300,60.0,under way using engine,145.0,24.0,6.2,60.0
255806000,2026-09-11T12:00:00Z,34.100132,17.200139,15.1,70.7,70,GLOBAL TRADER,IMO9491835,CALL0,79.0,under way using engine,260.0,36.0,12.5,79.0
311000888,2026-09-11T12:00:00Z,35.300415,18.599708,13.0,210.5,210,NORTHERN LIGHT,IMO9106988,CALL888,81.0,under way using engine,190.0,30.0,10.1,81.0
352002140,2026-09-11T12:00:00Z,34.000305,18.799552,14.1,330.2,330,PACIFIC TITAN,IMO9773918,CALL140,82.0,under way using engine,182.0,32.0,9.5,82.0
636015522,2026-09-11T12:00:00Z,34.899788,17.899956,9.3,180.2,180,SEA STAR,IMO9648273,CALL522,37.0,under way using engine,42.0,9.0,2.5,37.0
636018992,2026-09-11T12:00:00Z,34.199971,17.699965,13.4,37.4,38,ATLANTIC CARRIER,IMO9348123,D5XY8,80.0,under way using engine,274.0,48.0,14.2,80.0
239100450,2026-09-11T12:05:00Z,33.911991,18.21426,12.1,44.4,45,BLUE HORIZON,IMO9426087,CALL450,70.0,under way using engine,225.0,32.0,11.8,70.0
240889000,2026-09-11T12:05:00Z,35.08939,17.528719,18.6,114.8,115,AEGEAN BREEZE,IMO9962570,CALL0,71.0,under way using engine,294.0,40.0,13.0,71.0
247000999,2026-09-11T12:05:00Z,34.321306,18.509015,15.9,20.7,20,COASTAL DEFENDER,IMO9893423,CALL999,55.0,under way using engine,65.0,11.0,3.8,55.0
247120300,2026-09-11T12:05:00Z,34.79454,19.163501,21.9,260.3,260,MED EXPRESS,IMO9736030,CALL300,60.0,under way using engine,145.0,24.0,6.2,60.0
255806000,2026-09-11T12:05:00Z,34.107312,17.223772,15.0,70.6,70,GLOBAL TRADER,IMO9815711,CALL0,79.0,under way using engine,260.0,36.0,12.5,79.0
311000888,2026-09-11T12:05:00Z,35.283976,18.588955,12.9,209.7,210,NORTHERN LIGHT,IMO9698910,CALL888,81.0,under way using engine,190.0,30.0,10.1,81.0
352002140,2026-09-11T12:05:00Z,34.016601,18.788163,14.1,330.3,330,PACIFIC TITAN,IMO9130359,CALL140,82.0,under way using engine,182.0,32.0,9.5,82.0
636015522,2026-09-11T12:05:00Z,34.88659,17.899754,9.7,179.8,180,SEA STAR,IMO9423301,CALL522,37.0,under way using engine,42.0,9.0,2.5,37.0
636018992,2026-09-11T12:05:00Z,34.214766,17.713674,13.7,37.2,38,ATLANTIC CARRIER,IMO9348123,D5XY8,80.0,under way using engine,274.0,48.0,14.2,80.0
239100450,2026-09-11T12:10:00Z,33.923873,18.228306,12.0,44.3,45,BLUE HORIZON,IMO9589554,CALL450,70.0,under way using engine,225.0,32.0,11.8,70.0
240889000,2026-09-11T12:10:00Z,35.078273,17.556643,18.5,114.5,115,AEGEAN BREEZE,IMO9545807,CALL0,71.0,under way using engine,294.0,40.0,13.0,71.0
247000999,2026-09-11T12:10:00Z,34.341822,18.518562,16.2,20.7,20,COASTAL DEFENDER,IMO9762021,CALL999,55.0,under way using engine,65.0,11.0,3.8,55.0
247120300,2026-09-11T12:10:00Z,34.789668,19.126811,22.0,259.8,260,MED EXPRESS,IMO9792818,CALL300,60.0,under way using engine,145.0,24.0,6.2,60.0
255806000,2026-09-11T12:10:00Z,34.114797,17.247485,14.8,70.5,70,GLOBAL TRADER,IMO9833736,CALL0,79.0,under way using engine,260.0,36.0,12.5,79.0
311000888,2026-09-11T12:10:00Z,35.268499,18.577954,12.9,209.9,210,NORTHERN LIGHT,IMO9214939,CALL888,81.0,under way using engine,190.0,30.0,10.1,81.0
352002140,2026-09-11T12:10:00Z,34.033847,18.776798,13.9,329.7,330,PACIFIC TITAN,IMO9106402,CALL140,82.0,under way using engine,182.0,32.0,9.5,82.0
636015522,2026-09-11T12:10:00Z,34.873329,17.900093,9.3,179.8,180,SEA STAR,IMO9311537,CALL522,37.0,under way using engine,42.0,9.0,2.5,37.0
636018992,2026-09-11T12:10:00Z,34.229539,17.727972,13.3,38.0,38,ATLANTIC CARRIER,IMO9348123,D5XY8,80.0,under way using engine,274.0,48.0,14.2,80.0
239100450,2026-09-11T12:15:00Z,33.935465,18.242591,12.1,45.4,45,BLUE HORIZON,IMO9123572,CALL450,70.0,under way using engine,225.0,32.0,11.8,70.0
240889000,2026-09-11T12:15:00Z,35.067689,17.58569,18.6,114.7,115,AEGEAN BREEZE,IMO9133796,CALL0,71.0,under way using engine,294.0,40.0,13.0,71.0
247000999,2026-09-11T12:15:00Z,34.362564,18.527975,16.1,20.5,20,COASTAL DEFENDER,IMO9387348,CALL999,55.0,under way using engine,65.0,11.0,3.8,55.0
247120300,2026-09-11T12:15:00Z,34.784179,19.089978,21.9,260.4,260,MED EXPRESS,IMO9935474,CALL300,60.0,under way using engine,145.0,24.0,6.2,60.0
255806000,2026-09-11T12:15:00Z,34.12141,17.270989,15.1,69.7,70,GLOBAL TRADER,IMO9265890,CALL0,79.0,under way using engine,260.0,36.0,12.5,79.0
311000888,2026-09-11T12:15:00Z,35.252945,18.56635,12.8,210.6,210,NORTHERN LIGHT,IMO9617215,CALL888,81.0,under way using engine,190.0,30.0,10.1,81.0
352002140,2026-09-11T12:15:00Z,34.050619,18.764871,14.1,329.3,330,PACIFIC TITAN,IMO9876962,CALL140,82.0,under way using engine,182.0,32.0,9.5,82.0
636015522,2026-09-11T12:15:00Z,34.860549,17.899916,9.4,179.3,180,SEA STAR,IMO9542166,CALL522,37.0,under way using engine,42.0,9.0,2.5,37.0
636018992,2026-09-11T12:15:00Z,34.244505,17.74195,13.6,38.1,38,ATLANTIC CARRIER,IMO9348123,D5XY8,80.0,under way using engine,274.0,48.0,14.2,80.0
239100450,2026-09-11T12:20:00Z,33.947039,18.256791,12.2,44.7,45,BLUE HORIZON,IMO9301898,CALL450,70.0,under way using engine,225.0,32.0,11.8,70.0
240889000,2026-09-11T12:20:00Z,35.056341,17.614003,18.6,114.9,115,AEGEAN BREEZE,IMO9223088,CALL0,71.0,under way using engine,294.0,40.0,13.0,71.0
247000999,2026-09-11T12:20:00Z,34.383867,18.536583,16.2,20.0,20,COASTAL DEFENDER,IMO9533021,CALL999,55.0,under way using engine,65.0,11.0,3.8,55.0
247120300,2026-09-11T12:20:00Z,34.778827,19.053039,22.2,259.4,260,MED EXPRESS,IMO9810189,CALL300,60.0,under way using engine,145.0,24.0,6.2,60.0
255806000,2026-09-11T12:20:00Z,34.128178,17.294519,14.9,70.6,70,GLOBAL TRADER,IMO9801655,CALL0,79.0,under way using engine,260.0,36.0,12.5,79.0
311000888,2026-09-11T12:20:00Z,35.237353,18.556121,13.2,210.4,210,NORTHERN LIGHT,IMO9222119,CALL888,81.0,under way using engine,190.0,30.0,10.1,81.0
352002140,2026-09-11T12:20:00Z,34.067397,18.752985,14.1,329.5,330,PACIFIC TITAN,IMO9540226,CALL140,82.0,under way using engine,182.0,32.0,9.5,82.0
636015522,2026-09-11T12:20:00Z,34.847199,17.900006,9.6,180.3,180,SEA STAR,IMO9166240,CALL522,37.0,under way using engine,42.0,9.0,2.5,37.0
636018992,2026-09-11T12:20:00Z,34.259214,17.756171,13.7,37.0,38,ATLANTIC CARRIER,IMO9348123,D5XY8,80.0,under way using engine,274.0,48.0,14.2,80.0
239100450,2026-09-11T12:25:00Z,33.958933,18.271335,12.1,45.3,45,BLUE HORIZON,IMO9385898,CALL450,70.0,under way using engine,225.0,32.0,11.8,70.0
240889000,2026-09-11T12:25:00Z,35.04567,17.642277,18.6,115.1,115,AEGEAN BREEZE,IMO9467663,CALL0,71.0,under way using engine,294.0,40.0,13.0,71.0
247000999,2026-09-11T12:25:00Z,34.404684,18.546,16.0,20.7,20,COASTAL DEFENDER,IMO9205272,CALL999,55.0,under way using engine,65.0,11.0,3.8,55.0
247120300,2026-09-11T12:25:00Z,34.773835,19.016266,22.1,260.2,260,MED EXPRESS,IMO9111691,CALL300,60.0,under way using engine,145.0,24.0,6.2,60.0
255806000,2026-09-11T12:25:00Z,34.135852,17.318486,15.1,70.6,70,GLOBAL TRADER,IMO9587433,CALL0,79.0,under way using engine,260.0,36.0,12.5,79.0
311000888,2026-09-11T12:25:00Z,35.222086,18.544588,13.1,209.6,210,NORTHERN LIGHT,IMO9177961,CALL888,81.0,under way using engine,190.0,30.0,10.1,81.0
352002140,2026-09-11T12:25:00Z,34.084176,18.741305,13.9,329.7,330,PACIFIC TITAN,IMO9695164,CALL140,82.0,under way using engine,182.0,32.0,9.5,82.0
636015522,2026-09-11T12:25:00Z,34.834033,17.900407,9.6,180.5,180,SEA STAR,IMO9276037,CALL522,37.0,under way using engine,42.0,9.0,2.5,37.0
636018992,2026-09-11T12:25:00Z,34.274062,17.769601,13.4,37.3,38,ATLANTIC CARRIER,IMO9348123,D5XY8,80.0,under way using engine,274.0,48.0,14.2,80.0
239100450,2026-09-11T12:30:00Z,33.970882,18.285449,11.8,45.2,45,BLUE HORIZON,IMO9639031,CALL450,70.0,under way using engine,225.0,32.0,11.8,70.0
240889000,2026-09-11T12:30:00Z,35.034952,17.670684,18.5,115.2,115,AEGEAN BREEZE,IMO9922974,CALL0,71.0,under way using engine,294.0,40.0,13.0,71.0
247000999,2026-09-11T12:30:00Z,34.425567,18.555027,16.0,19.8,20,COASTAL DEFENDER,IMO9731364,CALL999,55.0,under way using engine,65.0,11.0,3.8,55.0
247120300,2026-09-11T12:30:00Z,34.76789,18.979848,21.8,259.2,260,MED EXPRESS,IMO9725637,CALL300,60.0,under way using engine,145.0,24.0,6.2,60.0
255806000,2026-09-11T12:30:00Z,34.142896,17.342121,14.8,70.7,70,GLOBAL TRADER,IMO9516226,CALL0,79.0,under way using engine,260.0,36.0,12.5,79.0
311000888,2026-09-11T12:30:00Z,35.205968,18.533808,12.9,210.2,210,NORTHERN LIGHT,IMO9637756,CALL888,81.0,under way using engine,190.0,30.0,10.1,81.0
352002140,2026-09-11T12:30:00Z,34.100804,18.729284,13.9,330.4,330,PACIFIC TITAN,IMO9152179,CALL140,82.0,under way using engine,182.0,32.0,9.5,82.0
636015522,2026-09-11T12:30:00Z,34.820738,17.899941,9.5,180.5,180,SEA STAR,IMO9438354,CALL522,37.0,under way using engine,42.0,9.0,2.5,37.0
636018992,2026-09-11T12:30:00Z,34.288922,17.783829,13.3,37.2,38,ATLANTIC CARRIER,IMO9348123,D5XY8,80.0,under way using engine,274.0,48.0,14.2,80.0
239100450,2026-09-11T12:35:00Z,33.982785,18.299697,12.0,44.6,45,BLUE HORIZON,IMO9838568,CALL450,70.0,under way using engine,225.0,32.0,11.8,70.0
240889000,2026-09-11T12:35:00Z,35.023942,17.699495,18.3,114.8,115,AEGEAN BREEZE,IMO9394739,CALL0,71.0,under way using engine,294.0,40.0,13.0,71.0
247000999,2026-09-11T12:35:00Z,34.4463,18.564279,15.9,20.3,20,COASTAL DEFENDER,IMO9898989,CALL999,55.0,under way using engine,65.0,11.0,3.8,55.0
247120300,2026-09-11T12:35:00Z,34.76262,18.943418,21.8,259.5,260,MED EXPRESS,IMO9877446,CALL300,60.0,under way using engine,145.0,24.0,6.2,60.0
255806000,2026-09-11T12:35:00Z,34.149947,17.365589,14.9,69.7,70,GLOBAL TRADER,IMO9733727,CALL0,79.0,under way using engine,260.0,36.0,12.5,79.0
311000888,2026-09-11T12:35:00Z,35.190389,18.522468,13.1,210.6,210,NORTHERN LIGHT,IMO9140220,CALL888,81.0,under way using engine,190.0,30.0,10.1,81.0
352002140,2026-09-11T12:35:00Z,34.11793,18.717623,14.1,330.0,330,PACIFIC TITAN,IMO9563516,CALL140,82.0,under way using engine,182.0,32.0,9.5,82.0
636015522,2026-09-11T12:35:00Z,34.807419,17.899951,9.4,180.1,180,SEA STAR,IMO9548665,CALL522,37.0,under way using engine,42.0,9.0,2.5,37.0
636018992,2026-09-11T12:35:00Z,34.303695,17.797643,13.7,38.5,38,ATLANTIC CARRIER,IMO9348123,D5XY8,80.0,under way using engine,274.0,48.0,14.2,80.0
239100450,2026-09-11T12:40:00Z,33.99447,18.313529,11.9,44.7,45,BLUE HORIZON,IMO9455193,CALL450,70.0,under way using engine,225.0,32.0,11.8,70.0
240889000,2026-09-11T12:40:00Z,35.012935,17.72776,18.7,114.7,115,AEGEAN BREEZE,IMO9700556,CALL0,71.0,under way using engine,294.0,40.0,13.0,71.0
247000999,2026-09-11T12:40:00Z,34.467508,18.573849,16.1,20.5,20,COASTAL DEFENDER,IMO9242703,CALL999,55.0,under way using engine,65.0,11.0,3.8,55.0
247120300,2026-09-11T12:40:00Z,34.757658,18.906491,22.0,260.2,260,MED EXPRESS,IMO9637450,CALL300,60.0,under way using engine,145.0,24.0,6.2,60.0
255806000,2026-09-11T12:40:00Z,34.156755,17.38943,15.0,69.6,70,GLOBAL TRADER,IMO9140141,CALL0,79.0,under way using engine,260.0,36.0,12.5,79.0
311000888,2026-09-11T12:40:00Z,35.174348,18.511669,13.1,209.7,210,NORTHERN LIGHT,IMO9982304,CALL888,81.0,under way using engine,190.0,30.0,10.1,81.0
352002140,2026-09-11T12:40:00Z,34.134741,18.706079,14.0,329.8,330,PACIFIC TITAN,IMO9216276,CALL140,82.0,under way using engine,182.0,32.0,9.5,82.0
636015522,2026-09-11T12:40:00Z,34.794431,17.900095,9.4,179.5,180,SEA STAR,IMO9521673,CALL522,37.0,under way using engine,42.0,9.0,2.5,37.0
636018992,2026-09-11T12:40:00Z,34.317805,17.811735,13.4,38.1,38,ATLANTIC CARRIER,IMO9348123,D5XY8,80.0,under way using engine,274.0,48.0,14.2,80.0
239100450,2026-09-11T12:45:00Z,34.006118,18.32799,11.8,45.6,45,BLUE HORIZON,IMO9152906,CALL450,70.0,under way using engine,225.0,32.0,11.8,70.0
240889000,2026-09-11T12:45:00Z,35.002121,17.756684,18.7,115.3,115,AEGEAN BREEZE,IMO9199850,CALL0,71.0,under way using engine,294.0,40.0,13.0,71.0
247000999,2026-09-11T12:45:00Z,34.488275,18.582989,15.9,20.1,20,COASTAL DEFENDER,IMO9216211,CALL999,55.0,under way using engine,65.0,11.0,3.8,55.0
247120300,2026-09-11T12:45:00Z,34.752275,18.87003,22.0,259.6,260,MED EXPRESS,IMO9220190,CALL300,60.0,under way using engine,145.0,24.0,6.2,60.0
255806000,2026-09-11T12:45:00Z,34.16373,17.412952,14.9,69.5,70,GLOBAL TRADER,IMO9695807,CALL0,79.0,under way using engine,260.0,36.0,12.5,79.0
311000888,2026-09-11T12:45:00Z,35.158763,18.500288,13.1,210.7,210,NORTHERN LIGHT,IMO9757756,CALL888,81.0,under way using engine,190.0,30.0,10.1,81.0
352002140,2026-09-11T12:45:00Z,34.151656,18.694542,14.0,330.3,330,PACIFIC TITAN,IMO9147623,CALL140,82.0,under way using engine,182.0,32.0,9.5,82.0
636015522,2026-09-11T12:45:00Z,34.781104,17.899974,9.4,179.6,180,SEA STAR,IMO9789922,CALL522,37.0,under way using engine,42.0,9.0,2.5,37.0
636018992,2026-09-11T12:45:00Z,34.333253,17.825605,13.7,38.2,38,ATLANTIC CARRIER,IMO9348123,D5XY8,80.0,under way using engine,274.0,48.0,14.2,80.0
239100450,2026-09-11T12:50:00Z,34.018031,18.34228,12.0,44.5,45,BLUE HORIZON,IMO9725078,CALL450,70.0,under way using engine,225.0,32.0,11.8,70.0
240889000,2026-09-11T12:50:00Z,34.991513,17.785,18.5,114.3,115,AEGEAN BREEZE,IMO9390794,CALL0,71.0,under way using engine,294.0,40.0,13.0,71.0
247000999,2026-09-11T12:50:00Z,34.509178,18.59242,16.2,20.5,20,COASTAL DEFENDER,IMO9900234,CALL999,55.0,under way using engine,65.0,11.0,3.8,55.0
247120300,2026-09-11T12:50:00Z,34.747033,18.833594,22.1,260.6,260,MED EXPRESS,IMO9675512,CALL300,60.0,under way using engine,145.0,24.0,6.2,60.0
255806000,2026-09-11T12:50:00Z,34.171597,17.436828,15.0,70.7,70,GLOBAL TRADER,IMO9479052,CALL0,79.0,under way using engine,260.0,36.0,12.5,79.0
311000888,2026-09-11T12:50:00Z,35.143574,18.489377,13.0,210.7,210,NORTHERN LIGHT,IMO9806056,CALL888,81.0,under way using engine,190.0,30.0,10.1,81.0
352002140,2026-09-11T12:50:00Z,34.168682,18.683053,13.8,329.5,330,PACIFIC TITAN,IMO9321494,CALL140,82.0,under way using engine,182.0,32.0,9.5,82.0
636015522,2026-09-11T12:50:00Z,34.768028,17.899734,9.4,179.3,180,SEA STAR,IMO9329177,CALL522,37.0,under way using engine,42.0,9.0,2.5,37.0
636018992,2026-09-11T12:50:00Z,34.347894,17.839786,13.3,37.6,38,ATLANTIC CARRIER,IMO9348123,D5XY8,80.0,under way using engine,274.0,48.0,14.2,80.0
239100450,2026-09-11T12:55:00Z,34.029995,18.356296,12.1,44.9,45,BLUE HORIZON,IMO9472899,CALL450,70.0,under way using engine,225.0,32.0,11.8,70.0
240889000,2026-09-11T12:55:00Z,34.980492,17.813126,18.6,114.6,115,AEGEAN BREEZE,IMO9845951,CALL0,71.0,under way using engine,294.0,40.0,13.0,71.0
247000999,2026-09-11T12:55:00Z,34.530135,18.601649,16.0,20.7,20,COASTAL DEFENDER,IMO9573421,CALL999,55.0,under way using engine,65.0,11.0,3.8,55.0
247120300,2026-09-11T12:55:00Z,34.741327,18.796669,21.9,259.3,260,MED EXPRESS,IMO9202972,CALL300,60.0,under way using engine,145.0,24.0,6.2,60.0
255806000,2026-09-11T12:55:00Z,34.178601,17.459926,14.9,69.5,70,GLOBAL TRADER,IMO9124057,CALL0,79.0,under way using engine,260.0,36.0,12.5,79.0
311000888,2026-09-11T12:55:00Z,35.127887,18.478533,13.0,209.5,210,NORTHERN LIGHT,IMO9620855,CALL888,81.0,under way using engine,190.0,30.0,10.1,81.0
352002140,2026-09-11T12:55:00Z,34.18547,18.670383,13.9,329.4,330,PACIFIC TITAN,IMO9621546,CALL140,82.0,under way using engine,182.0,32.0,9.5,82.0
636015522,2026-09-11T12:55:00Z,34.754414,17.900181,9.5,180.8,180,SEA STAR,IMO9847143,CALL522,37.0,under way using engine,42.0,9.0,2.5,37.0
636018992,2026-09-11T12:55:00Z,34.362831,17.853913,13.3,37.6,38,ATLANTIC CARRIER,IMO9348123,D5XY8,80.0,under way using engine,274.0,48.0,14.2,80.0
239100450,2026-09-11T13:00:00Z,34.041433,18.371052,12.1,45.3,45,BLUE HORIZON,IMO9659399,CALL450,70.0,under way using engine,225.0,32.0,11.8,70.0
240889000,2026-09-11T13:00:00Z,34.969486,17.841789,18.6,114.8,115,AEGEAN BREEZE,IMO9249077,CALL0,71.0,under way using engine,294.0,40.0,13.0,71.0
247000999,2026-09-11T13:00:00Z,34.550533,18.610734,15.9,20.3,20,COASTAL DEFENDER,IMO9966929,CALL999,55.0,under way using engine,65.0,11.0,3.8,55.0
247120300,2026-09-11T13:00:00Z,34.736346,18.760199,22.2,259.8,260,MED EXPRESS,IMO9803904,CALL300,60.0,under way using engine,145.0,24.0,6.2,60.0
255806000,2026-09-11T13:00:00Z,34.185888,17.484064,14.9,70.2,70,GLOBAL TRADER,IMO9187651,CALL0,79.0,under way using engine,260.0,36.0,12.5,79.0
311000888,2026-09-11T13:00:00Z,35.112131,18.467402,13.2,210.7,210,NORTHERN LIGHT,IMO9998794,CALL888,81.0,under way using engine,190.0,30.0,10.1,81.0
352002140,2026-09-11T13:00:00Z,34.202289,18.65883,14.0,330.3,330,PACIFIC TITAN,IMO9624563,CALL140,82.0,under way using engine,182.0,32.0,9.5,82.0
636015522,2026-09-11T13:00:00Z,34.740901,17.899862,9.6,179.5,180,SEA STAR,IMO9199346,CALL522,37.0,under way using engine,42.0,9.0,2.5,37.0
636018992,2026-09-11T13:00:00Z,34.377369,17.8677,13.4,37.4,38,ATLANTIC CARRIER,IMO9348123,D5XY8,80.0,under way using engine,274.0,48.0,14.2,80.0
239100450,2026-09-11T13:05:00Z,34.053771,18.385164,12.1,45.1,45,BLUE HORIZON,IMO9197429,CALL450,70.0,under way using engine,225.0,32.0,11.8,70.0
240889000,2026-09-11T13:05:00Z,34.958541,17.870026,18.5,114.9,115,AEGEAN BREEZE,IMO9764406,CALL0,71.0,under way using engine,294.0,40.0,13.0,71.0
247000999,2026-09-11T13:05:00Z,34.571684,18.620073,15.8,19.8,20,COASTAL DEFENDER,IMO9512608,CALL999,55.0,under way using engine,65.0,11.0,3.8,55.0
247120300,2026-09-11T13:05:00Z,34.730897,18.723218,22.0,260.6,260,MED EXPRESS,IMO9433222,CALL300,60.0,under way using engine,145.0,24.0,6.2,60.0
255806000,2026-09-11T13:05:00Z,34.192831,17.50797,14.8,70.6,70,GLOBAL TRADER,IMO9573349,CALL0,79.0,under way using engine,260.0,36.0,12.5,79.0
311000888,2026-09-11T13:05:00Z,35.096482,18.456088,13.0,210.0,210,NORTHERN LIGHT,IMO9740907,CALL888,81.0,under way using engine,190.0,30.0,10.1,81.0
352002140,2026-09-11T13:05:00Z,34.218872,18.647078,13.9,329.8,330,PACIFIC TITAN,IMO9878086,CALL140,82.0,under way using engine,182.0,32.0,9.5,82.0
636015522,2026-09-11T13:05:00Z,34.72783,17.899668,9.6,180.3,180,SEA STAR,IMO9908878,CALL522,37.0,under way using engine,42.0,9.0,2.5,37.0
636018992,2026-09-11T13:05:00Z,34.392235,17.882313,13.6,38.2,38,ATLANTIC CARRIER,IMO9348123,D5XY8,80.0,under way using engine,274.0,48.0,14.2,80.0
239100450,2026-09-11T13:10:00Z,34.065343,18.398776,12.0,44.9,45,BLUE HORIZON,IMO9817727,CALL450,70.0,under way using engine,225.0,32.0,11.8,70.0
240889000,2026-09-11T13:10:00Z,34.947905,17.898214,18.5,115.4,115,AEGEAN BREEZE,IMO9828449,CALL0,71.0,under way using engine,294.0,40.0,13.0,71.0
247000999,2026-09-11T13:10:00Z,34.593008,18.628833,16.2,19.6,20,COASTAL DEFENDER,IMO9124085,CALL999,55.0,under way using engine,65.0,11.0,3.8,55.0
247120300,2026-09-11T13:10:00Z,34.725459,18.686657,22.1,260.3,260,MED EXPRESS,IMO9259797,CALL300,60.0,under way using engine,145.0,24.0,6.2,60.0
255806000,2026-09-11T13:10:00Z,34.200032,17.531364,15.1,69.6,70,GLOBAL TRADER,IMO9970893,CALL0,79.0,under way using engine,260.0,36.0,12.5,79.0
311000888,2026-09-11T13:10:00Z,35.080884,18.445301,13.0,209.6,210,NORTHERN LIGHT,IMO9498763,CALL888,81.0,under way using engine,190.0,30.0,10.1,81.0
352002140,2026-09-11T13:10:00Z,34.236044,18.635424,14.2,330.6,330,PACIFIC TITAN,IMO9703727,CALL140,82.0,under way using engine,182.0,32.0,9.5,82.0
636015522,2026-09-11T13:10:00Z,34.715016,17.899831,9.6,180.6,180,SEA STAR,IMO9433412,CALL522,37.0,under way using engine,42.0,9.0,2.5,37.0
636018992,2026-09-11T13:10:00Z,34.40723,17.896136,13.3,37.8,38,ATLANTIC CARRIER,IMO9348123,D5XY8,80.0,under way using engine,274.0,48.0,14.2,80.0
239100450,2026-09-11T13:15:00Z,34.076758,18.413164,12.0,45.7,45,BLUE HORIZON,IMO9250703,CALL450,70.0,under way using engine,225.0,32.0,11.8,70.0
240889000,2026-09-11T13:15:00Z,34.937117,17.926907,18.7,114.7,115,AEGEAN BREEZE,IMO9102593,CALL0,71.0,under way using engine,294.0,40.0,13.0,71.0
247000999,2026-09-11T13:15:00Z,34.613825,18.63828,16.1,20.7,20,COASTAL DEFENDER,IMO9584887,CALL999,55.0,under way using engine,65.0,11.0,3.8,55.0
247120300,2026-09-11T13:15:00Z,34.720151,18.649914,21.9,259.9,260,MED EXPRESS,IMO9105066,CALL300,60.0,under way using engine,145.0,24.0,6.2,60.0
255806000,2026-09-11T13:15:00Z,34.207397,17.555377,15.0,70.7,70,GLOBAL TRADER,IMO9411327,CALL0,79.0,under way using engine,260.0,36.0,12.5,79.0
311000888,2026-09-11T13:15:00Z,35.065098,18.43403,12.9,210.0,210,NORTHERN LIGHT,IMO9288811,CALL888,81.0,under way using engine,190.0,30.0,10.1,81.0
352002140,2026-09-11T13:15:00Z,34.25268,18.623728,14.1,329.7,330,PACIFIC TITAN,IMO9524707,CALL140,82.0,under way using engine,182.0,32.0,9.5,82.0
636015522,2026-09-11T13:15:00Z,34.702163,17.899959,9.3,179.2,180,SEA STAR,IMO9713455,CALL522,37.0,under way using engine,42.0,9.0,2.5,37.0
636018992,2026-09-11T13:15:00Z,34.422153,17.909841,13.5,38.4,38,ATLANTIC CARRIER,IMO9348123,D5XY8,80.0,under way using engine,274.0,48.0,14.2,80.0
239100450,2026-09-11T13:20:00Z,34.088944,18.427465,12.2,44.8,45,BLUE HORIZON,IMO9833599,CALL450,70.0,under way using engine,225.0,32.0,11.8,70.0
240889000,2026-09-11T13:20:00Z,34.926333,17.955132,18.3,115.8,115,AEGEAN BREEZE,IMO9765678,CALL0,71.0,under way using engine,294.0,40.0,13.0,71.0
247000999,2026-09-11T13:20:00Z,34.634573,18.647955,15.9,19.8,20,COASTAL DEFENDER,IMO9549737,CALL999,55.0,under way using engine,65.0,11.0,3.8,55.0
247120300,2026-09-11T13:20:00Z,34.714878,18.613666,22.1,260.2,260,MED EXPRESS,IMO9390119,CALL300,60.0,under way using engine,145.0,24.0,6.2,60.0
255806000,2026-09-11T13:20:00Z,34.214225,17.579095,15.0,70.0,70,GLOBAL TRADER,IMO9822291,CALL0,79.0,under way using engine,260.0,36.0,12.5,79.0
311000888,2026-09-11T13:20:00Z,35.04982,18.42283,13.2,210.3,210,NORTHERN LIGHT,IMO9614034,CALL888,81.0,under way using engine,190.0,30.0,10.1,81.0
352002140,2026-09-11T13:20:00Z,34.269897,18.611887,14.1,330.2,330,PACIFIC TITAN,IMO9972442,CALL140,82.0,under way using engine,182.0,32.0,9.5,82.0
636015522,2026-09-11T13:20:00Z,34.688434,17.900075,9.6,180.0,180,SEA STAR,IMO9838857,CALL522,37.0,under way using engine,42.0,9.0,2.5,37.0
636018992,2026-09-11T13:20:00Z,34.436849,17.923581,13.3,37.1,38,ATLANTIC CARRIER,IMO9348123,D5XY8,80.0,under way using engine,274.0,48.0,14.2,80.0
239100450,2026-09-11T13:25:00Z,34.100719,18.441835,12.1,44.7,45,BLUE HORIZON,IMO9611187,CALL450,70.0,under way using engine,225.0,32.0,11.8,70.0
240889000,2026-09-11T13:25:00Z,34.915102,17.983686,18.3,115.1,115,AEGEAN BREEZE,IMO9328411,CALL0,71.0,under way using engine,294.0,40.0,13.0,71.0
247000999,2026-09-11T13:25:00Z,34.655287,18.656842,16.2,19.5,20,COASTAL DEFENDER,IMO9694797,CALL999,55.0,under way using engine,65.0,11.0,3.8,55.0
247120300,2026-09-11T13:25:00Z,34.70976,18.576605,22.1,260.6,260,MED EXPRESS,IMO9585331,CALL300,60.0,under way using engine,145.0,24.0,6.2,60.0
255806000,2026-09-11T13:25:00Z,34.221373,17.602128,15.0,70.7,70,GLOBAL TRADER,IMO9698020,CALL0,79.0,under way using engine,260.0,36.0,12.5,79.0
311000888,2026-09-11T13:25:00Z,35.033949,18.411867,12.9,210.0,210,NORTHERN LIGHT,IMO9201222,CALL888,81.0,under way using engine,190.0,30.0,10.1,81.0
352002140,2026-09-11T13:25:00Z,34.286509,18.59991,14.0,329.4,330,PACIFIC TITAN,IMO9556839,CALL140,82.0,under way using engine,182.0,32.0,9.5,82.0
636015522,2026-09-11T13:25:00Z,34.675597,17.899989,9.5,180.6,180,SEA STAR,IMO9423851,CALL522,37.0,under way using engine,42.0,9.0,2.5,37.0
636018992,2026-09-11T13:25:00Z,34.451387,17.938027,13.3,38.9,38,ATLANTIC CARRIER,IMO9348123,D5XY8,80.0,under way using engine,274.0,48.0,14.2,80.0
239100450,2026-09-11T13:30:00Z,34.112584,18.456216,11.9,44.9,45,BLUE HORIZON,IMO9279098,CALL450,70.0,under way using engine,225.0,32.0,11.8,70.0
240889000,2026-09-11T13:30:00Z,34.904694,18.012201,18.5,114.7,115,AEGEAN BREEZE,IMO9397368,CALL0,71.0,under way using engine,294.0,40.0,13.0,71.0
247000999,2026-09-11T13:30:00Z,34.676519,18.666374,16.0,20.7,20,COASTAL DEFENDER,IMO9575747,CALL999,55.0,under way using engine,65.0,11.0,3.8,55.0
247120300,2026-09-11T13:30:00Z,34.704065,18.540168,22.0,259.4,260,MED EXPRESS,IMO9776909,CALL300,60.0,under way using engine,145.0,24.0,6.2,60.0
255806000,2026-09-11T13:30:00Z,34.228375,17.626356,15.1,70.2,70,GLOBAL TRADER,IMO9181588,CALL0,79.0,under way using engine,260.0,36.0,12.5,79.0
311000888,2026-09-11T13:30:00Z,35.018337,18.401526,13.2,210.4,210,NORTHERN LIGHT,IMO9539976,CALL888,81.0,under way using engine,190.0,30.0,10.1,81.0
352002140,2026-09-11T13:30:00Z,34.30323,18.588176,14.0,329.7,330,PACIFIC TITAN,IMO9456005,CALL140,82.0,under way using engine,182.0,32.0,9.5,82.0
636015522,2026-09-11T13:30:00Z,34.662261,17.900211,9.4,179.3,180,SEA STAR,IMO9244237,CALL522,37.0,under way using engine,42.0,9.0,2.5,37.0
636018992,2026-09-11T13:30:00Z,34.466365,17.951776,13.6,37.8,38,ATLANTIC CARRIER,IMO9348123,D5XY8,80.0,under way using engine,274.0,48.0,14.2,80.0
239100450,2026-09-11T13:35:00Z,34.124122,18.470605,12.0,45.0,45,BLUE HORIZON,IMO9525392,CALL450,70.0,under way using engine,225.0,32.0,11.8,70.0
240889000,2026-09-11T13:35:00Z,34.893319,18.040923,18.5,115.0,115,AEGEAN BREEZE,IMO9460437,CALL0,71.0,under way using engine,294.0,40.0,13.0,71.0
247000999,2026-09-11T13:35:00Z,34.697297,18.675206,15.9,19.5,20,COASTAL DEFENDER,IMO9952924,CALL999,55.0,under way using engine,65.0,11.0,3.8,55.0
247120300,2026-09-11T13:35:00Z,34.698778,18.503172,22.1,259.4,260,MED EXPRESS,IMO9664781,CALL300,60.0,under way using engine,145.0,24.0,6.2,60.0
255806000,2026-09-11T13:35:00Z,34.235484,17.649784,14.9,70.3,70,GLOBAL TRADER,IMO9963506,CALL0,79.0,under way using engine,260.0,36.0,12.5,79.0
311000888,2026-09-11T13:35:00Z,35.002758,18.389954,13.1,209.4,210,NORTHERN LIGHT,IMO9587310,CALL888,81.0,under way using engine,190.0,30.0,10.1,81.0
352002140,2026-09-11T13:35:00Z,34.320356,18.576864,13.8,330.2,330,PACIFIC TITAN,IMO9656379,CALL140,82.0,under way using engine,182.0,32.0,9.5,82.0
636015522,2026-09-11T13:35:00Z,34.648916,17.900119,9.4,179.5,180,SEA STAR,IMO9139748,CALL522,37.0,under way using engine,42.0,9.0,2.5,37.0
636018992,2026-09-11T13:35:00Z,34.481223,17.965802,13.4,37.5,38,ATLANTIC CARRIER,IMO9348123,D5XY8,80.0,under way using engine,274.0,48.0,14.2,80.0
239100450,2026-09-11T13:40:00Z,34.136104,18.484351,11.9,45.2,45,BLUE HORIZON,IMO9930924,CALL450,70.0,under way using engine,225.0,32.0,11.8,70.0
240889000,2026-09-11T13:40:00Z,34.882853,18.06891,18.3,115.2,115,AEGEAN BREEZE,IMO9977345,CALL0,71.0,under way using engine,294.0,40.0,13.0,71.0
247000999,2026-09-11T13:40:00Z,34.718126,18.684507,16.0,19.4,20,COASTAL DEFENDER,IMO9997935,CALL999,55.0,under way using engine,65.0,11.0,3.8,55.0
247120300,2026-09-11T13:40:00Z,34.693874,18.467079,22.1,260.4,260,MED EXPRESS,IMO9119535,CALL300,60.0,under way using engine,145.0,24.0,6.2,60.0
255806000,2026-09-11T13:40:00Z,34.242968,17.673626,15.1,69.7,70,GLOBAL TRADER,IMO9257817,CALL0,79.0,under way using engine,260.0,36.0,12.5,79.0
311000888,2026-09-11T13:40:00Z,34.987214,18.378876,12.9,209.8,210,NORTHERN LIGHT,IMO9234278,CALL888,81.0,under way using engine,190.0,30.0,10.1,81.0
352002140,2026-09-11T13:40:00Z,34.336718,18.564709,13.9,330.4,330,PACIFIC TITAN,IMO9958729,CALL140,82.0,under way using engine,182.0,32.0,9.5,82.0
636015522,2026-09-11T13:40:00Z,34.63585,17.900321,9.7,179.9,180,SEA STAR,IMO9444656,CALL522,37.0,under way using engine,42.0,9.0,2.5,37.0
636018992,2026-09-11T13:40:00Z,34.495679,17.979877,13.6,38.8,38,ATLANTIC CARRIER,IMO9348123,D5XY8,80.0,under way using engine,274.0,48.0,14.2,80.0
239100450,2026-09-11T13:45:00Z,34.147683,18.499141,12.0,44.6,45,BLUE HORIZON,IMO9355528,CALL450,70.0,under way using engine,225.0,32.0,11.8,70.0
240889000,2026-09-11T13:45:00Z,34.871616,18.097562,18.6,114.9,115,AEGEAN BREEZE,IMO9100708,CALL0,71.0,under way using engine,294.0,40.0,13.0,71.0
247000999,2026-09-11T13:45:00Z,34.739035,18.69406,16.1,20.4,20,COASTAL DEFENDER,IMO9298561,CALL999,55.0,under way using engine,65.0,11.0,3.8,55.0
247120300,2026-09-11T13:45:00Z,34.688621,18.429906,22.1,260.1,260,MED EXPRESS,IMO9906564,CALL300,60.0,under way using engine,145.0,24.0,6.2,60.0
255806000,2026-09-11T13:45:00Z,34.250167,17.697175,15.0,69.7,70,GLOBAL TRADER,IMO9930489,CALL0,79.0,under way using engine,260.0,36.0,12.5,79.0
311000888,2026-09-11T13:45:00Z,34.971311,18.367698,13.1,210.0,210,NORTHERN LIGHT,IMO9532016,CALL888,81.0,under way using engine,190.0,30.0,10.1,81.0
352002140,2026-09-11T13:45:00Z,34.35394,18.552859,13.8,329.6,330,PACIFIC TITAN,IMO9281926,CALL140,82.0,under way using engine,182.0,32.0,9.5,82.0
636015522,2026-09-11T13:45:00Z,34.622733,17.900131,9.6,179.3,180,SEA STAR,IMO9930241,CALL522,37.0,under way using engine,42.0,9.0,2.5,37.0
636018992,2026-09-11T13:45:00Z,34.510501,17.994042,13.8,38.0,38,ATLANTIC CARRIER,IMO9348123,D5XY8,80.0,under way using engine,274.0,48.0,14.2,80.0
239100450,2026-09-11T13:50:00Z,34.159037,18.513027,12.0,44.7,45,BLUE HORIZON,IMO9953452,CALL450,70.0,under way using engine,225.0,32.0,11.8,70.0
240889000,2026-09-11T13:50:00Z,34.861056,18.125938,18.7,115.7,115,AEGEAN BREEZE,IMO9781571,CALL0,71.0,under way using engine,294.0,40.0,13.0,71.0
247000999,2026-09-11T13:50:00Z,34.759723,18.703286,15.9,19.7,20,COASTAL DEFENDER,IMO9374516,CALL999,55.0,under way using engine,65.0,11.0,3.8,55.0
247120300,2026-09-11T13:50:00Z,34.682776,18.393267,22.0,260.1,260,MED EXPRESS,IMO9665892,CALL300,60.0,under way using engine,145.0,24.0,6.2,60.0
255806000,2026-09-11T13:50:00Z,34.257129,17.72113,15.0,69.2,70,GLOBAL TRADER,IMO9572445,CALL0,79.0,under way using engine,260.0,36.0,12.5,79.0
311000888,2026-09-11T13:50:00Z,34.955605,18.356853,12.9,209.5,210,NORTHERN LIGHT,IMO9992325,CALL888,81.0,under way using engine,190.0,30.0,10.1,81.0
352002140,2026-09-11T13:50:00Z,34.370597,18.540955,14.1,329.5,330,PACIFIC TITAN,IMO9910389,CALL140,82.0,under way using engine,182.0,32.0,9.5,82.0
636015522,2026-09-11T13:50:00Z,34.609695,17.899959,9.4,179.2,180,SEA STAR,IMO9988075,CALL522,37.0,under way using engine,42.0,9.0,2.5,37.0
636018992,2026-09-11T13:50:00Z,34.525458,18.008018,13.3,38.3,38,ATLANTIC CARRIER,IMO9348123,D5XY8,80.0,under way using engine,274.0,48.0,14.2,80.0
239100450,2026-09-11T13:55:00Z,34.171277,18.527246,12.2,45.1,45,BLUE HORIZON,IMO9458823,CALL450,70.0,under way using engine,225.0,32.0,11.8,70.0
240889000,2026-09-11T13:55:00Z,34.849844,18.154743,18.7,114.3,115,AEGEAN BREEZE,IMO9477943,CALL0,71.0,under way using engine,294.0,40.0,13.0,71.0
247000999,2026-09-11T13:55:00Z,34.780827,18.712666,15.9,20.1,20,COASTAL DEFENDER,IMO9778675,CALL999,55.0,under way using engine,65.0,11.0,3.8,55.0
247120300,2026-09-11T13:55:00Z,34.677492,18.356929,21.9,259.6,260,MED EXPRESS,IMO9909652,CALL300,60.0,under way using engine,145.0,24.0,6.2,60.0
255806000,2026-09-11T13:55:00Z,34.264432,17.744743,15.1,70.2,70,GLOBAL TRADER,IMO9706472,CALL0,79.0,under way using engine,260.0,36.0,12.5,79.0
311000888,2026-09-11T13:55:00Z,34.939985,18.345803,13.1,209.6,210,NORTHERN LIGHT,IMO9433046,CALL888,81.0,under way using engine,190.0,30.0,10.1,81.0
352002140,2026-09-11T13:55:00Z,34.38757,18.529205,14.0,330.1,330,PACIFIC TITAN,IMO9814220,CALL140,82.0,under way using engine,182.0,32.0,9.5,82.0
636015522,2026-09-11T13:55:00Z,34.59618,17.899818,9.4,179.3,180,SEA STAR,IMO9797309,CALL522,37.0,under way using engine,42.0,9.0,2.5,37.0
636018992,2026-09-11T13:55:00Z,34.540252,18.021809,13.2,37.8,38,ATLANTIC CARRIER,IMO9348123,D5XY8,80.0,under way using engine,274.0,48.0,14.2,80.0
239100450,2026-09-11T14:00:00Z,34.183007,18.541666,12.1,44.3,45,BLUE HORIZON,IMO9846490,CALL450,70.0,under way using engine,225.0,32.0,11.8,70.0
240889000,2026-09-11T14:00:00Z,34.839103,18.182955,18.7,114.5,115,AEGEAN BREEZE,IMO9515594,CALL0,71.0,under way using engine,294.0,40.0,13.0,71.0
247000999,2026-09-11T14:00:00Z,34.801683,18.72172,15.9,19.7,20,COASTAL DEFENDER,IMO9826687,CALL999,55.0,under way using engine,65.0,11.0,3.8,55.0
247120300,2026-09-11T14:00:00Z,34.672187,18.320028,21.9,260.0,260,MED EXPRESS,IMO9194952,CALL300,60.0,under way using engine,145.0,24.0,6.2,60.0
255806000,2026-09-11T14:00:00Z,34.27131,17.768676,15.2,69.9,70,GLOBAL TRADER,IMO9672612,CALL0,79.0,under way using engine,260.0,36.0,12.5,79.0
311000888,2026-09-11T14:00:00Z,34.924008,18.335042,13.0,209.6,210,NORTHERN LIGHT,IMO9157287,CALL888,81.0,under way using engine,190.0,30.0,10.1,81.0
352002140,2026-09-11T14:00:00Z,34.404811,18.517452,14.1,330.2,330,PACIFIC TITAN,IMO9757685,CALL140,82.0,under way using engine,182.0,32.0,9.5,82.0
636015522,2026-09-11T14:00:00Z,34.58335,17.899974,9.6,179.6,180,SEA STAR,IMO9500016,CALL522,37.0,under way using engine,42.0,9.0,2.5,37.0
636018992,2026-09-11T14:00:00Z,34.555234,18.036036,13.8,38.7,38,ATLANTIC CARRIER,IMO9348123,D5XY8,80.0,under way using engine,274.0,48.0,14.2,80.0
239100450,2026-09-11T14:05:00Z,34.19474,18.555865,12.0,44.9,45,BLUE HORIZON,IMO9682051,CALL450,70.0,under way using engine,225.0,32.0,11.8,70.0
240889000,2026-09-11T14:05:00Z,34.828006,18.210935,18.6,114.9,115,AEGEAN BREEZE,IMO9195629,CALL0,71.0,under way using engine,294.0,40.0,13.0,71.0
247000999,2026-09-11T14:05:00Z,34.822505,18.731063,16.0,19.9,20,COASTAL DEFENDER,IMO9726205,CALL999,55.0,under way using engine,65.0,11.0,3.8,55.0
247120300,2026-09-11T14:05:00Z,34.66702,18.283755,22.1,260.6,260,MED EXPRESS,IMO9945718,CALL300,60.0,under way using engine,145.0,24.0,6.2,60.0
255806000,2026-09-11T14:05:00Z,34.278369,17.792044,14.9,69.5,70,GLOBAL TRADER,IMO9300444,CALL0,79.0,under way using engine,260.0,36.0,12.5,79.0
311000888,2026-09-11T14:05:00Z,34.908626,18.324148,12.9,210.5,210,NORTHERN LIGHT,IMO9423496,CALL888,81.0,under way using engine,190.0,30.0,10.1,81.0
352002140,2026-09-11T14:05:00Z,34.421353,18.50597,14.0,330.2,330,PACIFIC TITAN,IMO9935012,CALL140,82.0,under way using engine,182.0,32.0,9.5,82.0
636015522,2026-09-11T14:05:00Z,34.569656,17.899983,9.6,179.3,180,SEA STAR,IMO9615524,CALL522,37.0,under way using engine,42.0,9.0,2.5,37.0
636018992,2026-09-11T14:05:00Z,34.570098,18.050097,13.6,38.1,38,ATLANTIC CARRIER,IMO9348123,D5XY8,80.0,under way using engine,274.0,48.0,14.2,80.0
239100450,2026-09-11T14:10:00Z,34.206922,18.570358,11.9,44.8,45,BLUE HORIZON,IMO9727320,CALL450,70.0,under way using engine,225.0,32.0,11.8,70.0
240889000,2026-09-11T14:10:00Z,34.81736,18.239552,18.5,114.4,115,AEGEAN BREEZE,IMO9337178,CALL0,71.0,under way using engine,294.0,40.0,13.0,71.0
247000999,2026-09-11T14:10:00Z,34.843517,18.740339,15.8,19.7,20,COASTAL DEFENDER,IMO9346249,CALL999,55.0,under way using engine,65.0,11.0,3.8,55.0
247120300,2026-09-11T14:10:00Z,34.662199,18.246952,22.1,259.4,260,MED EXPRESS,IMO9266956,CALL300,60.0,under way using engine,145.0,24.0,6.2,60.0
255806000,2026-09-11T14:10:00Z,34.285719,17.815984,14.8,70.5,70,GLOBAL TRADER,IMO9116977,CALL0,79.0,under way using engine,260.0,36.0,12.5,79.0
311000888,2026-09-11T14:10:00Z,34.892876,18.312854,13.2,210.1,210,NORTHERN LIGHT,IMO9917419,CALL888,81.0,under way using engine,190.0,30.0,10.1,81.0
352002140,2026-09-11T14:10:00Z,34.438287,18.494041,14.0,329.7,330,PACIFIC TITAN,IMO9573866,CALL140,82.0,under way using engine,182.0,32.0,9.5,82.0
636015522,2026-09-11T14:10:00Z,34.556692,17.900056,9.6,179.4,180,SEA STAR,IMO9314140,CALL522,37.0,under way using engine,42.0,9.0,2.5,37.0
636018992,2026-09-11T14:10:00Z,34.58454,18.064394,13.3,37.9,38,ATLANTIC CARRIER,IMO9348123,D5XY8,80.0,under way using engine,274.0,48.0,14.2,80.0
239100450,2026-09-11T14:15:00Z,34.218827,18.584731,12.1,44.8,45,BLUE HORIZON,IMO9618306,CALL450,70.0,under way using engine,225.0,32.0,11.8,70.0
240889000,2026-09-11T14:15:00Z,34.806276,18.267928,18.3,114.7,115,AEGEAN BREEZE,IMO9226451,CALL0,71.0,under way using engine,294.0,40.0,13.0,71.0
247000999,2026-09-11T14:15:00Z,34.864241,18.749555,16.0,20.3,20,COASTAL DEFENDER,IMO9941218,CALL999,55.0,under way using engine,65.0,11.0,3.8,55.0
247120300,2026-09-11T14:15:00Z,34.656795,18.210804,22.1,260.7,260,MED EXPRESS,IMO9871667,CALL300,60.0,under way using engine,145.0,24.0,6.2,60.0
255806000,2026-09-11T14:15:00Z,34.292539,17.839913,15.1,69.4,70,GLOBAL TRADER,IMO9623376,CALL0,79.0,under way using engine,260.0,36.0,12.5,79.0
311000888,2026-09-11T14:15:00Z,34.877013,18.301447,13.0,209.7,210,NORTHERN LIGHT,IMO9734347,CALL888,81.0,under way using engine,190.0,30.0,10.1,81.0
352002140,2026-09-11T14:15:00Z,34.455341,18.482216,13.9,330.2,330,PACIFIC TITAN,IMO9996840,CALL140,82.0,under way using engine,182.0,32.0,9.5,82.0
636015522,2026-09-11T14:15:00Z,34.543452,17.900088,9.5,180.5,180,SEA STAR,IMO9314300,CALL522,37.0,under way using engine,42.0,9.0,2.5,37.0
636018992,2026-09-11T14:15:00Z,34.598887,18.078289,13.7,37.5,38,ATLANTIC CARRIER,IMO9348123,D5XY8,80.0,under way using engine,274.0,48.0,14.2,80.0
239100450,2026-09-11T14:20:00Z,34.230296,18.598712,11.9,44.4,45,BLUE HORIZON,IMO9708979,CALL450,70.0,under way using engine,225.0,32.0,11.8,70.0
240889000,2026-09-11T14:20:00Z,34.79583,18.296329,18.4,114.3,115,AEGEAN BREEZE,IMO9501677,CALL0,71.0,under way using engine,294.0,40.0,13.0,71.0
247000999,2026-09-11T14:20:00Z,34.885059,18.758603,15.8,19.6,20,COASTAL DEFENDER,IMO9749758,CALL999,55.0,under way using engine,65.0,11.0,3.8,55.0
247120300,2026-09-11T14:20:00Z,34.65122,18.173274,21.8,260.4,260,MED EXPRESS,IMO9343007,CALL300,60.0,under way using engine,145.0,24.0,6.2,60.0
255806000,2026-09-11T14:20:00Z,34.299597,17.863295,15.0,69.8,70,GLOBAL TRADER,IMO9668817,CALL0,79.0,under way using engine,260.0,36.0,12.5,79.0
311000888,2026-09-11T14:20:00Z,34.861228,18.290655,12.8,209.8,210,NORTHERN LIGHT,IMO9918343,CALL888,81.0,under way using engine,190.0,30.0,10.1,81.0
352002140,2026-09-11T14:20:00Z,34.472239,18.470511,14.0,330.1,330,PACIFIC TITAN,IMO9930281,CALL140,82.0,under way using engine,182.0,32.0,9.5,82.0
636015522,2026-09-11T14:20:00Z,34.530163,17.90008,9.6,179.7,180,SEA STAR,IMO9856729,CALL522,37.0,under way using engine,42.0,9.0,2.5,37.0
636018992,2026-09-11T14:20:00Z,34.614027,18.092187,13.7,38.7,38,ATLANTIC CARRIER,IMO9348123,D5XY8,80.0,under way using engine,274.0,48.0,14.2,80.0
239100450,2026-09-11T14:25:00Z,34.242371,18.612876,11.8,44.4,45,BLUE HORIZON,IMO9256464,CALL450,70.0,under way using engine,225.0,32.0,11.8,70.0
240889000,2026-09-11T14:25:00Z,34.785057,18.324923,18.3,114.8,115,AEGEAN BREEZE,IMO9413791,CALL0,71.0,under way using engine,294.0,40.0,13.0,71.0
247000999,2026-09-11T14:25:00Z,34.90583,18.768447,16.1,19.4,20,COASTAL DEFENDER,IMO9686741,CALL999,55.0,under way using engine,65.0,11.0,3.8,55.0
247120300,2026-09-11T14:25:00Z,34.646139,18.1372,21.8,259.5,260,MED EXPRESS,IMO9929906,CALL300,60.0,under way using engine,145.0,24.0,6.2,60.0
255806000,2026-09-11T14:25:00Z,34.306378,17.887441,14.9,70.7,70,GLOBAL TRADER,IMO9581111,CALL0,79.0,under way using engine,260.0,36.0,12.5,79.0
311000888,2026-09-11T14:25:00Z,34.845925,18.279339,13.1,210.1,210,NORTHERN LIGHT,IMO9786745,CALL888,81.0,under way using engine,190.0,30.0,10.1,81.0
352002140,2026-09-11T14:25:00Z,34.488866,18.458503,14.2,330.1,330,PACIFIC TITAN,IMO9297383,CALL140,82.0,under way using engine,182.0,32.0,9.5,82.0
636015522,2026-09-11T14:25:00Z,34.517015,17.900199,9.5,179.7,180,SEA STAR,IMO9704422,CALL522,37.0,under way using engine,42.0,9.0,2.5,37.0
636018992,2026-09-11T14:25:00Z,34.628859,18.106502,13.6,37.3,38,ATLANTIC CARRIER,IMO9348123,D5XY8,80.0,under way using engine,274.0,48.0,14.2,80.0
239100450,2026-09-11T14:30:00Z,34.253777,18.627359,12.0,44.9,45,BLUE HORIZON,IMO9315651,CALL450,70.0,under way using engine,225.0,32.0,11.8,70.0
240889000,2026-09-11T14:30:00Z,34.774104,18.353375,18.6,114.4,115,AEGEAN BREEZE,IMO9810029,CALL0,71.0,under way using engine,294.0,40.0,13.0,71.0
247000999,2026-09-11T14:30:00Z,34.927261,18.777383,15.9,20.0,20,COASTAL DEFENDER,IMO9455652,CALL999,55.0,under way using engine,65.0,11.0,3.8,55.0
247120300,2026-09-11T14:30:00Z,34.640505,18.100683,22.0,259.3,260,MED EXPRESS,IMO9780027,CALL300,60.0,under way using engine,145.0,24.0,6.2,60.0
255806000,2026-09-11T14:30:00Z,34.313881,17.910979,15.0,70.1,70,GLOBAL TRADER,IMO9500098,CALL0,79.0,under way using engine,260.0,36.0,12.5,79.0
311000888,2026-09-11T14:30:00Z,34.830527,18.268794,13.0,210.8,210,NORTHERN LIGHT,IMO9978862,CALL888,81.0,under way using engine,190.0,30.0,10.1,81.0
352002140,2026-09-11T14:30:00Z,34.505629,18.446956,13.9,329.3,330,PACIFIC TITAN,IMO9208529,CALL140,82.0,under way using engine,182.0,32.0,9.5,82.0
636015522,2026-09-11T14:30:00Z,34.503469,17.900091,9.4,180.5,180,SEA STAR,IMO9183902,CALL522,37.0,under way using engine,42.0,9.0,2.5,37.0
636018992,2026-09-11T14:30:00Z,34.643755,18.120027,13.7,38.1,38,ATLANTIC CARRIER,IMO9348123,D5XY8,80.0,under way using engine,274.0,48.0,14.2,80.0
239100450,2026-09-11T14:35:00Z,34.265661,18.641427,12.0,45.7,45,BLUE HORIZON,IMO9419343,CALL450,70.0,under way using engine,225.0,32.0,11.8,70.0
240889000,2026-09-11T14:35:00Z,34.763162,18.381684,18.3,115.2,115,AEGEAN BREEZE,IMO9561477,CALL0,71.0,under way using engine,294.0,40.0,13.0,71.0
247000999,2026-09-11T14:35:00Z,34.94812,18.786558,15.9,20.0,20,COASTAL DEFENDER,IMO9248683,CALL999,55.0,under way using engine,65.0,11.0,3.8,55.0
247120300,2026-09-11T14:35:00Z,34.635199,18.064176,22.0,260.5,260,MED EXPRESS,IMO9975427,CALL300,60.0,under way using engine,145.0,24.0,6.2,60.0
255806000,2026-09-11T14:35:00Z,34.321063,17.934939,15.1,70.2,70,GLOBAL TRADER,IMO9836197,CALL0,79.0,under way using engine,260.0,36.0,12.5,79.0
311000888,2026-09-11T14:35:00Z,34.814356,18.257655,12.9,210.5,210,NORTHERN LIGHT,IMO9492041,CALL888,81.0,under way using engine,190.0,30.0,10.1,81.0
352002140,2026-09-11T14:35:00Z,34.522728,18.434586,14.2,329.3,330,PACIFIC TITAN,IMO9777513,CALL140,82.0,under way using engine,182.0,32.0,9.5,82.0
636015522,2026-09-11T14:35:00Z,34.49071,17.899943,9.5,180.0,180,SEA STAR,IMO9543230,CALL522,37.0,under way using engine,42.0,9.0,2.5,37.0
636018992,2026-09-11T14:35:00Z,34.658703,18.134323,13.2,38.9,38,ATLANTIC CARRIER,IMO9348123,D5XY8,80.0,under way using engine,274.0,48.0,14.2,80.0
239100450,2026-09-11T14:40:00Z,34.277941,18.655632,12.1,45.7,45,BLUE HORIZON,IMO9193624,CALL450,70.0,under way using engine,225.0,32.0,11.8,70.0
240889000,2026-09-11T14:40:00Z,34.752056,18.409978,18.6,115.7,115,AEGEAN BREEZE,IMO9746002,CALL0,71.0,under way using engine,294.0,40.0,13.0,71.0
247000999,2026-09-11T14:40:00Z,34.968937,18.796088,16.2,20.0,20,COASTAL DEFENDER,IMO9975355,CALL999,55.0,under way using engine,65.0,11.0,3.8,55.0
247120300,2026-09-11T14:40:00Z,34.630014,18.027024,22.0,259.8,260,MED EXPRESS,IMO9496905,CALL300,60.0,under way using engine,145.0,24.0,6.2,60.0
255806000,2026-09-11T14:40:00Z,34.327929,17.958071,15.1,70.8,70,GLOBAL TRADER,IMO9945089,CALL0,79.0,under way using engine,260.0,36.0,12.5,79.0
311000888,2026-09-11T14:40:00Z,34.799021,18.246858,13.1,210.7,210,NORTHERN LIGHT,IMO9137827,CALL888,81.0,under way using engine,190.0,30.0,10.1,81.0
352002140,2026-09-11T14:40:00Z,34.539513,18.423259,14.0,329.9,330,PACIFIC TITAN,IMO9648141,CALL140,82.0,under way using engine,182.0,32.0,9.5,82.0
636015522,2026-09-11T14:40:00Z,34.476996,17.899989,9.6,180.5,180,SEA STAR,IMO9932106,CALL522,37.0,under way using engine,42.0,9.0,2.5,37.0
636018992,2026-09-11T14:40:00Z,34.673591,18.148112,13.4,37.1,38,ATLANTIC CARRIER,IMO9348123,D5XY8,80.0,under way using engine,274.0,48.0,14.2,80.0
239100450,2026-09-11T14:45:00Z,34.28909,18.670004,12.0,45.6,45,BLUE HORIZON,IMO9993916,CALL450,70.0,under way using engine,225.0,32.0,11.8,70.0
240889000,2026-09-11T14:45:00Z,34.741114,18.437872,18.3,114.4,115,AEGEAN BREEZE,IMO9888996,CALL0,71.0,under way using engine,294.0,40.0,13.0,71.0
247000999,2026-09-11T14:45:00Z,34.989816,18.805386,16.0,20.6,20,COASTAL DEFENDER,IMO9376002,CALL999,55.0,under way using engine,65.0,11.0,3.8,55.0
247120300,2026-09-11T14:45:00Z,34.624523,17.990896,22.1,260.0,260,MED EXPRESS,IMO9494609,CALL300,60.0,under way using engine,145.0,24.0,6.2,60.0
255806000,2026-09-11T14:45:00Z,34.335438,17.982042,14.8,70.7,70,GLOBAL TRADER,IMO9208711,CALL0,79.0,under way using engine,260.0,36.0,12.5,79.0
311000888,2026-09-11T14:45:00Z,34.783625,18.235455,13.0,210.0,210,NORTHERN LIGHT,IMO9929783,CALL888,81.0,under way using engine,190.0,30.0,10.1,81.0
352002140,2026-09-11T14:45:00Z,34.556154,18.411188,14.2,329.8,330,PACIFIC TITAN,IMO9912085,CALL140,82.0,under way using engine,182.0,32.0,9.5,82.0
636015522,2026-09-11T14:45:00Z,34.463776,17.900038,9.5,179.3,180,SEA STAR,IMO9414815,CALL522,37.0,under way using engine,42.0,9.0,2.5,37.0
636018992,2026-09-11T14:45:00Z,34.688458,18.162089,13.3,38.0,38,ATLANTIC CARRIER,IMO9348123,D5XY8,80.0,under way using engine,274.0,48.0,14.2,80.0
239100450,2026-09-11T14:50:00Z,34.301074,18.684606,12.0,44.3,45,BLUE HORIZON,IMO9837520,CALL450,70.0,under way using engine,225.0,32.0,11.8,70.0
240889000,2026-09-11T14:50:00Z,34.730628,18.466832,18.4,114.9,115,AEGEAN BREEZE,IMO9929504,CALL0,71.0,under way using engine,294.0,40.0,13.0,71.0
247000999,2026-09-11T14:50:00Z,35.010501,18.814268,15.9,19.7,20,COASTAL DEFENDER,IMO9272998,CALL999,55.0,under way using engine,65.0,11.0,3.8,55.0
247120300,2026-09-11T14:50:00Z,34.619544,17.954048,22.0,260.5,260,MED EXPRESS,IMO9461792,CALL300,60.0,under way using engine,145.0,24.0,6.2,60.0
255806000,2026-09-11T14:50:00Z,34.342192,18.005858,15.2,69.4,70,GLOBAL TRADER,IMO9565676,CALL0,79.0,under way using engine,260.0,36.0,12.5,79.0
311000888,2026-09-11T14:50:00Z,34.767666,18.224741,12.9,209.6,210,NORTHERN LIGHT,IMO9909932,CALL888,81.0,under way using engine,190.0,30.0,10.1,81.0
352002140,2026-09-11T14:50:00Z,34.573016,18.39972,14.1,330.2,330,PACIFIC TITAN,IMO9169113,CALL140,82.0,under way using engine,182.0,32.0,9.5,82.0
636015522,2026-09-11T14:50:00Z,34.450809,17.899935,9.6,179.6,180,SEA STAR,IMO9586173,CALL522,37.0,under way using engine,42.0,9.0,2.5,37.0
636018992,2026-09-11T14:50:00Z,34.703207,18.176623,13.7,37.3,38,ATLANTIC CARRIER,IMO9348123,D5XY8,80.0,under way using engine,274.0,48.0,14.2,80.0
239100450,2026-09-11T14:55:00Z,34.312409,18.698499,11.8,44.7,45,BLUE HORIZON,IMO9132699,CALL450,70.0,under way using engine,225.0,32.0,11.8,70.0
240889000,2026-09-11T14:55:00Z,34.719629,18.495093,18.3,115.1,115,AEGEAN BREEZE,IMO9729153,CALL0,71.0,under way using engine,294.0,40.0,13.0,71.0
247000999,2026-09-11T14:55:00Z,35.031404,18.824371,16.1,19.4,20,COASTAL DEFENDER,IMO9994470,CALL999,55.0,under way using engine,65.0,11.0,3.8,55.0
247120300,2026-09-11T14:55:00Z,34.613864,17.917487,22.0,260.0,260,MED EXPRESS,IMO9245718,CALL300,60.0,under way using engine,145.0,24.0,6.2,60.0
255806000,2026-09-11T14:55:00Z,34.349297,18.02958,15.1,70.6,70,GLOBAL TRADER,IMO9322162,CALL0,79.0,under way using engine,260.0,36.0,12.5,79.0
311000888,2026-09-11T14:55:00Z,34.752109,18.213681,13.1,210.5,210,NORTHERN LIGHT,IMO9496211,CALL888,81.0,under way using engine,190.0,30.0,10.1,81.0
352002140,2026-09-11T14:55:00Z,34.589893,18.387894,14.0,329.6,330,PACIFIC TITAN,IMO9992931,CALL140,82.0,under way using engine,182.0,32.0,9.5,82.0
636015522,2026-09-11T14:55:00Z,34.437639,17.900153,9.5,180.0,180,SEA STAR,IMO9449421,CALL522,37.0,under way using engine,42.0,9.0,2.5,37.0
636018992,2026-09-11T14:55:00Z,34.717441,18.190577,13.4,38.7,38,ATLANTIC CARRIER,IMO9348123,D5XY8,80.0,under way using engine,274.0,48.0,14.2,80.0
239100450,2026-09-11T15:00:00Z,34.324752,18.713298,12.0,44.7,45,BLUE HORIZON,IMO9501384,CALL450,70.0,under way using engine,225.0,32.0,11.8,70.0
240889000,2026-09-11T15:00:00Z,34.708626,18.523168,18.7,114.2,115,AEGEAN BREEZE,IMO9988217,CALL0,71.0,under way using engine,294.0,40.0,13.0,71.0
247000999,2026-09-11T15:00:00Z,35.052819,18.83294,16.0,19.5,20,COASTAL DEFENDER,IMO9157217,CALL999,55.0,under way using engine,65.0,11.0,3.8,55.0
247120300,2026-09-11T15:00:00Z,34.608646,17.88092,22.0,259.6,260,MED EXPRESS,IMO9257538,CALL300,60.0,under way using engine,145.0,24.0,6.2,60.0
255806000,2026-09-11T15:00:00Z,34.35683,18.053543,15.0,69.5,70,GLOBAL TRADER,IMO9592384,CALL0,79.0,under way using engine,260.0,36.0,12.5,79.0
311000888,2026-09-11T15:00:00Z,34.736415,18.202643,13.1,209.6,210,NORTHERN LIGHT,IMO9189041,CALL888,81.0,under way using engine,190.0,30.0,10.1,81.0
352002140,2026-09-11T15:00:00Z,34.606632,18.375484,14.1,329.7,330,PACIFIC TITAN,IMO9711046,CALL140,82.0,under way using engine,182.0,32.0,9.5,82.0
636015522,2026-09-11T15:00:00Z,34.424634,17.90017,9.4,179.5,180,SEA STAR,IMO9113457,CALL522,37.0,under way using engine,42.0,9.0,2.5,37.0
636018992,2026-09-11T15:00:00Z,34.73236,18.204662,13.5,38.5,38,ATLANTIC CARRIER,IMO9348123,D5XY8,80.0,under way using engine,274.0,48.0,14.2,80.0
239100450,2026-09-11T15:05:00Z,34.336343,18.727393,11.9,44.5,45,BLUE HORIZON,IMO9245824,CALL450,70.0,under way using engine,225.0,32.0,11.8,70.0
240889000,2026-09-11T15:05:00Z,34.697693,18.551543,18.5,115.0,115,AEGEAN BREEZE,IMO9884170,CALL0,71.0,under way using engine,294.0,40.0,13.0,71.0
247000999,2026-09-11T15:05:00Z,35.073478,18.842421,15.9,20.3,20,COASTAL DEFENDER,IMO9557629,CALL999,55.0,under way using engine,65.0,11.0,3.8,55.0
247120300,2026-09-11T15:05:00Z,34.603542,17.844443,22.1,259.4,260,MED EXPRESS,IMO9341535,CALL300,60.0,under way using engine,145.0,24.0,6.2,60.0
255806000,2026-09-11T15:05:00Z,34.364102,18.07701,15.1,69.9,70,GLOBAL TRADER,IMO9960270,CALL0,79.0,under way using engine,260.0,36.0,12.5,79.0
311000888,2026-09-11T15:05:00Z,34.721032,18.191844,13.1,210.4,210,NORTHERN LIGHT,IMO9121133,CALL888,81.0,under way using engine,190.0,30.0,10.1,81.0
352002140,2026-09-11T15:05:00Z,34.6235,18.363639,13.9,330.2,330,PACIFIC TITAN,IMO9794299,CALL140,82.0,under way using engine,182.0,32.0,9.5,82.0
636015522,2026-09-11T15:05:00Z,34.411487,17.899753,9.4,179.8,180,SEA STAR,IMO9536019,CALL522,37.0,under way using engine,42.0,9.0,2.5,37.0
636018992,2026-09-11T15:05:00Z,34.747326,18.218825,13.8,38.3,38,ATLANTIC CARRIER,IMO9348123,D5XY8,80.0,under way using engine,274.0,48.0,14.2,80.0
239100450,2026-09-11T15:10:00Z,34.348393,18.741745,12.2,45.5,45,BLUE HORIZON,IMO9261760,CALL450,70.0,under way using engine,225.0,32.0,11.8,70.0
240889000,2026-09-11T15:10:00Z,34.68669,18.580219,18.6,115.5,115,AEGEAN BREEZE,IMO9350967,CALL0,71.0,under way using engine,294.0,40.0,13.0,71.0
247000999,2026-09-11T15:10:00Z,35.094693,18.851948,16.0,19.9,20,COASTAL DEFENDER,IMO9843470,CALL999,55.0,under way using engine,65.0,11.0,3.8,55.0
247120300,2026-09-11T15:10:00Z,34.598003,17.807763,21.8,260.3,260,MED EXPRESS,IMO9602290,CALL300,60.0,under way using engine,145.0,24.0,6.2,60.0
255806000,2026-09-11T15:10:00Z,34.370844,18.100532,15.0,70.7,70,GLOBAL TRADER,IMO9920192,CALL0,79.0,under way using engine,260.0,36.0,12.5,79.0
311000888,2026-09-11T15:10:00Z,34.705543,18.180775,13.0,209.4,210,NORTHERN LIGHT,IMO9871619,CALL888,81.0,under way using engine,190.0,30.0,10.1,81.0
352002140,2026-09-11T15:10:00Z,34.640379,18.352361,14.2,329.7,330,PACIFIC TITAN,IMO9494976,CALL140,82.0,under way using engine,182.0,32.0,9.5,82.0
636015522,2026-09-11T15:10:00Z,34.398563,17.899805,9.4,180.0,180,SEA STAR,IMO9772188,CALL522,37.0,under way using engine,42.0,9.0,2.5,37.0
636018992,2026-09-11T15:10:00Z,34.761841,18.232817,13.3,37.4,38,ATLANTIC CARRIER,IMO9348123,D5XY8,80.0,under way using engine,274.0,48.0,14.2,80.0
239100450,2026-09-11T15:15:00Z,34.360019,18.756247,11.9,44.2,45,BLUE HORIZON,IMO9779885,CALL450,70.0,under way using engine,225.0,32.0,11.8,70.0
240889000,2026-09-11T15:15:00Z,34.675946,18.60839,18.5,115.2,115,AEGEAN BREEZE,IMO9653948,CALL0,71.0,under way using engine,294.0,40.0,13.0,71.0
247000999,2026-09-11T15:15:00Z,35.115075,18.860883,15.8,20.4,20,COASTAL DEFENDER,IMO9255245,CALL999,55.0,under way using engine,65.0,11.0,3.8,55.0
247120300,2026-09-11T15:15:00Z,34.592875,17.771192,22.1,259.2,260,MED EXPRESS,IMO9145240,CALL300,60.0,under way using engine,145.0,24.0,6.2,60.0
255806000,2026-09-11T15:15:00Z,34.378218,18.124715,15.2,69.6,70,GLOBAL TRADER,IMO9979214,CALL0,79.0,under way using engine,260.0,36.0,12.5,79.0
311000888,2026-09-11T15:15:00Z,34.689345,18.169644,13.1,210.6,210,NORTHERN LIGHT,IMO9922892,CALL888,81.0,under way using engine,190.0,30.0,10.1,81.0
352002140,2026-09-11T15:15:00Z,34.657335,18.340222,13.9,330.3,330,PACIFIC TITAN,IMO9874661,CALL140,82.0,under way using engine,182.0,32.0,9.5,82.0
636015522,2026-09-11T15:15:00Z,34.384937,17.899994,9.7,180.8,180,SEA STAR,IMO9230524,CALL522,37.0,under way using engine,42.0,9.0,2.5,37.0
636018992,2026-09-11T15:15:00Z,34.776716,18.24702,13.3,37.4,38,ATLANTIC CARRIER,IMO9348123,D5XY8,80.0,under way using engine,274.0,48.0,14.2,80.0
239100450,2026-09-11T15:20:00Z,34.372232,18.770177,12.0,44.9,45,BLUE HORIZON,IMO9242371,CALL450,70.0,under way using engine,225.0,32.0,11.8,70.0
240889000,2026-09-11T15:20:00Z,34.665197,18.636711,18.4,114.7,115,AEGEAN BREEZE,IMO9505629,CALL0,71.0,under way using engine,294.0,40.0,13.0,71.0
247000999,2026-09-11T15:20:00Z,35.136249,18.87033,16.1,19.5,20,COASTAL DEFENDER,IMO9276470,CALL999,55.0,under way using engine,65.0,11.0,3.8,55.0
247120300,2026-09-11T15:20:00Z,34.58772,17.734678,21.9,260.0,260,MED EXPRESS,IMO9700067,CALL300,60.0,under way using engine,145.0,24.0,6.2,60.0
255806000,2026-09-11T15:20:00Z,34.385684,18.148049,15.1,69.2,70,GLOBAL TRADER,IMO9534694,CALL0,79.0,under way using engine,260.0,36.0,12.5,79.0
311000888,2026-09-11T15:20:00Z,34.673754,18.158973,12.8,209.6,210,NORTHERN LIGHT,IMO9312511,CALL888,81.0,under way using engine,190.0,30.0,10.1,81.0
352002140,2026-09-11T15:20:00Z,34.674745,18.328521,13.8,330.3,330,PACIFIC TITAN,IMO9633188,CALL140,82.0,under way using engine,182.0,32.0,9.5,82.0
636015522,2026-09-11T15:20:00Z,34.371458,17.900171,9.4,179.9,180,SEA STAR,IMO9367657,CALL522,37.0,under way using engine,42.0,9.0,2.5,37.0
636018992,2026-09-11T15:20:00Z,34.791902,18.260985,13.3,38.8,38,ATLANTIC CARRIER,IMO9348123,D5XY8,80.0,under way using engine,274.0,48.0,14.2,80.0
239100450,2026-09-11T15:25:00Z,34.383959,18.784585,12.0,44.9,45,BLUE HORIZON,IMO9927251,CALL450,70.0,under way using engine,225.0,32.0,11.8,70.0
240889000,2026-09-11T15:25:00Z,34.654468,18.664874,18.4,115.3,115,AEGEAN BREEZE,IMO9899776,CALL0,71.0,under way using engine,294.0,40.0,13.0,71.0
247000999,2026-09-11T15:25:00Z,35.15709,18.8792,16.0,20.3,20,COASTAL DEFENDER,IMO9322713,CALL999,55.0,under way using engine,65.0,11.0,3.8,55.0
247120300,2026-09-11T15:25:00Z,34.582295,17.697992,22.2,260.0,260,MED EXPRESS,IMO9525151,CALL300,60.0,under way using engine,145.0,24.0,6.2,60.0
255806000,2026-09-11T15:25:00Z,34.392503,18.172059,15.1,70.5,70,GLOBAL TRADER,IMO9644172,CALL0,79.0,under way using engine,260.0,36.0,12.5,79.0
311000888,2026-09-11T15:25:00Z,34.658635,18.14808,13.0,209.8,210,NORTHERN LIGHT,IMO9550399,CALL888,81.0,under way using engine,190.0,30.0,10.1,81.0
352002140,2026-09-11T15:25:00Z,34.691038,18.316838,13.9,329.5,330,PACIFIC TITAN,IMO9903373,CALL140,82.0,under way using engine,182.0,32.0,9.5,82.0
636015522,2026-09-11T15:25:00Z,34.358487,17.899669,9.4,180.3,180,SEA STAR,IMO9765824,CALL522,37.0,under way using engine,42.0,9.0,2.5,37.0
636018992,2026-09-11T15:25:00Z,34.806487,18.274877,13.3,38.3,38,ATLANTIC CARRIER,IMO9348123,D5XY8,80.0,under way using engine,274.0,48.0,14.2,80.0
239100450,2026-09-11T15:30:00Z,34.395355,18.798302,12.0,44.9,45,BLUE HORIZON,IMO9544726,CALL450,70.0,under way using engine,225.0,32.0,11.8,70.0
240889000,2026-09-11T15:30:00Z,34.64285,18.693517,18.3,115.1,115,AEGEAN BREEZE,IMO9114463,CALL0,71.0,under way using engine,294.0,40.0,13.0,71.0
247000999,2026-09-11T15:30:00Z,35.177533,18.888612,16.0,20.1,20,COASTAL DEFENDER,IMO9536646,CALL999,55.0,under way using engine,65.0,11.0,3.8,55.0
247120300,2026-09-11T15:30:00Z,34.576702,17.661157,21.8,260.4,260,MED EXPRESS,IMO9793889,CALL300,60.0,under way using engine,145.0,24.0,6.2,60.0
255806000,2026-09-11T15:30:00Z,34.399706,18.195555,14.9,70.7,70,GLOBAL TRADER,IMO9550908,CALL0,79.0,under way using engine,260.0,36.0,12.5,79.0
311000888,2026-09-11T15:30:00Z,34.642989,18.137073,13.0,210.0,210,NORTHERN LIGHT,IMO9837022,CALL888,81.0,under way using engine,190.0,30.0,10.1,81.0
352002140,2026-09-11T15:30:00Z,34.707876,18.304868,13.9,329.3,330,PACIFIC TITAN,IMO9985447,CALL140,82.0,under way using engine,182.0,32.0,9.5,82.0
636015522,2026-09-11T15:30:00Z,34.345118,17.899714,9.6,180.7,180,SEA STAR,IMO9871399,CALL522,37.0,under way using engine,42.0,9.0,2.5,37.0
636018992,2026-09-11T15:30:00Z,34.821253,18.289115,13.8,38.1,38,ATLANTIC CARRIER,IMO9348123,D5XY8,80.0,under way using engine,274.0,48.0,14.2,80.0
239100450,2026-09-11T15:35:00Z,34.407101,18.812965,11.9,44.5,45,BLUE HORIZON,IMO9733941,CALL450,70.0,under way using engine,225.0,32.0,11.8,70.0
240889000,2026-09-11T15:35:00Z,34.632556,18.721801,18.3,115.5,115,AEGEAN BREEZE,IMO9631219,CALL0,71.0,under way using engine,294.0,40.0,13.0,71.0
247000999,2026-09-11T15:35:00Z,35.199031,18.898116,16.0,19.4,20,COASTAL DEFENDER,IMO9444622,CALL999,55.0,under way using engine,65.0,11.0,3.8,55.0
247120300,2026-09-11T15:35:00Z,34.571809,17.624286,21.9,260.2,260,MED EXPRESS,IMO9594312,CALL300,60.0,under way using engine,145.0,24.0,6.2,60.0
255806000,2026-09-11T15:35:00Z,34.406752,18.220091,14.9,70.2,70,GLOBAL TRADER,IMO9968797,CALL0,79.0,under way using engine,260.0,36.0,12.5,79.0
311000888,2026-09-11T15:35:00Z,34.626754,18.12577,12.8,210.0,210,NORTHERN LIGHT,IMO9512766,CALL888,81.0,under way using engine,190.0,30.0,10.1,81.0
352002140,2026-09-11T15:35:00Z,34.724933,18.292784,14.0,330.4,330,PACIFIC TITAN,IMO9652108,CALL140,82.0,under way using engine,182.0,32.0,9.5,82.0
636015522,2026-09-11T15:35:00Z,34.33203,17.900228,9.7,179.8,180,SEA STAR,IMO9840880,CALL522,37.0,under way using engine,42.0,9.0,2.5,37.0
636018992,2026-09-11T15:35:00Z,34.835675,18.303148,13.7,37.4,38,ATLANTIC CARRIER,IMO9348123,D5XY8,80.0,under way using engine,274.0,48.0,14.2,80.0
239100450,2026-09-11T15:40:00Z,34.41934,18.827346,12.1,45.3,45,BLUE HORIZON,IMO9382329,CALL450,70.0,under way using engine,225.0,32.0,11.8,70.0
240889000,2026-09-11T15:40:00Z,34.621618,18.750382,18.6,114.9,115,AEGEAN BREEZE,IMO9521818,CALL0,71.0,under way using engine,294.0,40.0,13.0,71.0
247000999,2026-09-11T15:40:00Z,35.220102,18.907549,16.1,19.8,20,COASTAL DEFENDER,IMO9719014,CALL999,55.0,under way using engine,65.0,11.0,3.8,55.0
247120300,2026-09-11T15:40:00Z,34.566369,17.58805,22.1,260.2,260,MED EXPRESS,IMO9933215,CALL300,60.0,under way using engine,145.0,24.0,6.2,60.0
255806000,2026-09-11T15:40:00Z,34.414297,18.243455,15.0,70.7,70,GLOBAL TRADER,IMO9509376,CALL0,79.0,under way using engine,260.0,36.0,12.5,79.0
311000888,2026-09-11T15:40:00Z,34.611571,18.114718,13.1,209.9,210,NORTHERN LIGHT,IMO9705950,CALL888,81.0,under way using engine,190.0,30.0,10.1,81.0
352002140,2026-09-11T15:40:00Z,34.74191,18.281215,14.1,329.4,330,PACIFIC TITAN,IMO9495019,CALL140,82.0,under way using engine,182.0,32.0,9.5,82.0
636015522,2026-09-11T15:40:00Z,34.318679,17.899723,9.6,179.6,180,SEA STAR,IMO9577595,CALL522,37.0,under way using engine,42.0,9.0,2.5,37.0
636018992,2026-09-11T15:40:00Z,34.850986,18.31729,13.5,37.9,38,ATLANTIC CARRIER,IMO9348123,D5XY8,80.0,under way using engine,274.0,48.0,14.2,80.0
239100450,2026-09-11T15:45:00Z,34.43069,18.841771,11.9,45.8,45,BLUE HORIZON,IMO9695748,CALL450,70.0,under way using engine,225.0,32.0,11.8,70.0
240889000,2026-09-11T15:45:00Z,34.611035,18.778523,18.5,114.6,115,AEGEAN BREEZE,IMO9424960,CALL0,71.0,under way using engine,294.0,40.0,13.0,71.0
247000999,2026-09-11T15:45:00Z,35.240794,18.916774,15.9,19.2,20,COASTAL DEFENDER,IMO9582589,CALL999,55.0,under way using engine,65.0,11.0,3.8,55.0
247120300,2026-09-11T15:45:00Z,34.560679,17.551391,22.0,260.0,260,MED EXPRESS,IMO9275868,CALL300,60.0,under way using engine,145.0,24.0,6.2,60.0
255806000,2026-09-11T15:45:00Z,34.421113,18.267047,15.2,70.0,70,GLOBAL TRADER,IMO9558648,CALL0,79.0,under way using engine,260.0,36.0,12.5,79.0
311000888,2026-09-11T15:45:00Z,34.595793,18.103809,12.9,209.8,210,NORTHERN LIGHT,IMO9690509,CALL888,81.0,under way using engine,190.0,30.0,10.1,81.0
352002140,2026-09-11T15:45:00Z,34.758663,18.269432,14.1,330.2,330,PACIFIC TITAN,IMO9273580,CALL140,82.0,under way using engine,182.0,32.0,9.5,82.0
636015522,2026-09-11T15:45:00Z,34.305714,17.899961,9.4,180.1,180,SEA STAR,IMO9794791,CALL522,37.0,under way using engine,42.0,9.0,2.5,37.0
636018992,2026-09-11T15:45:00Z,34.865564,18.330955,13.8,37.2,38,ATLANTIC CARRIER,IMO9348123,D5XY8,80.0,under way using engine,274.0,48.0,14.2,80.0
239100450,2026-09-11T15:50:00Z,34.442511,18.855962,12.0,45.7,45,BLUE HORIZON,IMO9183952,CALL450,70.0,under way using engine,225.0,32.0,11.8,70.0
240889000,2026-09-11T15:50:00Z,34.600345,18.806937,18.7,114.4,115,AEGEAN BREEZE,IMO9442622,CALL0,71.0,under way using engine,294.0,40.0,13.0,71.0
247000999,2026-09-11T15:50:00Z,35.261756,18.925874,16.0,20.7,20,COASTAL DEFENDER,IMO9723068,CALL999,55.0,under way using engine,65.0,11.0,3.8,55.0
247120300,2026-09-11T15:50:00Z,34.555634,17.514801,22.0,260.1,260,MED EXPRESS,IMO9340977,CALL300,60.0,under way using engine,145.0,24.0,6.2,60.0
255806000,2026-09-11T15:50:00Z,34.428161,18.291135,14.9,69.4,70,GLOBAL TRADER,IMO9704958,CALL0,79.0,under way using engine,260.0,36.0,12.5,79.0
311000888,2026-09-11T15:50:00Z,34.580074,18.092972,12.9,210.2,210,NORTHERN LIGHT,IMO9187697,CALL888,81.0,under way using engine,190.0,30.0,10.1,81.0
352002140,2026-09-11T15:50:00Z,34.775438,18.257422,13.9,330.4,330,PACIFIC TITAN,IMO9565776,CALL140,82.0,under way using engine,182.0,32.0,9.5,82.0
636015522,2026-09-11T15:50:00Z,34.292417,17.899974,9.6,180.2,180,SEA STAR,IMO9503017,CALL522,37.0,under way using engine,42.0,9.0,2.5,37.0
636018992,2026-09-11T15:50:00Z,34.880245,18.345441,13.7,37.5,38,ATLANTIC CARRIER,IMO9348123,D5XY8,80.0,under way using engine,274.0,48.0,14.2,80.0
239100450,2026-09-11T15:55:00Z,34.454703,18.870501,12.2,45.8,45,BLUE HORIZON,IMO9916704,CALL450,70.0,under way using engine,225.0,32.0,11.8,70.0
240889000,2026-09-11T15:55:00Z,34.588859,18.835221,18.6,115.3,115,AEGEAN BREEZE,IMO9169326,CALL0,71.0,under way using engine,294.0,40.0,13.0,71.0
247000999,2026-09-11T15:55:00Z,35.28242,18.9353,15.8,20.2,20,COASTAL DEFENDER,IMO9575111,CALL999,55.0,under way using engine,65.0,11.0,3.8,55.0
247120300,2026-09-11T15:55:00Z,34.550276,17.47848,21.8,260.0,260,MED EXPRESS,IMO9628859,CALL300,60.0,under way using engine,145.0,24.0,6.2,60.0
255806000,2026-09-11T15:55:00Z,34.435339,18.314208,15.1,69.6,70,GLOBAL TRADER,IMO9679763,CALL0,79.0,under way using engine,260.0,36.0,12.5,79.0
311000888,2026-09-11T15:55:00Z,34.564387,18.081957,13.1,210.0,210,NORTHERN LIGHT,IMO9362111,CALL888,81.0,under way using engine,190.0,30.0,10.1,81.0
352002140,2026-09-11T15:55:00Z,34.79205,18.245417,14.1,329.6,330,PACIFIC TITAN,IMO9350786,CALL140,82.0,under way using engine,182.0,32.0,9.5,82.0
636015522,2026-09-11T15:55:00Z,34.278978,17.900159,9.7,180.0,180,SEA STAR,IMO9297995,CALL522,37.0,under way using engine,42.0,9.0,2.5,37.0
636018992,2026-09-11T15:55:00Z,34.895265,18.359627,13.5,37.6,38,ATLANTIC CARRIER,IMO9348123,D5XY8,80.0,under way using engine,274.0,48.0,14.2,80.0
239100450,2026-09-11T16:00:00Z,34.466253,18.884794,12.0,45.2,45,BLUE HORIZON,IMO9357143,CALL450,70.0,under way using engine,225.0,32.0,11.8,70.0
240889000,2026-09-11T16:00:00Z,34.578128,18.863556,18.7,114.6,115,AEGEAN BREEZE,IMO9356355,CALL0,71.0,under way using engine,294.0,40.0,13.0,71.0
247000999,2026-09-11T16:00:00Z,35.303275,18.94506,16.1,20.7,20,COASTAL DEFENDER,IMO9696805,CALL999,55.0,under way using engine,65.0,11.0,3.8,55.0
247120300,2026-09-11T16:00:00Z,34.544891,17.44149,22.0,259.5,260,MED EXPRESS,IMO9744610,CALL300,60.0,under way using engine,145.0,24.0,6.2,60.0
255806000,2026-09-11T16:00:00Z,34.442485,18.338495,14.8,69.2,70,GLOBAL TRADER,IMO9112098,CALL0,79.0,under way using engine,260.0,36.0,12.5,79.0
311000888,2026-09-11T16:00:00Z,34.548809,18.071017,13.1,210.0,210,NORTHERN LIGHT,IMO9980436,CALL888,81.0,under way using engine,190.0,30.0,10.1,81.0
352002140,2026-09-11T16:00:00Z,34.809031,18.234117,14.0,330.5,330,PACIFIC TITAN,IMO9485709,CALL140,82.0,under way using engine,182.0,32.0,9.5,82.0
636015522,2026-09-11T16:00:00Z,34.266068,17.899915,9.5,180.3,180,SEA STAR,IMO9624966,CALL522,37.0,under way using engine,42.0,9.0,2.5,37.0
636018992,2026-09-11T16:00:00Z,34.909977,18.373967,13.5,38.7,38,ATLANTIC CARRIER,IMO9348123,D5XY8,80.0,under way using engine,274.0,48.0,14.2,80.0
239100450,2026-09-11T16:05:00Z,34.477771,18.898924,12.2,44.3,45,BLUE HORIZON,IMO9764469,CALL450,70.0,under way using engine,225.0,32.0,11.8,70.0
240889000,2026-09-11T16:05:00Z,34.56752,18.891778,18.5,115.2,115,AEGEAN BREEZE,IMO9424314,CALL0,71.0,under way using engine,294.0,40.0,13.0,71.0
247000999,2026-09-11T16:05:00Z,35.324601,18.954384,16.1,19.7,20,COASTAL DEFENDER,IMO9936917,CALL999,55.0,under way using engine,65.0,11.0,3.8,55.0
247120300,2026-09-11T16:05:00Z,34.539397,17.405022,22.0,260.4,260,MED EXPRESS,IMO9197716,CALL300,60.0,under way using engine,145.0,24.0,6.2,60.0
255806000,2026-09-11T16:05:00Z,34.449338,18.361917,14.8,70.3,70,GLOBAL TRADER,IMO9182598,CALL0,79.0,under way using engine,260.0,36.0,12.5,79.0
311000888,2026-09-11T16:05:00Z,34.532847,18.059884,13.1,209.6,210,NORTHERN LIGHT,IMO9426584,CALL888,81.0,under way using engine,190.0,30.0,10.1,81.0
352002140,2026-09-11T16:05:00Z,34.825909,18.22169,14.0,330.4,330,PACIFIC TITAN,IMO9915922,CALL140,82.0,under way using engine,182.0,32.0,9.5,82.0
636015522,2026-09-11T16:05:00Z,34.25306,17.899941,9.5,179.7,180,SEA STAR,IMO9531603,CALL522,37.0,under way using engine,42.0,9.0,2.5,37.0
636018992,2026-09-11T16:05:00Z,34.924706,18.387587,13.8,38.7,38,ATLANTIC CARRIER,IMO9348123,D5XY8,80.0,under way using engine,274.0,48.0,14.2,80.0
239100450,2026-09-11T16:10:00Z,34.489637,18.913116,12.0,45.6,45,BLUE HORIZON,IMO9661023,CALL450,70.0,under way using engine,225.0,32.0,11.8,70.0
240889000,2026-09-11T16:10:00Z,34.556319,18.919723,18.4,114.2,115,AEGEAN BREEZE,IMO9243876,CALL0,71.0,under way using engine,294.0,40.0,13.0,71.0
247000999,2026-09-11T16:10:00Z,35.345304,18.963447,16.2,19.8,20,COASTAL DEFENDER,IMO9518233,CALL999,55.0,under way using engine,65.0,11.0,3.8,55.0
247120300,2026-09-11T16:10:00Z,34.534312,17.368705,22.0,260.5,260,MED EXPRESS,IMO9912510,CALL300,60.0,under way using engine,145.0,24.0,6.2,60.0
255806000,2026-09-11T16:10:00Z,34.456615,18.385859,15.1,70.8,70,GLOBAL TRADER,IMO9765282,CALL0,79.0,under way using engine,260.0,36.0,12.5,79.0
311000888,2026-09-11T16:10:00Z,34.517304,18.048596,12.8,210.3,210,NORTHERN LIGHT,IMO9727814,CALL888,81.0,under way using engine,190.0,30.0,10.1,81.0
352002140,2026-09-11T16:10:00Z,34.842699,18.210233,14.2,330.5,330,PACIFIC TITAN,IMO9940181,CALL140,82.0,under way using engine,182.0,32.0,9.5,82.0
636015522,2026-09-11T16:10:00Z,34.239572,17.899546,9.6,179.4,180,SEA STAR,IMO9700426,CALL522,37.0,under way using engine,42.0,9.0,2.5,37.0
636018992,2026-09-11T16:10:00Z,34.940007,18.401614,13.7,37.3,38,ATLANTIC CARRIER,IMO9348123,D5XY8,80.0,under way using engine,274.0,48.0,14.2,80.0
239100450,2026-09-11T16:15:00Z,34.501731,18.927273,12.0,45.0,45,BLUE HORIZON,IMO9869460,CALL450,70.0,under way using engine,225.0,32.0,11.8,70.0
240889000,2026-09-11T16:15:00Z,34.545559,18.948166,18.7,115.0,115,AEGEAN BREEZE,IMO9921021,CALL0,71.0,under way using engine,294.0,40.0,13.0,71.0
247000999,2026-09-11T16:15:00Z,35.366131,18.972897,16.1,19.8,20,COASTAL DEFENDER,IMO9121508,CALL999,55.0,under way using engine,65.0,11.0,3.8,55.0
247120300,2026-09-11T16:15:00Z,34.529013,17.331936,22.0,260.6,260,MED EXPRESS,IMO9831531,CALL300,60.0,under way using engine,145.0,24.0,6.2,60.0
255806000,2026-09-11T16:15:00Z,34.463662,18.409509,14.9,70.6,70,GLOBAL TRADER,IMO9411345,CALL0,79.0,under way using engine,260.0,36.0,12.5,79.0
311000888,2026-09-11T16:15:00Z,34.501655,18.038019,13.1,210.4,210,NORTHERN LIGHT,IMO9933298,CALL888,81.0,under way using engine,190.0,30.0,10.1,81.0
352002140,2026-09-11T16:15:00Z,34.859415,18.19796,13.8,330.0,330,PACIFIC TITAN,IMO9489244,CALL140,82.0,under way using engine,182.0,32.0,9.5,82.0
636015522,2026-09-11T16:15:00Z,34.226387,17.899819,9.4,180.4,180,SEA STAR,IMO9884639,CALL522,37.0,under way using engine,42.0,9.0,2.5,37.0
636018992,2026-09-11T16:15:00Z,34.954212,18.415812,13.4,37.1,38,ATLANTIC CARRIER,IMO9348123,D5XY8,80.0,under way using engine,274.0,48.0,14.2,80.0
239100450,2026-09-11T16:20:00Z,34.513397,18.941974,12.2,44.7,45,BLUE HORIZON,IMO9275645,CALL450,70.0,under way using engine,225.0,32.0,11.8,70.0
240889000,2026-09-11T16:20:00Z,34.534793,18.976441,18.4,115.4,115,AEGEAN BREEZE,IMO9381819,CALL0,71.0,under way using engine,294.0,40.0,13.0,71.0
247000999,2026-09-11T16:20:00Z,35.387112,18.981985,16.1,19.7,20,COASTAL DEFENDER,IMO9889114,CALL999,55.0,under way using engine,65.0,11.0,3.8,55.0
247120300,2026-09-11T16:20:00Z,34.523652,17.295537,22.1,260.5,260,MED EXPRESS,IMO9499755,CALL300,60.0,under way using engine,145.0,24.0,6.2,60.0
255806000,2026-09-11T16:20:00Z,34.471055,18.433778,15.1,70.5,70,GLOBAL TRADER,IMO9496473,CALL0,79.0,under way using engine,260.0,36.0,12.5,79.0
311000888,2026-09-11T16:20:00Z,34.485785,18.027059,13.2,209.6,210,NORTHERN LIGHT,IMO9583783,CALL888,81.0,under way using engine,190.0,30.0,10.1,81.0
352002140,2026-09-11T16:20:00Z,34.876507,18.186315,14.1,330.6,330,PACIFIC TITAN,IMO9398910,CALL140,82.0,under way using engine,182.0,32.0,9.5,82.0
636015522,2026-09-11T16:20:00Z,34.21301,17.900103,9.7,180.5,180,SEA STAR,IMO9101655,CALL522,37.0,under way using engine,42.0,9.0,2.5,37.0
636018992,2026-09-11T16:20:00Z,34.96872,18.430301,13.4,38.6,38,ATLANTIC CARRIER,IMO9348123,D5XY8,80.0,under way using engine,274.0,48.0,14.2,80.0
239100450,2026-09-11T16:25:00Z,34.525728,18.956229,12.1,45.4,45,BLUE HORIZON,IMO9691088,CALL450,70.0,under way using engine,225.0,32.0,11.8,70.0
240889000,2026-09-11T16:25:00Z,34.523843,19.004777,18.7,114.7,115,AEGEAN BREEZE,IMO9550179,CALL0,71.0,under way using engine,294.0,40.0,13.0,71.0
247000999,2026-09-11T16:25:00Z,35.408057,18.991381,15.9,20.5,20,COASTAL DEFENDER,IMO9871635,CALL999,55.0,under way using engine,65.0,11.0,3.8,55.0
247120300,2026-09-11T16:25:00Z,34.518269,17.259294,22.2,260.5,260,MED EXPRESS,IMO9704106,CALL300,60.0,under way using engine,145.0,24.0,6.2,60.0
255806000,2026-09-11T16:25:00Z,34.478093,18.4569,14.9,70.7,70,GLOBAL TRADER,IMO9757916,CALL0,79.0,under way using engine,260.0,36.0,12.5,79.0
311000888,2026-09-11T16:25:00Z,34.470304,18.015848,13.1,210.8,210,NORTHERN LIGHT,IMO9185390,CALL888,81.0,under way using engine,190.0,30.0,10.1,81.0
352002140,2026-09-11T16:25:00Z,34.893554,18.174542,14.0,330.0,330,PACIFIC TITAN,IMO9971415,CALL140,82.0,under way using engine,182.0,32.0,9.5,82.0
636015522,2026-09-11T16:25:00Z,34.200221,17.900197,9.5,179.9,180,SEA STAR,IMO9402346,CALL522,37.0,under way using engine,42.0,9.0,2.5,37.0
636018992,2026-09-11T16:25:00Z,34.983731,18.444061,13.8,39.0,38,ATLANTIC CARRIER,IMO9348123,D5XY8,80.0,under way using engine,274.0,48.0,14.2,80.0
239100450,2026-09-11T16:30:00Z,34.537066,18.970731,12.0,45.1,45,BLUE HORIZON,IMO9788201,CALL450,70.0,under way using engine,225.0,32.0,11.8,70.0
240889000,2026-09-11T16:30:00Z,34.512973,19.033241,18.6,115.1,115,AEGEAN BREEZE,IMO9180813,CALL0,71.0,under way using engine,294.0,40.0,13.0,71.0
247000999,2026-09-11T16:30:00Z,35.42891,19.000587,16.1,19.4,20,COASTAL DEFENDER,IMO9797848,CALL999,55.0,under way using engine,65.0,11.0,3.8,55.0
247120300,2026-09-11T16:30:00Z,34.513258,17.222505,22.0,259.6,260,MED EXPRESS,IMO9187889,CALL300,60.0,under way using engine,145.0,24.0,6.2,60.0
255806000,2026-09-11T16:30:00Z,34.485761,18.48105,15.1,69.4,70,GLOBAL TRADER,IMO9724840,CALL0,79.0,under way using engine,260.0,36.0,12.5,79.0
311000888,2026-09-11T16:30:00Z,34.454898,18.005019,12.8,209.4,210,NORTHERN LIGHT,IMO9114286,CALL888,81.0,under way using engine,190.0,30.0,10.1,81.0
352002140,2026-09-11T16:30:00Z,34.909863,18.162801,13.9,329.9,330,PACIFIC TITAN,IMO9466566,CALL140,82.0,under way using engine,182.0,32.0,9.5,82.0
636015522,2026-09-11T16:30:00Z,34.186717,17.899878,9.4,180.3,180,SEA STAR,IMO9307639,CALL522,37.0,under way using engine,42.0,9.0,2.5,37.0
636018992,2026-09-11T16:30:00Z,34.998424,18.457999,13.3,37.6,38,ATLANTIC CARRIER,IMO9348123,D5XY8,80.0,under way using engine,274.0,48.0,14.2,80.0
239100450,2026-09-11T16:35:00Z,34.549245,18.984751,12.0,44.7,45,BLUE HORIZON,IMO9186518,CALL450,70.0,under way using engine,225.0,32.0,11.8,70.0
240889000,2026-09-11T16:35:00Z,34.501873,19.061464,18.3,115.6,115,AEGEAN BREEZE,IMO9274987,CALL0,71.0,under way using engine,294.0,40.0,13.0,71.0
247000999,2026-09-11T16:35:00Z,35.449912,19.010195,15.9,19.9,20,COASTAL DEFENDER,IMO9506941,CALL999,55.0,under way using engine,65.0,11.0,3.8,55.0
247120300,2026-09-11T16:35:00Z,34.507774,17.186286,22.0,259.5,260,MED EXPRESS,IMO9843596,CALL300,60.0,under way using engine,145.0,24.0,6.2,60.0
255806000,2026-09-11T16:35:00Z,34.492401,18.50482,14.9,69.5,70,GLOBAL TRADER,IMO9181140,CALL0,79.0,under way using engine,260.0,36.0,12.5,79.0
311000888,2026-09-11T16:35:00Z,34.439233,17.994443,12.9,209.9,210,NORTHERN LIGHT,IMO9219185,CALL888,81.0,under way using engine,190.0,30.0,10.1,81.0
352002140,2026-09-11T16:35:00Z,34.927355,18.150659,14.0,329.8,330,PACIFIC TITAN,IMO9504924,CALL140,82.0,under way using engine,182.0,32.0,9.5,82.0
636015522,2026-09-11T16:35:00Z,34.173286,17.90002,9.3,180.1,180,SEA STAR,IMO9322899,CALL522,37.0,under way using engine,42.0,9.0,2.5,37.0
636018992,2026-09-11T16:35:00Z,35.013773,18.472165,13.5,38.5,38,ATLANTIC CARRIER,IMO9348123,D5XY8,80.0,under way using engine,274.0,48.0,14.2,80.0
239100450,2026-09-11T16:40:00Z,34.560736,18.999154,12.1,44.6,45,BLUE HORIZON,IMO9745710,CALL450,70.0,under way using engine,225.0,32.0,11.8,70.0
240889000,2026-09-11T16:40:00Z,34.491138,19.089857,18.3,115.1,115,AEGEAN BREEZE,IMO9857888,CALL0,71.0,under way using engine,294.0,40.0,13.0,71.0
247000999,2026-09-11T16:40:00Z,35.470405,19.019465,16.0,20.4,20,COASTAL DEFENDER,IMO9950389,CALL999,55.0,under way using engine,65.0,11.0,3.8,55.0
247120300,2026-09-11T16:40:00Z,34.502546,17.149307,22.0,260.0,260,MED EXPRESS,IMO9493247,CALL300,60.0,under way using engine,145.0,24.0,6.2,60.0
255806000,2026-09-11T16:40:00Z,34.499266,18.528529,15.1,69.8,70,GLOBAL TRADER,IMO9614889,CALL0,79.0,under way using engine,260.0,36.0,12.5,79.0
311000888,2026-09-11T16:40:00Z,34.423609,17.983255,12.9,210.5,210,NORTHERN LIGHT,IMO9610859,CALL888,81.0,under way using engine,190.0,30.0,10.1,81.0
352002140,2026-09-11T16:40:00Z,34.944219,18.138869,13.8,330.7,330,PACIFIC TITAN,IMO9979940,CALL140,82.0,under way using engine,182.0,32.0,9.5,82.0
636015522,2026-09-11T16:40:00Z,34.16034,17.900064,9.4,180.4,180,SEA STAR,IMO9371950,CALL522,37.0,under way using engine,42.0,9.0,2.5,37.0
636018992,2026-09-11T16:40:00Z,35.028554,18.486419,13.5,38.7,38,ATLANTIC CARRIER,IMO9348123,D5XY8,80.0,under way using engine,274.0,48.0,14.2,80.0
239100450,2026-09-11T16:45:00Z,34.572401,19.013811,11.8,44.4,45,BLUE HORIZON,IMO9283095,CALL450,70.0,under way using engine,225.0,32.0,11.8,70.0
240889000,2026-09-11T16:45:00Z,34.480617,19.118243,18.3,115.6,115,AEGEAN BREEZE,IMO9112884,CALL0,71.0,under way using engine,294.0,40.0,13.0,71.0
247000999,2026-09-11T16:45:00Z,35.491477,19.028864,16.1,19.3,20,COASTAL DEFENDER,IMO9638277,CALL999,55.0,under way using engine,65.0,11.0,3.8,55.0
247120300,2026-09-11T16:45:00Z,34.497064,17.112527,21.9,259.8,260,MED EXPRESS,IMO9262297,CALL300,60.0,under way using engine,145.0,24.0,6.2,60.0
255806000,2026-09-11T16:45:00Z,34.506646,18.552105,15.0,70.2,70,GLOBAL TRADER,IMO9320511,CALL0,79.0,under way using engine,260.0,36.0,12.5,79.0
311000888,2026-09-11T16:45:00Z,34.408012,17.972563,13.0,209.2,210,NORTHERN LIGHT,IMO9223295,CALL888,81.0,under way using engine,190.0,30.0,10.1,81.0
352002140,2026-09-11T16:45:00Z,34.960843,18.126825,13.9,329.3,330,PACIFIC TITAN,IMO9970068,CALL140,82.0,under way using engine,182.0,32.0,9.5,82.0
636015522,2026-09-11T16:45:00Z,34.147507,17.899957,9.5,180.7,180,SEA STAR,IMO9214499,CALL522,37.0,under way using engine,42.0,9.0,2.5,37.0
636018992,2026-09-11T16:45:00Z,35.043377,18.500864,13.2,37.4,38,ATLANTIC CARRIER,IMO9348123,D5XY8,80.0,under way using engine,274.0,48.0,14.2,80.0
239100450,2026-09-11T16:50:00Z,34.584552,19.027577,12.1,44.8,45,BLUE HORIZON,IMO9283919,CALL450,70.0,under way using engine,225.0,32.0,11.8,70.0
240889000,2026-09-11T16:50:00Z,34.469508,19.146529,18.5,114.4,115,AEGEAN BREEZE,IMO9999138,CALL0,71.0,under way using engine,294.0,40.0,13.0,71.0
247000999,2026-09-11T16:50:00Z,35.512347,19.038302,15.9,20.3,20,COASTAL DEFENDER,IMO9262602,CALL999,55.0,under way using engine,65.0,11.0,3.8,55.0
247120300,2026-09-11T16:50:00Z,34.491687,17.076348,21.9,260.1,260,MED EXPRESS,IMO9692099,CALL300,60.0,under way using engine,145.0,24.0,6.2,60.0
255806000,2026-09-11T16:50:00Z,34.513647,18.575907,14.9,70.7,70,GLOBAL TRADER,IMO9947825,CALL0,79.0,under way using engine,260.0,36.0,12.5,79.0
311000888,2026-09-11T16:50:00Z,34.391945,17.961363,13.2,210.3,210,NORTHERN LIGHT,IMO9647860,CALL888,81.0,under way using engine,190.0,30.0,10.1,81.0
352002140,2026-09-11T16:50:00Z,34.977369,18.11519,14.1,330.0,330,PACIFIC TITAN,IMO9745239,CALL140,82.0,under way using engine,182.0,32.0,9.5,82.0
636015522,2026-09-11T16:50:00Z,34.133977,17.899911,9.4,179.8,180,SEA STAR,IMO9390206,CALL522,37.0,under way using engine,42.0,9.0,2.5,37.0
636018992,2026-09-11T16:50:00Z,35.05764,18.514386,13.3,37.2,38,ATLANTIC CARRIER,IMO9348123,D5XY8,80.0,under way using engine,274.0,48.0,14.2,80.0
239100450,2026-09-11T16:55:00Z,34.596051,19.042393,12.0,45.5,45,BLUE HORIZON,IMO9134697,CALL450,70.0,under way using engine,225.0,32.0,11.8,70.0
240889000,2026-09-11T16:55:00Z,34.458982,19.174657,18.6,115.2,115,AEGEAN BREEZE,IMO9335421,CALL0,71.0,under way using engine,294.0,40.0,13.0,71.0
247000999,2026-09-11T16:55:00Z,35.533595,19.047359,16.1,19.3,20,COASTAL DEFENDER,IMO9590963,CALL999,55.0,under way using engine,65.0,11.0,3.8,55.0
247120300,2026-09-11T16:55:00Z,34.486506,17.039802,22.1,260.4,260,MED EXPRESS,IMO9533301,CALL300,60.0,under way using engine,145.0,24.0,6.2,60.0
255806000,2026-09-11T16:55:00Z,34.520944,18.600014,15.2,70.3,70,GLOBAL TRADER,IMO9761875,CALL0,79.0,under way using engine,260.0,36.0,12.5,79.0
311000888,2026-09-11T16:55:00Z,34.376261,17.950724,13.0,209.5,210,NORTHERN LIGHT,IMO9404293,CALL888,81.0,under way using engine,190.0,30.0,10.1,81.0
352002140,2026-09-11T16:55:00Z,34.994679,18.103249,13.9,330.5,330,PACIFIC TITAN,IMO9675462,CALL140,82.0,under way using engine,182.0,32.0,9.5,82.0
636015522,2026-09-11T16:55:00Z,34.120731,17.900019,9.4,180.0,180,SEA STAR,IMO9897477,CALL522,37.0,under way using engine,42.0,9.0,2.5,37.0
636018992,2026-09-11T16:55:00Z,35.072795,18.528577,13.6,38.2,38,ATLANTIC CARRIER,IMO9348123,D5XY8,80.0,under way using engine,274.0,48.0,14.2,80.0
239100450,2026-09-11T17:00:00Z,34.607825,19.056486,11.9,45.7,45,BLUE HORIZON,IMO9261638,CALL450,70.0,under way using engine,225.0,32.0,11.8,70.0
240889000,2026-09-11T17:00:00Z,34.447669,19.203035,18.6,114.6,115,AEGEAN BREEZE,IMO9181670,CALL0,71.0,under way using engine,294.0,40.0,13.0,71.0
247000999,2026-09-11T17:00:00Z,35.553875,19.05698,16.0,19.4,20,COASTAL DEFENDER,IMO9233997,CALL999,55.0,under way using engine,65.0,11.0,3.8,55.0
247120300,2026-09-11T17:00:00Z,34.481059,17.003054,21.9,260.1,260,MED EXPRESS,IMO9607259,CALL300,60.0,under way using engine,145.0,24.0,6.2,60.0
255806000,2026-09-11T17:00:00Z,34.527948,18.623627,15.2,70.8,70,GLOBAL TRADER,IMO9607417,CALL0,79.0,under way using engine,260.0,36.0,12.5,79.0
311000888,2026-09-11T17:00:00Z,34.360658,17.939379,13.0,210.3,210,NORTHERN LIGHT,IMO9644609,CALL888,81.0,under way using engine,190.0,30.0,10.1,81.0
352002140,2026-09-11T17:00:00Z,35.01171,18.091265,14.0,330.4,330,PACIFIC TITAN,IMO9349183,CALL140,82.0,under way using engine,182.0,32.0,9.5,82.0
636015522,2026-09-11T17:00:00Z,34.107535,17.900042,9.6,179.2,180,SEA STAR,IMO9710738,CALL522,37.0,under way using engine,42.0,9.0,2.5,37.0
636018992,2026-09-11T17:00:00Z,35.087239,18.542922,13.5,38.9,38,ATLANTIC CARRIER,IMO9348123,D5XY8,80.0,under way using engine,274.0,48.0,14.2,80.0
239100450,2026-09-11T17:05:00Z,34.619844,19.070465,12.0,44.8,45,BLUE HORIZON,IMO9792759,CALL450,70.0,under way using engine,225.0,32.0,11.8,70.0
240889000,2026-09-11T17:05:00Z,34.436798,19.231071,18.6,114.3,115,AEGEAN BREEZE,IMO9334026,CALL0,71.0,under way using engine,294.0,40.0,13.0,71.0
247000999,2026-09-11T17:05:00Z,35.575115,19.06601,15.9,19.9,20,COASTAL DEFENDER,IMO9696152,CALL999,55.0,under way using engine,65.0,11.0,3.8,55.0
247120300,2026-09-11T17:05:00Z,34.475985,16.966765,21.9,260.3,260,MED EXPRESS,IMO9871523,CALL300,60.0,under way using engine,145.0,24.0,6.2,60.0
255806000,2026-09-11T17:05:00Z,34.535391,18.647439,14.8,70.0,70,GLOBAL TRADER,IMO9366863,CALL0,79.0,under way using engine,260.0,36.0,12.5,79.0
311000888,2026-09-11T17:05:00Z,34.344959,17.928314,12.9,209.7,210,NORTHERN LIGHT,IMO9883039,CALL888,81.0,under way using engine,190.0,30.0,10.1,81.0
352002140,2026-09-11T17:05:00Z,35.028293,18.079542,14.0,330.5,330,PACIFIC TITAN,IMO9579318,CALL140,82.0,under way using engine,182.0,32.0,9.5,82.0
636015522,2026-09-11T17:05:00Z,34.094283,17.899943,9.4,180.5,180,SEA STAR,IMO9493914,CALL522,37.0,under way using engine,42.0,9.0,2.5,37.0
636018992,2026-09-11T17:05:00Z,35.102352,18.55722,13.3,37.8,38,ATLANTIC CARRIER,IMO9348123,D5XY8,80.0,under way using engine,274.0,48.0,14.2,80.0
239100450,2026-09-11T17:10:00Z,34.631202,19.085191,11.9,45.4,45,BLUE HORIZON,IMO9461838,CALL450,70.0,under way using engine,225.0,32.0,11.8,70.0
240889000,2026-09-11T17:10:00Z,34.426207,19.258846,18.7,114.3,115,AEGEAN BREEZE,IMO9587686,CALL0,71.0,under way using engine,294.0,40.0,13.0,71.0
247000999,2026-09-11T17:10:00Z,35.596164,19.075543,15.8,19.4,20,COASTAL DEFENDER,IMO9545554,CALL999,55.0,under way using engine,65.0,11.0,3.8,55.0
247120300,2026-09-11T17:10:00Z,34.470936,16.930358,21.8,259.6,260,MED EXPRESS,IMO9921149,CALL300,60.0,under way using engine,145.0,24.0,6.2,60.0
255806000,2026-09-11T17:10:00Z,34.542371,18.67118,14.8,69.2,70,GLOBAL TRADER,IMO9636603,CALL0,79.0,under way using engine,260.0,36.0,12.5,79.0
311000888,2026-09-11T17:10:00Z,34.329412,17.917124,12.9,210.0,210,NORTHERN LIGHT,IMO9969697,CALL888,81.0,under way using engine,190.0,30.0,10.1,81.0
352002140,2026-09-11T17:10:00Z,35.045522,18.067743,14.0,330.1,330,PACIFIC TITAN,IMO9762652,CALL140,82.0,under way using engine,182.0,32.0,9.5,82.0
636015522,2026-09-11T17:10:00Z,34.08059,17.899645,9.6,180.7,180,SEA STAR,IMO9596219,CALL522,37.0,under way using engine,42.0,9.0,2.5,37.0
636018992,2026-09-11T17:10:00Z,35.116973,18.570892,13.4,38.5,38,ATLANTIC CARRIER,IMO9348123,D5XY8,80.0,under way using engine,274.0,48.0,14.2,80.0
239100450,2026-09-11T17:15:00Z,34.643412,19.099478,12.1,44.3,45,BLUE HORIZON,IMO9586554,CALL450,70.0,under way using engine,225.0,32.0,11.8,70.0
240889000,2026-09-11T17:15:00Z,34.415377,19.28738,18.4,114.3,115,AEGEAN BREEZE,IMO9578933,CALL0,71.0,under way using engine,294.0,40.0,13.0,71.0
247000999,2026-09-11T17:15:00Z,35.616801,19.084993,16.1,20.5,20,COASTAL DEFENDER,IMO9472724,CALL999,55.0,under way using engine,65.0,11.0,3.8,55.0
247120300,2026-09-11T17:15:00Z,34.465329,16.893402,21.9,259.8,260,MED EXPRESS,IMO9454877,CALL300,60.0,under way using engine,145.0,24.0,6.2,60.0
255806000,2026-09-11T17:15:00Z,34.549396,18.694892,14.9,70.6,70,GLOBAL TRADER,IMO9130930,CALL0,79.0,under way using engine,260.0,36.0,12.5,79.0
311000888,2026-09-11T17:15:00Z,34.313659,17.906595,12.9,210.0,210,NORTHERN LIGHT,IMO9105874,CALL888,81.0,under way using engine,190.0,30.0,10.1,81.0
352002140,2026-09-11T17:15:00Z,35.06188,18.055694,13.9,329.9,330,PACIFIC TITAN,IMO9744674,CALL140,82.0,under way using engine,182.0,32.0,9.5,82.0
636015522,2026-09-11T17:15:00Z,34.067863,17.899728,9.4,180.3,180,SEA STAR,IMO9459742,CALL522,37.0,under way using engine,42.0,9.0,2.5,37.0
636018992,2026-09-11T17:15:00Z,35.132043,18.585267,13.8,39.0,38,ATLANTIC CARRIER,IMO9348123,D5XY8,80.0,under way using engine,274.0,48.0,14.2,80.0
239100450,2026-09-11T17:20:00Z,34.654926,19.113867,12.1,45.4,45,BLUE HORIZON,IMO9658388,CALL450,70.0,under way using engine,225.0,32.0,11.8,70.0
240889000,2026-09-11T17:20:00Z,34.40441,19.315899,18.5,114.7,115,AEGEAN BREEZE,IMO9752966,CALL0,71.0,under way using engine,294.0,40.0,13.0,71.0
247000999,2026-09-11T17:20:00Z,35.637894,19.094319,16.0,19.4,20,COASTAL DEFENDER,IMO9793715,CALL999,55.0,under way using engine,65.0,11.0,3.8,55.0
247120300,2026-09-11T17:20:00Z,34.460141,16.856717,22.1,259.3,260,MED EXPRESS,IMO9508004,CALL300,60.0,under way using engine,145.0,24.0,6.2,60.0
255806000,2026-09-11T17:20:00Z,34.556454,18.718951,15.1,70.7,70,GLOBAL TRADER,IMO9380589,CALL0,79.0,under way using engine,260.0,36.0,12.5,79.0
311000888,2026-09-11T17:20:00Z,34.298129,17.895746,13.1,210.1,210,NORTHERN LIGHT,IMO9447115,CALL888,81.0,under way using engine,190.0,30.0,10.1,81.0
352002140,2026-09-11T17:20:00Z,35.078729,18.044025,13.9,330.3,330,PACIFIC TITAN,IMO9648913,CALL140,82.0,under way using engine,182.0,32.0,9.5,82.0
636015522,2026-09-11T17:20:00Z,34.055011,17.899999,9.7,180.3,180,SEA STAR,IMO9496818,CALL522,37.0,under way using engine,42.0,9.0,2.5,37.0
636018992,2026-09-11T17:20:00Z,35.146759,18.599362,13.4,38.9,38,ATLANTIC CARRIER,IMO9348123,D5XY8,80.0,under way using engine,274.0,48.0,14.2,80.0
239100450,2026-09-11T17:25:00Z,34.666892,19.128411,12.0,44.6,45,BLUE HORIZON,IMO9656208,CALL450,70.0,under way using engine,225.0,32.0,11.8,70.0
240889000,2026-09-11T17:25:00Z,34.393415,19.344336,18.7,115.8,115,AEGEAN BREEZE,IMO9913575,CALL0,71.0,under way using engine,294.0,40.0,13.0,71.0
247000999,2026-09-11T17:25:00Z,35.658459,19.103679,16.1,19.3,20,COASTAL DEFENDER,IMO9536471,CALL999,55.0,under way using engine,65.0,11.0,3.8,55.0
247120300,2026-09-11T17:25:00Z,34.454763,16.820441,21.8,259.4,260,MED EXPRESS,IMO9729402,CALL300,60.0,under way using engine,145.0,24.0,6.2,60.0
255806000,2026-09-11T17:25:00Z,34.563633,18.742756,14.8,70.3,70,GLOBAL TRADER,IMO9783592,CALL0,79.0,under way using engine,260.0,36.0,12.5,79.0
311000888,2026-09-11T17:25:00Z,34.282756,17.884845,13.0,209.3,210,NORTHERN LIGHT,IMO9767254,CALL888,81.0,under way using engine,190.0,30.0,10.1,81.0
352002140,2026-09-11T17:25:00Z,35.095817,18.031912,14.0,330.0,330,PACIFIC TITAN,IMO9632280,CALL140,82.0,under way using engine,182.0,32.0,9.5,82.0
636015522,2026-09-11T17:25:00Z,34.041016,17.899651,9.6,180.5,180,SEA STAR,IMO9103234,CALL522,37.0,under way using engine,42.0,9.0,2.5,37.0
636018992,2026-09-11T17:25:00Z,35.161728,18.613153,13.4,37.3,38,ATLANTIC CARRIER,IMO9348123,D5XY8,80.0,under way using engine,274.0,48.0,14.2,80.0
239100450,2026-09-11T17:30:00Z,34.67868,19.142431,12.2,44.9,45,BLUE HORIZON,IMO9811451,CALL450,70.0,under way using engine,225.0,32.0,11.8,70.0
240889000,2026-09-11T17:30:00Z,34.38268,19.372797,18.6,114.6,115,AEGEAN BREEZE,IMO9106687,CALL0,71.0,under way using engine,294.0,40.0,13.0,71.0
247000999,2026-09-11T17:30:00Z,35.679826,19.112845,16.0,19.9,20,COASTAL DEFENDER,IMO9802818,CALL999,55.0,under way using engine,65.0,11.0,3.8,55.0
247120300,2026-09-11T17:30:00Z,34.449364,16.783943,21.9,259.3,260,MED EXPRESS,IMO9139589,CALL300,60.0,under way using engine,145.0,24.0,6.2,60.0
255806000,2026-09-11T17:30:00Z,34.570695,18.766741,15.0,70.0,70,GLOBAL TRADER,IMO9519369,CALL0,79.0,under way using engine,260.0,36.0,12.5,79.0
311000888,2026-09-11T17:30:00Z,34.266737,17.8737,13.1,210.7,210,NORTHERN LIGHT,IMO9387918,CALL888,81.0,under way using engine,190.0,30.0,10.1,81.0
352002140,2026-09-11T17:30:00Z,35.112413,18.019962,14.0,330.2,330,PACIFIC TITAN,IMO9491435,CALL140,82.0,under way using engine,182.0,32.0,9.5,82.0
636015522,2026-09-11T17:30:00Z,34.027927,17.900083,9.6,180.6,180,SEA STAR,IMO9245608,CALL522,37.0,under way using engine,42.0,9.0,2.5,37.0
636018992,2026-09-11T17:30:00Z,35.176374,18.627299,13.6,39.0,38,ATLANTIC CARRIER,IMO9348123,D5XY8,80.0,under way using engine,274.0,48.0,14.2,80.0
239100450,2026-09-11T17:35:00Z,34.690358,19.157026,12.2,44.4,45,BLUE HORIZON,IMO9657101,CALL450,70.0,under way using engine,225.0,32.0,11.8,70.0
240889000,2026-09-11T17:35:00Z,34.371704,19.400619,18.5,115.2,115,AEGEAN BREEZE,IMO9827146,CALL0,71.0,under way using engine,294.0,40.0,13.0,71.0
247000999,2026-09-11T17:35:00Z,35.700265,19.122442,15.9,20.7,20,COASTAL DEFENDER,IMO9949352,CALL999,55.0,under way using engine,65.0,11.0,3.8,55.0
247120300,2026-09-11T17:35:00Z,34.444046,16.746929,22.0,260.2,260,MED EXPRESS,IMO9400384,CALL300,60.0,under way using engine,145.0,24.0,6.2,60.0
255806000,2026-09-11T17:35:00Z,34.578053,18.790154,14.9,70.6,70,GLOBAL TRADER,IMO9852244,CALL0,79.0,under way using engine,260.0,36.0,12.5,79.0
311000888,2026-09-11T17:35:00Z,34.251123,17.863249,13.0,210.4,210,NORTHERN LIGHT,IMO9485115,CALL888,81.0,under way using engine,190.0,30.0,10.1,81.0
352002140,2026-09-11T17:35:00Z,35.129458,18.008167,14.1,329.8,330,PACIFIC TITAN,IMO9868544,CALL140,82.0,under way using engine,182.0,32.0,9.5,82.0
636015522,2026-09-11T17:35:00Z,34.015118,17.900016,9.5,180.7,180,SEA STAR,IMO9887941,CALL522,37.0,under way using engine,42.0,9.0,2.5,37.0
636018992,2026-09-11T17:35:00Z,35.190994,18.641686,13.7,37.6,38,ATLANTIC CARRIER,IMO9348123,D5XY8,80.0,under way using engine,274.0,48.0,14.2,80.0
239100450,2026-09-11T17:40:00Z,34.701929,19.170769,12.0,45.7,45,BLUE HORIZON,IMO9385831,CALL450,70.0,under way using engine,225.0,32.0,11.8,70.0
240889000,2026-09-11T17:40:00Z,34.361146,19.428536,18.3,115.3,115,AEGEAN BREEZE,IMO9990247,CALL0,71.0,under way using engine,294.0,40.0,13.0,71.0
247000999,2026-09-11T17:40:00Z,35.721564,19.131817,16.1,20.2,20,COASTAL DEFENDER,IMO9806120,CALL999,55.0,under way using engine,65.0,11.0,3.8,55.0
247120300,2026-09-11T17:40:00Z,34.438743,16.710597,22.2,260.5,260,MED EXPRESS,IMO9771394,CALL300,60.0,under way using engine,145.0,24.0,6.2,60.0
255806000,2026-09-11T17:40:00Z,34.585014,18.814224,15.0,70.4,70,GLOBAL TRADER,IMO9426720,CALL0,79.0,under way using engine,260.0,36.0,12.5,79.0
311000888,2026-09-11T17:40:00Z,34.23542,17.851744,12.9,210.1,210,NORTHERN LIGHT,IMO9791397,CALL888,81.0,under way using engine,190.0,30.0,10.1,81.0
352002140,2026-09-11T17:40:00Z,35.146264,17.996152,14.0,330.4,330,PACIFIC TITAN,IMO9239890,CALL140,82.0,under way using engine,182.0,32.0,9.5,82.0
636015522,2026-09-11T17:40:00Z,34.001884,17.899824,9.5,180.3,180,SEA STAR,IMO9598282,CALL522,37.0,under way using engine,42.0,9.0,2.5,37.0
636018992,2026-09-11T17:40:00Z,35.205555,18.655443,13.3,37.2,38,ATLANTIC CARRIER,IMO9348123,D5XY8,80.0,under way using engine,274.0,48.0,14.2,80.0
239100450,2026-09-11T17:45:00Z,34.713972,19.185636,11.8,45.2,45,BLUE HORIZON,IMO9510154,CALL450,70.0,under way using engine,225.0,32.0,11.8,70.0
240889000,2026-09-11T17:45:00Z,34.34991,19.456944,18.4,115.8,115,AEGEAN BREEZE,IMO9540208,CALL0,71.0,under way using engine,294.0,40.0,13.0,71.0
247000999,2026-09-11T17:45:00Z,35.742614,19.141223,15.8,19.4,20,COASTAL DEFENDER,IMO9280077,CALL999,55.0,under way using engine,65.0,11.0,3.8,55.0
247120300,2026-09-11T17:45:00Z,34.433467,16.674336,22.1,260.7,260,MED EXPRESS,IMO9643323,CALL300,60.0,under way using engine,145.0,24.0,6.2,60.0
255806000,2026-09-11T17:45:00Z,34.592254,18.837951,15.1,69.9,70,GLOBAL TRADER,IMO9567830,CALL0,79.0,under way using engine,260.0,36.0,12.5,79.0
311000888,2026-09-11T17:45:00Z,34.219989,17.841213,12.8,209.5,210,NORTHERN LIGHT,IMO9286987,CALL888,81.0,under way using engine,190.0,30.0,10.1,81.0
352002140,2026-09-11T17:45:00Z,35.163415,17.984397,14.1,329.5,330,PACIFIC TITAN,IMO9916990,CALL140,82.0,under way using engine,182.0,32.0,9.5,82.0
636015522,2026-09-11T17:45:00Z,33.988307,17.899973,9.3,180.2,180,SEA STAR,IMO9952092,CALL522,37.0,under way using engine,42.0,9.0,2.5,37.0
636018992,2026-09-11T17:45:00Z,35.22079,18.670149,13.4,38.2,38,ATLANTIC CARRIER,IMO9348123,D5XY8,80.0,under way using engine,274.0,48.0,14.2,80.0
239100450,2026-09-11T17:50:00Z,34.725559,19.199926,11.9,45.3,45,BLUE HORIZON,IMO9907924,CALL450,70.0,under way using engine,225.0,32.0,11.8,70.0
240889000,2026-09-11T17:50:00Z,34.338982,19.485352,18.7,115.3,115,AEGEAN BREEZE,IMO9197545,CALL0,71.0,under way using engine,294.0,40.0,13.0,71.0
247000999,2026-09-11T17:50:00Z,35.7632,19.15026,16.0,20.3,20,COASTAL DEFENDER,IMO9880399,CALL999,55.0,under way using engine,65.0,11.0,3.8,55.0
247120300,2026-09-11T17:50:00Z,34.428173,16.637864,22.0,260.0,260,MED EXPRESS,IMO9342924,CALL300,60.0,under way using engine,145.0,24.0,6.2,60.0
255806000,2026-09-11T17:50:00Z,34.599024,18.861794,15.1,70.2,70,GLOBAL TRADER,IMO9736795,CALL0,79.0,under way using engine,260.0,36.0,12.5,79.0
311000888,2026-09-11T17:50:00Z,34.204249,17.830122,13.1,210.1,210,NORTHERN LIGHT,IMO9903266,CALL888,81.0,under way using engine,190.0,30.0,10.1,81.0
352002140,2026-09-11T17:50:00Z,35.179807,17.971906,14.0,329.5,330,PACIFIC TITAN,IMO9241403,CALL140,82.0,under way using engine,182.0,32.0,9.5,82.0
636015522,2026-09-11T17:50:00Z,33.975266,17.900255,9.6,180.8,180,SEA STAR,IMO9871555,CALL522,37.0,under way using engine,42.0,9.0,2.5,37.0
636018992,2026-09-11T17:50:00Z,35.235355,18.684005,13.6,37.5,38,ATLANTIC CARRIER,IMO9348123,D5XY8,80.0,under way using engine,274.0,48.0,14.2,80.0
239100450,2026-09-11T17:55:00Z,34.737709,19.214379,12.1,44.5,45,BLUE HORIZON,IMO9674213,CALL450,70.0,under way using engine,225.0,32.0,11.8,70.0
240889000,2026-09-11T17:55:00Z,34.328321,19.513618,18.6,114.9,115,AEGEAN BREEZE,IMO9490586,CALL0,71.0,under way using engine,294.0,40.0,13.0,71.0
247000999,2026-09-11T17:55:00Z,35.784044,19.159683,16.0,20.8,20,COASTAL DEFENDER,IMO9478251,CALL999,55.0,under way using engine,65.0,11.0,3.8,55.0
247120300,2026-09-11T17:55:00Z,34.422648,16.601095,21.9,260.2,260,MED EXPRESS,IMO9265092,CALL300,60.0,under way using engine,145.0,24.0,6.2,60.0
255806000,2026-09-11T17:55:00Z,34.606353,18.88554,14.9,70.6,70,GLOBAL TRADER,IMO9959142,CALL0,79.0,under way using engine,260.0,36.0,12.5,79.0
311000888,2026-09-11T17:55:00Z,34.188409,17.81928,13.1,210.2,210,NORTHERN LIGHT,IMO9946514,CALL888,81.0,under way using engine,190.0,30.0,10.1,81.0
352002140,2026-09-11T17:55:00Z,35.197208,17.960648,14.0,329.7,330,PACIFIC TITAN,IMO9145934,CALL140,82.0,under way using engine,182.0,32.0,9.5,82.0
636015522,2026-09-11T17:55:00Z,33.962083,17.900193,9.5,179.8,180,SEA STAR,IMO9742349,CALL522,37.0,under way using engine,42.0,9.0,2.5,37.0
636018992,2026-09-11T17:55:00Z,35.24974,18.698317,13.7,37.2,38,ATLANTIC CARRIER,IMO9348123,D5XY8,80.0,under way using engine,274.0,48.0,14.2,80.0
239100450,2026-09-11T18:00:00Z,34.749472,19.228567,11.8,44.9,45,BLUE HORIZON,IMO9650779,CALL450,70.0,under way using engine,225.0,32.0,11.8,70.0
240889000,2026-09-11T18:00:00Z,34.31699,19.54189,18.5,115.0,115,AEGEAN BREEZE,IMO9768169,CALL0,71.0,under way using engine,294.0,40.0,13.0,71.0
247000999,2026-09-11T18:00:00Z,35.804946,19.168721,16.1,20.5,20,COASTAL DEFENDER,IMO9191892,CALL999,55.0,under way using engine,65.0,11.0,3.8,55.0
247120300,2026-09-11T18:00:00Z,34.417698,16.564859,22.0,260.3,260,MED EXPRESS,IMO9525146,CALL300,60.0,under way using engine,145.0,24.0,6.2,60.0
255806000,2026-09-11T18:00:00Z,34.613696,18.909309,14.8,70.0,70,GLOBAL TRADER,IMO9715377,CALL0,79.0,under way using engine,260.0,36.0,12.5,79.0
311000888,2026-09-11T18:00:00Z,34.172928,17.807905,13.2,209.5,210,NORTHERN LIGHT,IMO9102800,CALL888,81.0,under way using engine,190.0,30.0,10.1,81.0
352002140,2026-09-11T18:00:00Z,35.213853,17.948202,13.9,329.7,330,PACIFIC TITAN,IMO9517568,CALL140,82.0,under way using engine,182.0,32.0,9.5,82.0
636015522,2026-09-11T18:00:00Z,33.949023,17.899822,9.7,180.7,180,SEA STAR,IMO9599250,CALL522,37.0,under way using engine,42.0,9.0,2.5,37.0
636018992,2026-09-11T18:00:00Z,35.264822,18.712511,13.2,38.5,38,ATLANTIC CARRIER,IMO9348123,D5XY8,80.0,under way using engine,274.0,48.0,14.2,80.0
239100450,2026-09-11T18:05:00Z,34.761416,19.243056,11.9,44.7,45,BLUE HORIZON,IMO9302458,CALL450,70.0,under way using engine,225.0,32.0,11.8,70.0
240889000,2026-09-11T18:05:00Z,34.306474,19.569956,18.5,114.9,115,AEGEAN BREEZE,IMO9237057,CALL0,71.0,under way using engine,294.0,40.0,13.0,71.0
247000999,2026-09-11T18:05:00Z,35.826062,19.178605,15.8,19.2,20,COASTAL DEFENDER,IMO9297364,CALL999,55.0,under way using engine,65.0,11.0,3.8,55.0
247120300,2026-09-11T18:05:00Z,34.412042,16.528137,22.1,259.3,260,MED EXPRESS,IMO9194545,CALL300,60.0,under way using engine,145.0,24.0,6.2,60.0
255806000,2026-09-11T18:05:00Z,34.620488,18.933221,15.2,70.7,70,GLOBAL TRADER,IMO9656267,CALL0,79.0,under way using engine,260.0,36.0,12.5,79.0
311000888,2026-09-11T18:05:00Z,34.157421,17.796671,12.8,210.5,210,NORTHERN LIGHT,IMO9253607,CALL888,81.0,under way using engine,190.0,30.0,10.1,81.0
352002140,2026-09-11T18:05:00Z,35.230854,17.936675,13.9,330.4,330,PACIFIC TITAN,IMO9300386,CALL140,82.0,under way using engine,182.0,32.0,9.5,82.0
636015522,2026-09-11T18:05:00Z,33.936157,17.899967,9.7,180.4,180,SEA STAR,IMO9408137,CALL522,37.0,under way using engine,42.0,9.0,2.5,37.0
636018992,2026-09-11T18:05:00Z,35.279654,18.726471,13.6,38.1,38,ATLANTIC CARRIER,IMO9348123,D5XY8,80.0,under way using engine,274.0,48.0,14.2,80.0
239100450,2026-09-11T18:10:00Z,34.773313,19.257344,11.8,45.2,45,BLUE HORIZON,IMO9976042,CALL450,70.0,under way using engine,225.0,32.0,11.8,70.0
240889000,2026-09-11T18:10:00Z,34.295583,19.598401,18.4,115.5,115,AEGEAN BREEZE,IMO9834764,CALL0,71.0,under way using engine,294.0,40.0,13.0,71.0
247000999,2026-09-11T18:10:00Z,35.84703,19.187858,16.1,20.2,20,COASTAL DEFENDER,IMO9556957,CALL999,55.0,under way using engine,65.0,11.0,3.8,55.0
247120300,2026-09-11T18:10:00Z,34.406631,16.49165,22.0,260.1,260,MED EXPRESS,IMO9464354,CALL300,60.0,under way using engine,145.0,24.0,6.2,60.0
255806000,2026-09-11T18:10:00Z,34.627822,18.95693,14.9,69.7,70,GLOBAL TRADER,IMO9929314,CALL0,79.0,under way using engine,260.0,36.0,12.5,79.0
311000888,2026-09-11T18:10:00Z,34.141784,17.786518,12.8,209.3,210,NORTHERN LIGHT,IMO9154724,CALL888,81.0,under way using engine,190.0,30.0,10.1,81.0
352002140,2026-09-11T18:10:00Z,35.247372,17.925165,13.8,330.2,330,PACIFIC TITAN,IMO9386488,CALL140,82.0,under way using engine,182.0,32.0,9.5,82.0
636015522,2026-09-11T18:10:00Z,33.922309,17.899803,9.6,180.6,180,SEA STAR,IMO9922987,CALL522,37.0,under way using engine,42.0,9.0,2.5,37.0
636018992,2026-09-11T18:10:00Z,35.294522,18.740758,13.2,38.8,38,ATLANTIC CARRIER,IMO9348123,D5XY8,80.0,under way using engine,274.0,48.0,14.2,80.0
239100450,2026-09-11T18:15:00Z,34.784895,19.271912,11.8,45.7,45,BLUE HORIZON,IMO9190582,CALL450,70.0,under way using engine,225.0,32.0,11.8,70.0
240889000,2026-09-11T18:15:00Z,34.284786,19.626306,18.5,114.6,115,AEGEAN BREEZE,IMO9312559,CALL0,71.0,under way using engine,294.0,40.0,13.0,71.0
247000999,2026-09-11T18:15:00Z,35.868064,19.19702,16.0,19.3,20,COASTAL DEFENDER,IMO9907111,CALL999,55.0,under way using engine,65.0,11.0,3.8,55.0
247120300,2026-09-11T18:15:00Z,34.401783,16.455202,22.0,259.5,260,MED EXPRESS,IMO9523579,CALL300,60.0,under way using engine,145.0,24.0,6.2,60.0
255806000,2026-09-11T18:15:00Z,34.635043,18.980846,14.9,69.8,70,GLOBAL TRADER,IMO9252085,CALL0,79.0,under way using engine,260.0,36.0,12.5,79.0
311000888,2026-09-11T18:15:00Z,34.126226,17.775697,13.0,210.0,210,NORTHERN LIGHT,IMO9417255,CALL888,81.0,under way using engine,190.0,30.0,10.1,81.0
352002140,2026-09-11T18:15:00Z,35.264455,17.912994,14.2,330.4,330,PACIFIC TITAN,IMO9505426,CALL140,82.0,under way using engine,182.0,32.0,9.5,82.0
636015522,2026-09-11T18:15:00Z,33.909494,17.899814,9.4,180.5,180,SEA STAR,IMO9415986,CALL522,37.0,under way using engine,42.0,9.0,2.5,37.0
636018992,2026-09-11T18:15:00Z,35.309545,18.754762,13.7,38.2,38,ATLANTIC CARRIER,IMO9348123,D5XY8,80.0,under way using engine,274.0,48.0,14.2,80.0
239100450,2026-09-11T18:20:00Z,34.796702,19.28593,12.1,45.6,45,BLUE HORIZON,IMO9693566,CALL450,70.0,under way using engine,225.0,32.0,11.8,70.0
240889000,2026-09-11T18:20:00Z,34.274053,19.654931,18.3,114.4,115,AEGEAN BREEZE,IMO9571404,CALL0,71.0,under way using engine,294.0,40.0,13.0,71.0
247000999,2026-09-11T18:20:00Z,35.888531,19.206791,15.8,19.5,20,COASTAL DEFENDER,IMO9259826,CALL999,55.0,under way using engine,65.0,11.0,3.8,55.0
247120300,2026-09-11T18:20:00Z,34.396176,16.41866,22.0,259.4,260,MED EXPRESS,IMO9175902,CALL300,60.0,under way using engine,145.0,24.0,6.2,60.0
255806000,2026-09-11T18:20:00Z,34.642136,19.004428,14.9,69.2,70,GLOBAL TRADER,IMO9444844,CALL0,79.0,under way using engine,260.0,36.0,12.5,79.0
311000888,2026-09-11T18:20:00Z,34.110236,17.764507,13.0,209.8,210,NORTHERN LIGHT,IMO9504257,CALL888,81.0,under way using engine,190.0,30.0,10.1,81.0
352002140,2026-09-11T18:20:00Z,35.281108,17.901048,14.1,329.8,330,PACIFIC TITAN,IMO9936020,CALL140,82.0,under way using engine,182.0,32.0,9.5,82.0
636015522,2026-09-11T18:20:00Z,33.896469,17.899418,9.7,179.9,180,SEA STAR,IMO9567965,CALL522,37.0,under way using engine,42.0,9.0,2.5,37.0
636018992,2026-09-11T18:20:00Z,35.324192,18.769149,13.4,38.8,38,ATLANTIC CARRIER,IMO9348123,D5XY8,80.0,under way using engine,274.0,48.0,14.2,80.0
239100450,2026-09-11T18:25:00Z,34.808477,19.300259,11.8,44.5,45,BLUE HORIZON,IMO9408877,CALL450,70.0,under way using engine,225.0,32.0,11.8,70.0
240889000,2026-09-11T18:25:00Z,34.262758,19.682923,18.5,115.7,115,AEGEAN BREEZE,IMO9317722,CALL0,71.0,under way using engine,294.0,40.0,13.0,71.0
247000999,2026-09-11T18:25:00Z,35.909641,19.215914,16.0,19.2,20,COASTAL DEFENDER,IMO9571351,CALL999,55.0,under way using engine,65.0,11.0,3.8,55.0
247120300,2026-09-11T18:25:00Z,34.39082,16.382221,21.8,260.0,260,MED EXPRESS,IMO9370211,CALL300,60.0,under way using engine,145.0,24.0,6.2,60.0
255806000,2026-09-11T18:25:00Z,34.649309,19.028602,14.9,69.6,70,GLOBAL TRADER,IMO9169452,CALL0,79.0,under way using engine,260.0,36.0,12.5,79.0
311000888,2026-09-11T18:25:00Z,34.094632,17.753413,13.1,209.7,210,NORTHERN LIGHT,IMO9181998,CALL888,81.0,under way using engine,190.0,30.0,10.1,81.0
352002140,2026-09-11T18:25:00Z,35.297677,17.888974,14.1,329.3,330,PACIFIC TITAN,IMO9731718,CALL140,82.0,under way using engine,182.0,32.0,9.5,82.0
636015522,2026-09-11T18:25:00Z,33.88315,17.899936,9.5,179.6,180,SEA STAR,IMO9278711,CALL522,37.0,under way using engine,42.0,9.0,2.5,37.0
636018992,2026-09-11T18:25:00Z,35.339034,18.782849,13.7,37.4,38,ATLANTIC CARRIER,IMO9348123,D5XY8,80.0,under way using engine,274.0,48.0,14.2,80.0
239100450,2026-09-11T18:30:00Z,34.819773,19.314846,12.1,45.7,45,BLUE HORIZON,IMO9389809,CALL450,70.0,under way using engine,225.0,32.0,11.8,70.0
240889000,2026-09-11T18:30:00Z,34.251874,19.71115,18.6,114.3,115,AEGEAN BREEZE,IMO9946826,CALL0,71.0,under way using engine,294.0,40.0,13.0,71.0
247000999,2026-09-11T18:30:00Z,35.930446,19.225455,16.0,20.5,20,COASTAL DEFENDER,IMO9153395,CALL999,55.0,under way using engine,65.0,11.0,3.8,55.0
247120300,2026-09-11T18:30:00Z,34.385952,16.345465,22.0,260.3,260,MED EXPRESS,IMO9495397,CALL300,60.0,under way using engine,145.0,24.0,6.2,60.0
255806000,2026-09-11T18:30:00Z,34.656179,19.052352,15.0,69.4,70,GLOBAL TRADER,IMO9391554,CALL0,79.0,under way using engine,260.0,36.0,12.5,79.0
311000888,2026-09-11T18:30:00Z,34.079315,17.742425,13.2,210.7,210,NORTHERN LIGHT,IMO9974098,CALL888,81.0,under way using engine,190.0,30.0,10.1,81.0
352002140,2026-09-11T18:30:00Z,35.315018,17.877088,13.9,329.4,330,PACIFIC TITAN,IMO9443848,CALL140,82.0,under way using engine,182.0,32.0,9.5,82.0
636015522,2026-09-11T18:30:00Z,33.869727,17.899706,9.3,179.9,180,SEA STAR,IMO9850534,CALL522,37.0,under way using engine,42.0,9.0,2.5,37.0
636018992,2026-09-11T18:30:00Z,35.353712,18.797489,13.7,38.8,38,ATLANTIC CARRIER,IMO9348123,D5XY8,80.0,under way using engine,274.0,48.0,14.2,80.0
239100450,2026-09-11T18:35:00Z,34.832068,19.328815,12.1,45.4,45,BLUE HORIZON,IMO9369836,CALL450,70.0,under way using engine,225.0,32.0,11.8,70.0
240889000,2026-09-11T18:35:00Z,34.24107,19.73894,18.6,114.3,115,AEGEAN BREEZE,IMO9976530,CALL0,71.0,under way using engine,294.0,40.0,13.0,71.0
247000999,2026-09-11T18:35:00Z,35.951419,19.235,16.1,19.9,20,COASTAL DEFENDER,IMO9535878,CALL999,55.0,under way using engine,65.0,11.0,3.8,55.0
247120300,2026-09-11T18:35:00Z,34.380063,16.309088,22.1,260.7,260,MED EXPRESS,IMO9581137,CALL300,60.0,under way using engine,145.0,24.0,6.2,60.0
255806000,2026-09-11T18:35:00Z,34.663415,19.075526,15.1,70.3,70,GLOBAL TRADER,IMO9701828,CALL0,79.0,under way using engine,260.0,36.0,12.5,79.0
311000888,2026-09-11T18:35:00Z,34.063356,17.731883,13.0,209.9,210,NORTHERN LIGHT,IMO9828864,CALL888,81.0,under way using engine,190.0,30.0,10.1,81.0
352002140,2026-09-11T18:35:00Z,35.331659,17.86502,14.0,329.9,330,PACIFIC TITAN,IMO9823270,CALL140,82.0,under way using engine,182.0,32.0,9.5,82.0
636015522,2026-09-11T18:35:00Z,33.856964,17.900084,9.4,179.8,180,SEA STAR,IMO9393976,CALL522,37.0,under way using engine,42.0,9.0,2.5,37.0
636018992,2026-09-11T18:35:00Z,35.368271,18.811719,13.3,38.9,38,ATLANTIC CARRIER,IMO9348123,D5XY8,80.0,under way using engine,274.0,48.0,14.2,80.0
239100450,2026-09-11T18:40:00Z,34.843869,19.34356,12.1,44.8,45,BLUE HORIZON,IMO9448813,CALL450,70.0,under way using engine,225.0,32.0,11.8,70.0
240889000,2026-09-11T18:40:00Z,34.230416,19.767392,18.6,115.7,115,AEGEAN BREEZE,IMO9515492,CALL0,71.0,under way using engine,294.0,40.0,13.0,71.0
247000999,2026-09-11T18:40:00Z,35.972561,19.244052,16.0,20.1,20,COASTAL DEFENDER,IMO9404899,CALL999,55.0,under way using engine,65.0,11.0,3.8,55.0
247120300,2026-09-11T18:40:00Z,34.37489,16.272335,22.1,260.0,260,MED EXPRESS,IMO9370343,CALL300,60.0,under way using engine,145.0,24.0,6.2,60.0
255806000,2026-09-11T18:40:00Z,34.670813,19.099696,15.1,69.7,70,GLOBAL TRADER,IMO9435671,CALL0,79.0,under way using engine,260.0,36.0,12.5,79.0
311000888,2026-09-11T18:40:00Z,34.047796,17.720571,13.0,209.9,210,NORTHERN LIGHT,IMO9465093,CALL888,81.0,under way using engine,190.0,30.0,10.1,81.0
352002140,2026-09-11T18:40:00Z,35.348403,17.85331,14.1,330.7,330,PACIFIC TITAN,IMO9744718,CALL140,82.0,under way using engine,182.0,32.0,9.5,82.0
636015522,2026-09-11T18:40:00Z,33.843332,17.900152,9.5,180.6,180,SEA STAR,IMO9229077,CALL522,37.0,under way using engine,42.0,9.0,2.5,37.0
636018992,2026-09-11T18:40:00Z,35.383655,18.825325,13.7,38.8,38,ATLANTIC CARRIER,IMO9348123,D5XY8,80.0,under way using engine,274.0,48.0,14.2,80.0
239100450,2026-09-11T18:45:00Z,34.855781,19.357865,12.1,44.5,45,BLUE HORIZON,IMO9172769,CALL450,70.0,under way using engine,225.0,32.0,11.8,70.0
240889000,2026-09-11T18:45:00Z,34.219175,19.795648,18.4,115.8,115,AEGEAN BREEZE,IMO9132591,CALL0,71.0,under way using engine,294.0,40.0,13.0,71.0
247000999,2026-09-11T18:45:00Z,35.993472,19.253765,16.0,20.4,20,COASTAL DEFENDER,IMO9811634,CALL999,55.0,under way using engine,65.0,11.0,3.8,55.0
247120300,2026-09-11T18:45:00Z,34.370014,16.236343,22.2,260.3,260,MED EXPRESS,IMO9341099,CALL300,60.0,under way using engine,145.0,24.0,6.2,60.0
255806000,2026-09-11T18:45:00Z,34.677803,19.123717,15.0,69.3,70,GLOBAL TRADER,IMO9387745,CALL0,79.0,under way using engine,260.0,36.0,12.5,79.0
311000888,2026-09-11T18:45:00Z,34.032244,17.710322,13.1,210.4,210,NORTHERN LIGHT,IMO9462798,CALL888,81.0,under way using engine,190.0,30.0,10.1,81.0
352002140,2026-09-11T18:45:00Z,35.365625,17.841301,14.2,330.7,330,PACIFIC TITAN,IMO9178686,CALL140,82.0,under way using engine,182.0,32.0,9.5,82.0
636015522,2026-09-11T18:45:00Z,33.829865,17.89961,9.6,180.0,180,SEA STAR,IMO9934184,CALL522,37.0,under way using engine,42.0,9.0,2.5,37.0
636018992,2026-09-11T18:45:00Z,35.398408,18.83996,13.4,38.9,38,ATLANTIC CARRIER,IMO9348123,D5XY8,80.0,under way using engine,274.0,48.0,14.2,80.0
239100450,2026-09-11T18:50:00Z,34.866965,19.37227,12.0,44.5,45,BLUE HORIZON,IMO9615959,CALL450,70.0,under way using engine,225.0,32.0,11.8,70.0
240889000,2026-09-11T18:50:00Z,34.208979,19.823746,18.5,115.1,115,AEGEAN BREEZE,IMO9199326,CALL0,71.0,under way using engine,294.0,40.0,13.0,71.0
247000999,2026-09-11T18:50:00Z,36.014513,19.262896,15.9,19.3,20,COASTAL DEFENDER,IMO9119943,CALL999,55.0,under way using engine,65.0,11.0,3.8,55.0
247120300,2026-09-11T18:50:00Z,34.364508,16.199536,21.9,260.1,260,MED EXPRESS,IMO9834861,CALL300,60.0,under way using engine,145.0,24.0,6.2,60.0
255806000,2026-09-11T18:50:00Z,34.684825,19.147537,14.9,69.7,70,GLOBAL TRADER,IMO9501455,CALL0,79.0,under way using engine,260.0,36.0,12.5,79.0
311000888,2026-09-11T18:50:00Z,34.016396,17.69892,13.0,210.8,210,NORTHERN LIGHT,IMO9300261,CALL888,81.0,under way using engine,190.0,30.0,10.1,81.0
352002140,2026-09-11T18:50:00Z,35.382225,17.829189,14.0,330.4,330,PACIFIC TITAN,IMO9267758,CALL140,82.0,under way using engine,182.0,32.0,9.5,82.0
636015522,2026-09-11T18:50:00Z,33.816741,17.899621,9.7,180.4,180,SEA STAR,IMO9729858,CALL522,37.0,under way using engine,42.0,9.0,2.5,37.0
636018992,2026-09-11T18:50:00Z,35.413005,18.853708,13.7,37.5,38,ATLANTIC CARRIER,IMO9348123,D5XY8,80.0,under way using engine,274.0,48.0,14.2,80.0
239100450,2026-09-11T18:55:00Z,34.879416,19.386782,12.0,45.2,45,BLUE HORIZON,IMO9211410,CALL450,70.0,under way using engine,225.0,32.0,11.8,70.0
240889000,2026-09-11T18:55:00Z,34.197383,19.852134,18.4,114.2,115,AEGEAN BREEZE,IMO9970708,CALL0,71.0,under way using engine,294.0,40.0,13.0,71.0
247000999,2026-09-11T18:55:00Z,36.034931,19.27261,15.8,20.6,20,COASTAL DEFENDER,IMO9537400,CALL999,55.0,under way using engine,65.0,11.0,3.8,55.0
247120300,2026-09-11T18:55:00Z,34.359207,16.163109,21.8,260.3,260,MED EXPRESS,IMO9960959,CALL300,60.0,under way using engine,145.0,24.0,6.2,60.0
255806000,2026-09-11T18:55:00Z,34.692053,19.171363,14.8,70.5,70,GLOBAL TRADER,IMO9703726,CALL0,79.0,under way using engine,260.0,36.0,12.5,79.0
311000888,2026-09-11T18:55:00Z,34.000669,17.688241,13.1,209.2,210,NORTHERN LIGHT,IMO9563555,CALL888,81.0,under way using engine,190.0,30.0,10.1,81.0
352002140,2026-09-11T18:55:00Z,35.399286,17.817399,14.0,330.5,330,PACIFIC TITAN,IMO9136489,CALL140,82.0,under way using engine,182.0,32.0,9.5,82.0
636015522,2026-09-11T18:55:00Z,33.803846,17.900072,9.7,180.4,180,SEA STAR,IMO9860247,CALL522,37.0,under way using engine,42.0,9.0,2.5,37.0
636018992,2026-09-11T18:55:00Z,35.42769,18.868172,13.7,38.7,38,ATLANTIC CARRIER,IMO9348123,D5XY8,80.0,under way using engine,274.0,48.0,14.2,80.0
239100450,2026-09-11T19:00:00Z,34.89129,19.400841,11.8,44.3,45,BLUE HORIZON,IMO9699098,CALL450,70.0,under way using engine,225.0,32.0,11.8,70.0
240889000,2026-09-11T19:00:00Z,34.18689,19.880091,18.4,114.8,115,AEGEAN BREEZE,IMO9819622,CALL0,71.0,under way using engine,294.0,40.0,13.0,71.0
247000999,2026-09-11T19:00:00Z,36.056066,19.281872,16.0,20.2,20,COASTAL DEFENDER,IMO9570103,CALL999,55.0,under way using engine,65.0,11.0,3.8,55.0
247120300,2026-09-11T19:00:00Z,34.353682,16.126964,21.9,259.7,260,MED EXPRESS,IMO9329183,CALL300,60.0,under way using engine,145.0,24.0,6.2,60.0
255806000,2026-09-11T19:00:00Z,34.699622,19.195125,14.9,70.5,70,GLOBAL TRADER,IMO9522377,CALL0,79.0,under way using engine,260.0,36.0,12.5,79.0
311000888,2026-09-11T19:00:00Z,33.985024,17.677359,13.0,209.7,210,NORTHERN LIGHT,IMO9486785,CALL888,81.0,under way using engine,190.0,30.0,10.1,81.0
352002140,2026-09-11T19:00:00Z,35.41614,17.805597,14.1,329.8,330,PACIFIC TITAN,IMO9694799,CALL140,82.0,under way using engine,182.0,32.0,9.5,82.0
636015522,2026-09-11T19:00:00Z,33.790257,17.900194,9.5,180.6,180,SEA STAR,IMO9947718,CALL522,37.0,under way using engine,42.0,9.0,2.5,37.0
636018992,2026-09-11T19:00:00Z,35.442522,18.88281,13.5,37.6,38,ATLANTIC CARRIER,IMO9348123,D5XY8,80.0,under way using engine,274.0,48.0,14.2,80.0
239100450,2026-09-11T19:05:00Z,34.902769,19.415047,11.8,45.0,45,BLUE HORIZON,IMO9784578,CALL450,70.0,under way using engine,225.0,32.0,11.8,70.0
240889000,2026-09-11T19:05:00Z,34.175796,19.908198,18.5,114.6,115,AEGEAN BREEZE,IMO9952227,CALL0,71.0,under way using engine,294.0,40.0,13.0,71.0
247000999,2026-09-11T19:05:00Z,36.076881,19.291307,15.9,19.5,20,COASTAL DEFENDER,IMO9460550,CALL999,55.0,under way using engine,65.0,11.0,3.8,55.0
247120300,2026-09-11T19:05:00Z,34.348634,16.090167,22.2,260.3,260,MED EXPRESS,IMO9299405,CALL300,60.0,under way using engine,145.0,24.0,6.2,60.0
255806000,2026-09-11T19:05:00Z,34.706556,19.219053,15.0,69.7,70,GLOBAL TRADER,IMO9117062,CALL0,79.0,under way using engine,260.0,36.0,12.5,79.0
311000888,2026-09-11T19:05:00Z,33.969659,17.666242,12.8,209.6,210,NORTHERN LIGHT,IMO9778657,CALL888,81.0,under way using engine,190.0,30.0,10.1,81.0
352002140,2026-09-11T19:05:00Z,35.433008,17.793573,14.0,329.8,330,PACIFIC TITAN,IMO9565504,CALL140,82.0,under way using engine,182.0,32.0,9.5,82.0
636015522,2026-09-11T19:05:00Z,33.777276,17.900154,9.4,179.4,180,SEA STAR,IMO9456765,CALL522,37.0,under way using engine,42.0,9.0,2.5,37.0
636018992,2026-09-11T19:05:00Z,35.45729,18.896493,13.2,37.4,38,ATLANTIC CARRIER,IMO9348123,D5XY8,80.0,under way using engine,274.0,48.0,14.2,80.0
239100450,2026-09-11T19:10:00Z,34.91432,19.429416,12.1,44.6,45,BLUE HORIZON,IMO9834061,CALL450,70.0,under way using engine,225.0,32.0,11.8,70.0
240889000,2026-09-11T19:10:00Z,34.165732,19.936894,18.4,115.2,115,AEGEAN BREEZE,IMO9948611,CALL0,71.0,under way using engine,294.0,40.0,13.0,71.0
247000999,2026-09-11T19:10:00Z,36.097578,19.300849,16.0,20.3,20,COASTAL DEFENDER,IMO9731347,CALL999,55.0,under way using engine,65.0,11.0,3.8,55.0
247120300,2026-09-11T19:10:00Z,34.343064,16.053781,22.1,260.6,260,MED EXPRESS,IMO9316823,CALL300,60.0,under way using engine,145.0,24.0,6.2,60.0
255806000,2026-09-11T19:10:00Z,34.71353,19.242874,15.1,70.4,70,GLOBAL TRADER,IMO9388016,CALL0,79.0,under way using engine,260.0,36.0,12.5,79.0
311000888,2026-09-11T19:10:00Z,33.953766,17.655692,12.8,210.3,210,NORTHERN LIGHT,IMO9365329,CALL888,81.0,under way using engine,190.0,30.0,10.1,81.0
352002140,2026-09-11T19:10:00Z,35.449774,17.781345,14.0,329.8,330,PACIFIC TITAN,IMO9781113,CALL140,82.0,under way using engine,182.0,32.0,9.5,82.0
636015522,2026-09-11T19:10:00Z,33.764023,17.89953,9.6,179.4,180,SEA STAR,IMO9485600,CALL522,37.0,under way using engine,42.0,9.0,2.5,37.0
636018992,2026-09-11T19:10:00Z,35.471852,18.91117,13.8,37.6,38,ATLANTIC CARRIER,IMO9348123,D5XY8,80.0,under way using engine,274.0,48.0,14.2,80.0
239100450,2026-09-11T19:15:00Z,34.926317,19.444337,11.8,45.3,45,BLUE HORIZON,IMO9908442,CALL450,70.0,under way using engine,225.0,32.0,11.8,70.0
240889000,2026-09-11T19:15:00Z,34.15455,19.965068,18.6,114.7,115,AEGEAN BREEZE,IMO9144770,CALL0,71.0,under way using engine,294.0,40.0,13.0,71.0
247000999,2026-09-11T19:15:00Z,36.118895,19.309922,16.0,20.6,20,COASTAL DEFENDER,IMO9858115,CALL999,55.0,under way using engine,65.0,11.0,3.8,55.0
247120300,2026-09-11T19:15:00Z,34.337936,16.017674,22.1,259.8,260,MED EXPRESS,IMO9916776,CALL300,60.0,under way using engine,145.0,24.0,6.2,60.0
255806000,2026-09-11T19:15:00Z,34.720506,19.266846,14.8,70.4,70,GLOBAL TRADER,IMO9617806,CALL0,79.0,under way using engine,260.0,36.0,12.5,79.0
311000888,2026-09-11T19:15:00Z,33.938137,17.644641,13.0,209.2,210,NORTHERN LIGHT,IMO9852908,CALL888,81.0,under way using engine,190.0,30.0,10.1,81.0
352002140,2026-09-11T19:15:00Z,35.466519,17.770159,13.8,329.5,330,PACIFIC TITAN,IMO9642895,CALL140,82.0,under way using engine,182.0,32.0,9.5,82.0
636015522,2026-09-11T19:15:00Z,33.750963,17.900124,9.5,180.4,180,SEA STAR,IMO9425896,CALL522,37.0,under way using engine,42.0,9.0,2.5,37.0
636018992,2026-09-11T19:15:00Z,35.486705,18.92485,13.8,38.1,38,ATLANTIC CARRIER,IMO9348123,D5XY8,80.0,under way using engine,274.0,48.0,14.2,80.0
239100450,2026-09-11T19:20:00Z,34.937997,19.458565,12.1,45.4,45,BLUE HORIZON,IMO9923532,CALL450,70.0,under way using engine,225.0,32.0,11.8,70.0
240889000,2026-09-11T19:20:00Z,34.14344,19.992898,18.7,114.9,115,AEGEAN BREEZE,IMO9859620,CALL0,71.0,under way using engine,294.0,40.0,13.0,71.0
247000999,2026-09-11T19:20:00Z,36.139486,19.3191,16.1,20.3,20,COASTAL DEFENDER,IMO9870267,CALL999,55.0,under way using engine,65.0,11.0,3.8,55.0
247120300,2026-09-11T19:20:00Z,34.332927,15.981097,22.1,260.3,260,MED EXPRESS,IMO9743644,CALL300,60.0,under way using engine,145.0,24.0,6.2,60.0
255806000,2026-09-11T19:20:00Z,34.727563,19.290392,15.1,69.9,70,GLOBAL TRADER,IMO9989897,CALL0,79.0,under way using engine,260.0,36.0,12.5,79.0
311000888,2026-09-11T19:20:00Z,33.923111,17.633381,13.1,210.0,210,NORTHERN LIGHT,IMO9596446,CALL888,81.0,under way using engine,190.0,30.0,10.1,81.0
352002140,2026-09-11T19:20:00Z,35.483273,17.757877,13.9,329.6,330,PACIFIC TITAN,IMO9567951,CALL140,82.0,under way using engine,182.0,32.0,9.5,82.0
636015522,2026-09-11T19:20:00Z,33.737863,17.900094,9.6,180.8,180,SEA STAR,IMO9435169,CALL522,37.0,under way using engine,42.0,9.0,2.5,37.0
239100450,2026-09-11T19:25:00Z,34.950138,19.473005,12.0,45.3,45,BLUE HORIZON,IMO9917710,CALL450,70.0,under way using engine,225.0,32.0,11.8,70.0
240889000,2026-09-11T19:25:00Z,34.132471,20.021115,18.6,114.5,115,AEGEAN BREEZE,IMO9325146,CALL0,71.0,under way using engine,294.0,40.0,13.0,71.0
247000999,2026-09-11T19:25:00Z,36.160368,19.329187,16.2,19.5,20,COASTAL DEFENDER,IMO9317273,CALL999,55.0,under way using engine,65.0,11.0,3.8,55.0
247120300,2026-09-11T19:25:00Z,34.327657,15.944356,22.2,260.6,260,MED EXPRESS,IMO9489227,CALL300,60.0,under way using engine,145.0,24.0,6.2,60.0
255806000,2026-09-11T19:25:00Z,34.73457,19.314028,15.1,70.7,70,GLOBAL TRADER,IMO9207734,CALL0,79.0,under way using engine,260.0,36.0,12.5,79.0
311000888,2026-09-11T19:25:00Z,33.906841,17.622505,13.0,209.4,210,NORTHERN LIGHT,IMO9487484,CALL888,81.0,under way using engine,190.0,30.0,10.1,81.0
352002140,2026-09-11T19:25:00Z,35.500386,17.746026,14.1,330.8,330,PACIFIC TITAN,IMO9309902,CALL140,82.0,under way using engine,182.0,32.0,9.5,82.0
636015522,2026-09-11T19:25:00Z,33.724473,17.899646,9.7,179.4,180,SEA STAR,IMO9795984,CALL522,37.0,under way using engine,42.0,9.0,2.5,37.0
239100450,2026-09-11T19:30:00Z,34.96155,19.487366,12.2,44.8,45,BLUE HORIZON,IMO9814956,CALL450,70.0,under way using engine,225.0,32.0,11.8,70.0
240889000,2026-09-11T19:30:00Z,34.121773,20.049157,18.5,114.4,115,AEGEAN BREEZE,IMO9743937,CALL0,71.0,under way using engine,294.0,40.0,13.0,71.0
247000999,2026-09-11T19:30:00Z,36.18135,19.338761,16.1,19.4,20,COASTAL DEFENDER,IMO9309174,CALL999,55.0,under way using engine,65.0,11.0,3.8,55.0
247120300,2026-09-11T19:30:00Z,34.321782,15.907704,22.2,260.6,260,MED EXPRESS,IMO9388078,CALL300,60.0,under way using engine,145.0,24.0,6.2,60.0
255806000,2026-09-11T19:30:00Z,34.742043,19.338228,14.8,69.4,70,GLOBAL TRADER,IMO9438542,CALL0,79.0,under way using engine,260.0,36.0,12.5,79.0
311000888,2026-09-11T19:30:00Z,33.891604,17.611983,12.9,210.4,210,NORTHERN LIGHT,IMO9992278,CALL888,81.0,under way using engine,190.0,30.0,10.1,81.0
352002140,2026-09-11T19:30:00Z,35.517464,17.734076,14.0,330.6,330,PACIFIC TITAN,IMO9566732,CALL140,82.0,under way using engine,182.0,32.0,9.5,82.0
636015522,2026-09-11T19:30:00Z,33.711102,17.899916,9.5,180.1,180,SEA STAR,IMO9582977,CALL522,37.0,under way using engine,42.0,9.0,2.5,37.0
239100450,2026-09-11T19:35:00Z,34.973583,19.501797,12.2,45.2,45,BLUE HORIZON,IMO9483102,CALL450,70.0,under way using engine,225.0,32.0,11.8,70.0
240889000,2026-09-11T19:35:00Z,34.110658,20.077299,18.4,114.9,115,AEGEAN BREEZE,IMO9677438,CALL0,71.0,under way using engine,294.0,40.0,13.0,71.0
247000999,2026-09-11T19:35:00Z,36.202451,19.348054,16.1,20.7,20,COASTAL DEFENDER,IMO9617708,CALL999,55.0,under way using engine,65.0,11.0,3.8,55.0
247120300,2026-09-11T19:35:00Z,34.316064,15.871425,22.2,259.6,260,MED EXPRESS,IMO9332881,CALL300,60.0,under way using engine,145.0,24.0,6.2,60.0
255806000,2026-09-11T19:35:00Z,34.749321,19.361821,14.9,69.3,70,GLOBAL TRADER,IMO9859282,CALL0,79.0,under way using engine,260.0,36.0,12.5,79.0
311000888,2026-09-11T19:35:00Z,33.875675,17.601176,13.1,209.3,210,NORTHERN LIGHT,IMO9768444,CALL888,81.0,under way using engine,190.0,30.0,10.1,81.0
352002140,2026-09-11T19:35:00Z,35.534405,17.721841,14.2,330.8,330,PACIFIC TITAN,IMO9800280,CALL140,82.0,under way using engine,182.0,32.0,9.5,82.0
636015522,2026-09-11T19:35:00Z,33.697859,17.900337,9.4,179.6,180,SEA STAR,IMO9813011,CALL522,37.0,under way using engine,42.0,9.0,2.5,37.0
239100450,2026-09-11T19:40:00Z,34.984905,19.516021,11.8,44.9,45,BLUE HORIZON,IMO9903741,CALL450,70.0,under way using engine,225.0,32.0,11.8,70.0
240889000,2026-09-11T19:40:00Z,34.099812,20.105565,18.5,114.9,115,AEGEAN BREEZE,IMO9773870,CALL0,71.0,under way using engine,294.0,40.0,13.0,71.0
247000999,2026-09-11T19:40:00Z,36.223181,19.357418,15.8,19.2,20,COASTAL DEFENDER,IMO9373477,CALL999,55.0,under way using engine,65.0,11.0,3.8,55.0
247120300,2026-09-11T19:40:00Z,34.311328,15.834816,22.0,259.9,260,MED EXPRESS,IMO9667036,CALL300,60.0,under way using engine,145.0,24.0,6.2,60.0
255806000,2026-09-11T19:40:00Z,34.756404,19.385808,15.2,70.8,70,GLOBAL TRADER,IMO9821673,CALL0,79.0,under way using engine,260.0,36.0,12.5,79.0
311000888,2026-09-11T19:40:00Z,33.859838,17.589971,13.1,209.6,210,NORTHERN LIGHT,IMO9993990,CALL888,81.0,under way using engine,190.0,30.0,10.1,81.0
352002140,2026-09-11T19:40:00Z,35.550856,17.709948,14.0,330.6,330,PACIFIC TITAN,IMO9992717,CALL140,82.0,under way using engine,182.0,32.0,9.5,82.0
636015522,2026-09-11T19:40:00Z,33.684538,17.900074,9.4,180.3,180,SEA STAR,IMO9940215,CALL522,37.0,under way using engine,42.0,9.0,2.5,37.0
239100450,2026-09-11T19:45:00Z,34.997167,19.530661,12.0,45.7,45,BLUE HORIZON,IMO9792829,CALL450,70.0,under way using engine,225.0,32.0,11.8,70.0
240889000,2026-09-11T19:45:00Z,34.08921,20.13354,18.6,115.5,115,AEGEAN BREEZE,IMO9933456,CALL0,71.0,under way using engine,294.0,40.0,13.0,71.0
247000999,2026-09-11T19:45:00Z,36.244058,19.366811,16.1,20.6,20,COASTAL DEFENDER,IMO9133522,CALL999,55.0,under way using engine,65.0,11.0,3.8,55.0
247120300,2026-09-11T19:45:00Z,34.306197,15.79849,22.1,260.4,260,MED EXPRESS,IMO9579404,CALL300,60.0,under way using engine,145.0,24.0,6.2,60.0
255806000,2026-09-11T19:45:00Z,34.763485,19.409659,15.1,69.4,70,GLOBAL TRADER,IMO9419071,CALL0,79.0,under way using engine,260.0,36.0,12.5,79.0
311000888,2026-09-11T19:45:00Z,33.844322,17.579518,12.8,210.5,210,NORTHERN LIGHT,IMO9989433,CALL888,81.0,under way using engine,190.0,30.0,10.1,81.0
352002140,2026-09-11T19:45:00Z,35.567928,17.698189,14.1,329.5,330,PACIFIC TITAN,IMO9479052,CALL140,82.0,under way using engine,182.0,32.0,9.5,82.0
636015522,2026-09-11T19:45:00Z,33.671615,17.899953,9.4,180.0,180,SEA STAR,IMO9822049,CALL522,37.0,under way using engine,42.0,9.0,2.5,37.0
239100450,2026-09-11T19:50:00Z,35.00911,19.54522,12.2,45.2,45,BLUE HORIZON,IMO9476712,CALL450,70.0,under way using engine,225.0,32.0,11.8,70.0
240889000,2026-09-11T19:50:00Z,34.078351,20.161871,18.6,115.0,115,AEGEAN BREEZE,IMO9919394,CALL0,71.0,under way using engine,294.0,40.0,13.0,71.0
247000999,2026-09-11T19:50:00Z,36.265099,19.375981,15.8,19.6,20,COASTAL DEFENDER,IMO9689280,CALL999,55.0,under way using engine,65.0,11.0,3.8,55.0
247120300,2026-09-11T19:50:00Z,34.301011,15.761941,22.0,260.3,260,MED EXPRESS,IMO9112394,CALL300,60.0,under way using engine,145.0,24.0,6.2,60.0
255806000,2026-09-11T19:50:00Z,34.770673,19.433711,15.0,70.5,70,GLOBAL TRADER,IMO9383023,CALL0,79.0,under way using engine,260.0,36.0,12.5,79.0
311000888,2026-09-11T19:50:00Z,33.828918,17.568129,12.9,210.8,210,NORTHERN LIGHT,IMO9857213,CALL888,81.0,under way using engine,190.0,30.0,10.1,81.0
352002140,2026-09-11T19:50:00Z,35.584512,17.685956,13.9,329.4,330,PACIFIC TITAN,IMO9928766,CALL140,82.0,under way using engine,182.0,32.0,9.5,82.0
636015522,2026-09-11T19:50:00Z,33.658866,17.900475,9.6,180.0,180,SEA STAR,IMO9968941,CALL522,37.0,under way using engine,42.0,9.0,2.5,37.0
239100450,2026-09-11T19:55:00Z,35.020381,19.559371,12.0,44.5,45,BLUE HORIZON,IMO9137432,CALL450,70.0,under way using engine,225.0,32.0,11.8,70.0
240889000,2026-09-11T19:55:00Z,34.066846,20.190031,18.5,114.8,115,AEGEAN BREEZE,IMO9288550,CALL0,71.0,under way using engine,294.0,40.0,13.0,71.0
247000999,2026-09-11T19:55:00Z,36.285965,19.385739,15.9,19.8,20,COASTAL DEFENDER,IMO9148943,CALL999,55.0,under way using engine,65.0,11.0,3.8,55.0
247120300,2026-09-11T19:55:00Z,34.295303,15.725349,21.8,259.8,260,MED EXPRESS,IMO9372315,CALL300,60.0,under way using engine,145.0,24.0,6.2,60.0
255806000,2026-09-11T19:55:00Z,34.777502,19.457056,15.0,69.4,70,GLOBAL TRADER,IMO9434844,CALL0,79.0,under way using engine,260.0,36.0,12.5,79.0
311000888,2026-09-11T19:55:00Z,33.813146,17.557421,13.2,209.8,210,NORTHERN LIGHT,IMO9978409,CALL888,81.0,under way using engine,190.0,30.0,10.1,81.0
352002140,2026-09-11T19:55:00Z,35.601282,17.674002,14.0,329.9,330,PACIFIC TITAN,IMO9678443,CALL140,82.0,under way using engine,182.0,32.0,9.5,82.0
636015522,2026-09-11T19:55:00Z,33.645208,17.900162,9.7,179.3,180,SEA STAR,IMO9949566,CALL522,37.0,under way using engine,42.0,9.0,2.5,37.0
239100450,2026-09-11T20:00:00Z,35.032706,19.57404,12.0,45.0,45,BLUE HORIZON,IMO9166052,CALL450,70.0,under way using engine,225.0,32.0,11.8,70.0
240889000,2026-09-11T20:00:00Z,34.056681,20.218171,18.3,115.5,115,AEGEAN BREEZE,IMO9394579,CALL0,71.0,under way using engine,294.0,40.0,13.0,71.0
247000999,2026-09-11T20:00:00Z,36.306877,19.394771,16.2,20.6,20,COASTAL DEFENDER,IMO9640422,CALL999,55.0,under way using engine,65.0,11.0,3.8,55.0
247120300,2026-09-11T20:00:00Z,34.290141,15.689205,21.9,260.7,260,MED EXPRESS,IMO9459762,CALL300,60.0,under way using engine,145.0,24.0,6.2,60.0
255806000,2026-09-11T20:00:00Z,34.784996,19.481093,15.2,70.7,70,GLOBAL TRADER,IMO9533370,CALL0,79.0,under way using engine,260.0,36.0,12.5,79.0
311000888,2026-09-11T20:00:00Z,33.797231,17.546567,12.9,210.4,210,NORTHERN LIGHT,IMO9254679,CALL888,81.0,under way using engine,190.0,30.0,10.1,81.0
352002140,2026-09-11T20:00:00Z,35.618613,17.662329,13.8,329.8,330,PACIFIC TITAN,IMO9851759,CALL140,82.0,under way using engine,182.0,32.0,9.5,82.0
636015522,2026-09-11T20:00:00Z,33.631777,17.900325,9.4,180.4,180,SEA STAR,IMO9949785,CALL522,37.0,under way using engine,42.0,9.0,2.5,37.0
239100450,2026-09-11T20:05:00Z,35.044468,19.587873,12.0,45.7,45,BLUE HORIZON,IMO9951211,CALL450,70.0,under way using engine,225.0,32.0,11.8,70.0
240889000,2026-09-11T20:05:00Z,34.04612,20.246484,18.5,115.4,115,AEGEAN BREEZE,IMO9344068,CALL0,71.0,under way using engine,294.0,40.0,13.0,71.0
247000999,2026-09-11T20:05:00Z,36.327675,19.404407,15.8,20.7,20,COASTAL DEFENDER,IMO9937798,CALL999,55.0,under way using engine,65.0,11.0,3.8,55.0
247120300,2026-09-11T20:05:00Z,34.284613,15.652778,21.9,260.3,260,MED EXPRESS,IMO9490394,CALL300,60.0,under way using engine,145.0,24.0,6.2,60.0
255806000,2026-09-11T20:05:00Z,34.791719,19.504985,15.0,69.6,70,GLOBAL TRADER,IMO9601142,CALL0,79.0,under way using engine,260.0,36.0,12.5,79.0
311000888,2026-09-11T20:05:00Z,33.781602,17.535674,13.0,209.6,210,NORTHERN LIGHT,IMO9308334,CALL888,81.0,under way using engine,190.0,30.0,10.1,81.0
352002140,2026-09-11T20:05:00Z,35.635139,17.649815,14.1,330.5,330,PACIFIC TITAN,IMO9177333,CALL140,82.0,under way using engine,182.0,32.0,9.5,82.0
636015522,2026-09-11T20:05:00Z,33.618806,17.900322,9.7,180.4,180,SEA STAR,IMO9998397,CALL522,37.0,under way using engine,42.0,9.0,2.5,37.0
636018992,2026-09-11T20:05:00Z,35.634836,19.067005,13.8,37.4,38,ATLANTIC CARRIER,IMO9348123,D5XY8,80.0,under way using engine,274.0,48.0,12.4,80.0
239100450,2026-09-11T20:10:00Z,35.055561,19.602767,11.8,44.3,45,BLUE HORIZON,IMO9926045,CALL450,70.0,under way using engine,225.0,32.0,11.8,70.0
240889000,2026-09-11T20:10:00Z,34.034764,20.274377,18.6,114.6,115,AEGEAN BREEZE,IMO9955937,CALL0,71.0,under way using engine,294.0,40.0,13.0,71.0
247000999,2026-09-11T20:10:00Z,36.348284,19.414009,15.8,19.4,20,COASTAL DEFENDER,IMO9740231,CALL999,55.0,under way using engine,65.0,11.0,3.8,55.0
247120300,2026-09-11T20:10:00Z,34.279324,15.616297,22.0,260.1,260,MED EXPRESS,IMO9703867,CALL300,60.0,under way using engine,145.0,24.0,6.2,60.0
255806000,2026-09-11T20:10:00Z,34.798756,19.528611,14.9,70.4,70,GLOBAL TRADER,IMO9336800,CALL0,79.0,under way using engine,260.0,36.0,12.5,79.0
311000888,2026-09-11T20:10:00Z,33.765882,17.524696,13.1,210.5,210,NORTHERN LIGHT,IMO9103381,CALL888,81.0,under way using engine,190.0,30.0,10.1,81.0
352002140,2026-09-11T20:10:00Z,35.652167,17.638205,13.8,329.9,330,PACIFIC TITAN,IMO9642491,CALL140,82.0,under way using engine,182.0,32.0,9.5,82.0
636015522,2026-09-11T20:10:00Z,33.605348,17.900016,9.7,180.3,180,SEA STAR,IMO9989735,CALL522,37.0,under way using engine,42.0,9.0,2.5,37.0
636018992,2026-09-11T20:10:00Z,35.649688,19.081223,13.3,37.9,38,ATLANTIC CARRIER,IMO9348123,D5XY8,80.0,under way using engine,274.0,48.0,12.4,80.0
239100450,2026-09-11T20:15:00Z,35.067951,19.616771,11.9,45.2,45,BLUE HORIZON,IMO9648530,CALL450,70.0,under way using engine,225.0,32.0,11.8,70.0
240889000,2026-09-11T20:15:00Z,34.023886,20.302203,18.6,115.7,115,AEGEAN BREEZE,IMO9703656,CALL0,71.0,under way using engine,294.0,40.0,13.0,71.0
247000999,2026-09-11T20:15:00Z,36.369253,19.4231,15.8,20.1,20,COASTAL DEFENDER,IMO9631948,CALL999,55.0,under way using engine,65.0,11.0,3.8,55.0
247120300,2026-09-11T20:15:00Z,34.274003,15.579353,22.1,260.5,260,MED EXPRESS,IMO9682316,CALL300,60.0,under way using engine,145.0,24.0,6.2,60.0
255806000,2026-09-11T20:15:00Z,34.806465,19.553128,15.1,69.8,70,GLOBAL TRADER,IMO9976129,CALL0,79.0,under way using engine,260.0,36.0,12.5,79.0
311000888,2026-09-11T20:15:00Z,33.75021,17.514256,12.8,209.9,210,NORTHERN LIGHT,IMO9976720,CALL888,81.0,under way using engine,190.0,30.0,10.1,81.0
352002140,2026-09-11T20:15:00Z,35.668672,17.626444,14.1,330.2,330,PACIFIC TITAN,IMO9290802,CALL140,82.0,under way using engine,182.0,32.0,9.5,82.0
636015522,2026-09-11T20:15:00Z,33.59236,17.900035,9.5,179.9,180,SEA STAR,IMO9596418,CALL522,37.0,under way using engine,42.0,9.0,2.5,37.0
636018992,2026-09-11T20:15:00Z,35.664303,19.095308,13.6,38.0,38,ATLANTIC CARRIER,IMO9348123,D5XY8,80.0,under way using engine,274.0,48.0,12.4,80.0
239100450,2026-09-11T20:20:00Z,35.079494,19.631463,12.1,44.4,45,BLUE HORIZON,IMO9707488,CALL450,70.0,under way using engine,225.0,32.0,11.8,70.0
240889000,2026-09-11T20:20:00Z,34.013136,20.330348,18.4,115.5,115,AEGEAN BREEZE,IMO9986278,CALL0,71.0,under way using engine,294.0,40.0,13.0,71.0
247000999,2026-09-11T20:20:00Z,36.390686,19.432972,16.1,20.7,20,COASTAL DEFENDER,IMO9264660,CALL999,55.0,under way using engine,65.0,11.0,3.8,55.0
247120300,2026-09-11T20:20:00Z,34.268656,15.54332,21.9,260.7,260,MED EXPRESS,IMO9256812,CALL300,60.0,under way using engine,145.0,24.0,6.2,60.0
255806000,2026-09-11T20:20:00Z,34.813517,19.5766,15.1,69.5,70,GLOBAL TRADER,IMO9181806,CALL0,79.0,under way using engine,260.0,36.0,12.5,79.0
311000888,2026-09-11T20:20:00Z,33.734567,17.502907,13.0,209.4,210,NORTHERN LIGHT,IMO9194960,CALL888,81.0,under way using engine,190.0,30.0,10.1,81.0
352002140,2026-09-11T20:20:00Z,35.68577,17.614021,14.0,330.6,330,PACIFIC TITAN,IMO9971776,CALL140,82.0,under way using engine,182.0,32.0,9.5,82.0
636015522,2026-09-11T20:20:00Z,33.579465,17.89998,9.5,180.0,180,SEA STAR,IMO9396788,CALL522,37.0,under way using engine,42.0,9.0,2.5,37.0
636018992,2026-09-11T20:20:00Z,35.678921,19.109876,13.4,38.4,38,ATLANTIC CARRIER,IMO9348123,D5XY8,80.0,under way using engine,274.0,48.0,12.4,80.0
239100450,2026-09-11T20:25:00Z,35.091591,19.645879,12.1,45.0,45,BLUE HORIZON,IMO9119989,CALL450,70.0,under way using engine,225.0,32.0,11.8,70.0
240889000,2026-09-11T20:25:00Z,34.002129,20.358892,18.4,115.4,115,AEGEAN BREEZE,IMO9476211,CALL0,71.0,under way using engine,294.0,40.0,13.0,71.0
247000999,2026-09-11T20:25:00Z,36.411325,19.441938,16.1,20.0,20,COASTAL DEFENDER,IMO9204117,CALL999,55.0,under way using engine,65.0,11.0,3.8,55.0
247120300,2026-09-11T20:25:00Z,34.263495,15.506794,22.0,259.4,260,MED EXPRESS,IMO9990649,CALL300,60.0,under way using engine,145.0,24.0,6.2,60.0
255806000,2026-09-11T20:25:00Z,34.820653,19.600787,14.9,70.3,70,GLOBAL TRADER,IMO9590891,CALL0,79.0,under way using engine,260.0,36.0,12.5,79.0
311000888,2026-09-11T20:25:00Z,33.719034,17.492364,12.9,210.2,210,NORTHERN LIGHT,IMO9121084,CALL888,81.0,under way using engine,190.0,30.0,10.1,81.0
352002140,2026-09-11T20:25:00Z,35.702698,17.602225,13.9,329.7,330,PACIFIC TITAN,IMO9843788,CALL140,82.0,under way using engine,182.0,32.0,9.5,82.0
636015522,2026-09-11T20:25:00Z,33.565829,17.900444,9.6,180.1,180,SEA STAR,IMO9202046,CALL522,37.0,under way using engine,42.0,9.0,2.5,37.0
636018992,2026-09-11T20:25:00Z,35.694365,19.123933,13.5,38.4,38,ATLANTIC CARRIER,IMO9348123,D5XY8,80.0,under way using engine,274.0,48.0,12.4,80.0
239100450,2026-09-11T20:30:00Z,35.102941,19.6603,11.8,45.3,45,BLUE HORIZON,IMO9236878,CALL450,70.0,under way using engine,225.0,32.0,11.8,70.0
240889000,2026-09-11T20:30:00Z,33.991232,20.386853,18.6,115.7,115,AEGEAN BREEZE,IMO9690984,CALL0,71.0,under way using engine,294.0,40.0,13.0,71.0
247000999,2026-09-11T20:30:00Z,36.43238,19.451858,16.1,19.4,20,COASTAL DEFENDER,IMO9311697,CALL999,55.0,under way using engine,65.0,11.0,3.8,55.0
247120300,2026-09-11T20:30:00Z,34.258043,15.470161,21.9,260.0,260,MED EXPRESS,IMO9363165,CALL300,60.0,under way using engine,145.0,24.0,6.2,60.0
255806000,2026-09-11T20:30:00Z,34.827632,19.624436,14.8,69.5,70,GLOBAL TRADER,IMO9719208,CALL0,79.0,under way using engine,260.0,36.0,12.5,79.0
311000888,2026-09-11T20:30:00Z,33.703383,17.481074,12.9,209.8,210,NORTHERN LIGHT,IMO9185222,CALL888,81.0,under way using engine,190.0,30.0,10.1,81.0
352002140,2026-09-11T20:30:00Z,35.719548,17.59064,14.0,329.7,330,PACIFIC TITAN,IMO9182690,CALL140,82.0,under way using engine,182.0,32.0,9.5,82.0
636015522,2026-09-11T20:30:00Z,33.552939,17.900245,9.5,180.5,180,SEA STAR,IMO9991090,CALL522,37.0,under way using engine,42.0,9.0,2.5,37.0
636018992,2026-09-11T20:30:00Z,35.708685,19.137859,13.4,37.1,38,ATLANTIC CARRIER,IMO9348123,D5XY8,80.0,under way using engine,274.0,48.0,12.4,80.0
239100450,2026-09-11T20:35:00Z,35.115461,19.674666,12.2,45.5,45,BLUE HORIZON,IMO9202018,CALL450,70.0,under way using engine,225.0,32.0,11.8,70.0
240889000,2026-09-11T20:35:00Z,33.980625,20.415369,18.6,115.5,115,AEGEAN BREEZE,IMO9616137,CALL0,71.0,under way using engine,294.0,40.0,13.0,71.0
247000999,2026-09-11T20:35:00Z,36.452985,19.461233,16.1,19.6,20,COASTAL DEFENDER,IMO9948450,CALL999,55.0,under way using engine,65.0,11.0,3.8,55.0
247120300,2026-09-11T20:35:00Z,34.25266,15.433798,22.0,260.3,260,MED EXPRESS,IMO9162952,CALL300,60.0,under way using engine,145.0,24.0,6.2,60.0
255806000,2026-09-11T20:35:00Z,34.834729,19.648189,14.9,70.7,70,GLOBAL TRADER,IMO9842929,CALL0,79.0,under way using engine,260.0,36.0,12.5,79.0
311000888,2026-09-11T20:35:00Z,33.688036,17.47023,12.9,210.3,210,NORTHERN LIGHT,IMO9300368,CALL888,81.0,under way using engine,190.0,30.0,10.1,81.0
352002140,2026-09-11T20:35:00Z,35.73633,17.578458,14.0,329.4,330,PACIFIC TITAN,IMO9417534,CALL140,82.0,under way using engine,182.0,32.0,9.5,82.0
636015522,2026-09-11T20:35:00Z,33.539659,17.899932,9.6,180.1,180,SEA STAR,IMO9563348,CALL522,37.0,under way using engine,42.0,9.0,2.5,37.0
636018992,2026-09-11T20:35:00Z,35.723399,19.152233,13.4,38.7,38,ATLANTIC CARRIER,IMO9348123,D5XY8,80.0,under way using engine,274.0,48.0,12.4,80.0
239100450,2026-09-11T20:40:00Z,35.126859,19.689096,12.0,45.5,45,BLUE HORIZON,IMO9211496,CALL450,70.0,under way using engine,225.0,32.0,11.8,70.0
240889000,2026-09-11T20:40:00Z,33.969329,20.443066,18.3,114.3,115,AEGEAN BREEZE,IMO9730889,CALL0,71.0,under way using engine,294.0,40.0,13.0,71.0
247000999,2026-09-11T20:40:00Z,36.47392,19.47064,15.9,19.6,20,COASTAL DEFENDER,IMO9849941,CALL999,55.0,under way using engine,65.0,11.0,3.8,55.0
247120300,2026-09-11T20:40:00Z,34.247621,15.397603,22.1,259.4,260,MED EXPRESS,IMO9880762,CALL300,60.0,under way using engine,145.0,24.0,6.2,60.0
255806000,2026-09-11T20:40:00Z,34.841734,19.672338,15.0,70.7,70,GLOBAL TRADER,IMO9329412,CALL0,79.0,under way using engine,260.0,36.0,12.5,79.0
311000888,2026-09-11T20:40:00Z,33.672033,17.459378,12.9,209.8,210,NORTHERN LIGHT,IMO9401021,CALL888,81.0,under way using engine,190.0,30.0,10.1,81.0
352002140,2026-09-11T20:40:00Z,35.753122,17.566126,14.1,330.1,330,PACIFIC TITAN,IMO9708851,CALL140,82.0,under way using engine,182.0,32.0,9.5,82.0
636015522,2026-09-11T20:40:00Z,33.526239,17.899844,9.4,179.5,180,SEA STAR,IMO9884735,CALL522,37.0,under way using engine,42.0,9.0,2.5,37.0
636018992,2026-09-11T20:40:00Z,35.73825,19.166454,13.4,37.8,38,ATLANTIC CARRIER,IMO9348123,D5XY8,80.0,under way using engine,274.0,48.0,12.4,80.0
239100450,2026-09-11T20:45:00Z,35.138977,19.703664,12.0,44.3,45,BLUE HORIZON,IMO9312484,CALL450,70.0,under way using engine,225.0,32.0,11.8,70.0
240889000,2026-09-11T20:45:00Z,33.958626,20.471444,18.3,115.7,115,AEGEAN BREEZE,IMO9311250,CALL0,71.0,under way using engine,294.0,40.0,13.0,71.0
247000999,2026-09-11T20:45:00Z,36.494992,19.479884,16.1,19.4,20,COASTAL DEFENDER,IMO9890109,CALL999,55.0,under way using engine,65.0,11.0,3.8,55.0
247120300,2026-09-11T20:45:00Z,34.24218,15.361176,22.0,260.7,260,MED EXPRESS,IMO9370233,CALL300,60.0,under way using engine,145.0,24.0,6.2,60.0
255806000,2026-09-11T20:45:00Z,34.849149,19.696085,15.0,70.2,70,GLOBAL TRADER,IMO9312882,CALL0,79.0,under way using engine,260.0,36.0,12.5,79.0
311000888,2026-09-11T20:45:00Z,33.656433,17.448948,12.9,209.6,210,NORTHERN LIGHT,IMO9297389,CALL888,81.0,under way using engine,190.0,30.0,10.1,81.0
352002140,2026-09-11T20:45:00Z,35.770213,17.554435,14.1,330.2,330,PACIFIC TITAN,IMO9983456,CALL140,82.0,under way using engine,182.0,32.0,9.5,82.0
636015522,2026-09-11T20:45:00Z,33.513183,17.900274,9.4,180.6,180,SEA STAR,IMO9206900,CALL522,37.0,under way using engine,42.0,9.0,2.5,37.0
636018992,2026-09-11T20:45:00Z,35.752936,19.180952,13.3,37.8,38,ATLANTIC CARRIER,IMO9348123,D5XY8,80.0,under way using engine,274.0,48.0,12.4,80.0
239100450,2026-09-11T20:50:00Z,35.150246,19.718077,12.2,45.3,45,BLUE HORIZON,IMO9439984,CALL450,70.0,under way using engine,225.0,32.0,11.8,70.0
240889000,2026-09-11T20:50:00Z,33.947771,20.499134,18.4,115.5,115,AEGEAN BREEZE,IMO9439307,CALL0,71.0,under way using engine,294.0,40.0,13.0,71.0
247000999,2026-09-11T20:50:00Z,36.515545,19.48947,15.9,19.9,20,COASTAL DEFENDER,IMO9529191,CALL999,55.0,under way using engine,65.0,11.0,3.8,55.0
247120300,2026-09-11T20:50:00Z,34.23685,15.324746,21.9,260.3,260,MED EXPRESS,IMO9734992,CALL300,60.0,under way using engine,145.0,24.0,6.2,60.0
255806000,2026-09-11T20:50:00Z,34.856135,19.719938,14.9,69.5,70,GLOBAL TRADER,IMO9422066,CALL0,79.0,under way using engine,260.0,36.0,12.5,79.0
311000888,2026-09-11T20:50:00Z,33.640713,17.438127,13.2,209.6,210,NORTHERN LIGHT,IMO9560952,CALL888,81.0,under way using engine,190.0,30.0,10.1,81.0
352002140,2026-09-11T20:50:00Z,35.786956,17.542173,14.1,329.3,330,PACIFIC TITAN,IMO9772612,CALL140,82.0,under way using engine,182.0,32.0,9.5,82.0
636015522,2026-09-11T20:50:00Z,33.499617,17.899462,9.4,180.7,180,SEA STAR,IMO9547858,CALL522,37.0,under way using engine,42.0,9.0,2.5,37.0
636018992,2026-09-11T20:50:00Z,35.768144,19.194984,13.7,38.2,38,ATLANTIC CARRIER,IMO9348123,D5XY8,80.0,under way using engine,274.0,48.0,12.4,80.0
239100450,2026-09-11T20:55:00Z,35.162591,19.732551,12.0,44.7,45,BLUE HORIZON,IMO9931627,CALL450,70.0,under way using engine,225.0,32.0,11.8,70.0
240889000,2026-09-11T20:55:00Z,33.936942,20.527444,18.6,114.4,115,AEGEAN BREEZE,IMO9216308,CALL0,71.0,under way using engine,294.0,40.0,13.0,71.0
247000999,2026-09-11T20:55:00Z,36.537191,19.498706,16.0,20.3,20,COASTAL DEFENDER,IMO9131208,CALL999,55.0,under way using engine,65.0,11.0,3.8,55.0
247120300,2026-09-11T20:55:00Z,34.231736,15.288387,22.1,259.5,260,MED EXPRESS,IMO9918213,CALL300,60.0,under way using engine,145.0,24.0,6.2,60.0
255806000,2026-09-11T20:55:00Z,34.863494,19.743869,14.8,69.9,70,GLOBAL TRADER,IMO9212379,CALL0,79.0,under way using engine,260.0,36.0,12.5,79.0
311000888,2026-09-11T20:55:00Z,33.625057,17.427374,13.0,209.8,210,NORTHERN LIGHT,IMO9773003,CALL888,81.0,under way using engine,190.0,30.0,10.1,81.0
352002140,2026-09-11T20:55:00Z,35.803783,17.530048,13.9,330.1,330,PACIFIC TITAN,IMO9748133,CALL140,82.0,under way using engine,182.0,32.0,9.5,82.0
636015522,2026-09-11T20:55:00Z,33.486616,17.89989,9.3,179.8,180,SEA STAR,IMO9596894,CALL522,37.0,under way using engine,42.0,9.0,2.5,37.0
636018992,2026-09-11T20:55:00Z,35.782576,19.209575,13.2,37.6,38,ATLANTIC CARRIER,IMO9348123,D5XY8,80.0,under way using engine,274.0,48.0,12.4,80.0
239100450,2026-09-11T21:00:00Z,35.174182,19.746832,11.9,44.3,45,BLUE HORIZON,IMO9387198,CALL450,70.0,under way using engine,225.0,32.0,11.8,70.0
240889000,2026-09-11T21:00:00Z,33.926193,20.555171,18.7,114.8,115,AEGEAN BREEZE,IMO9794303,CALL0,71.0,under way using engine,294.0,40.0,13.0,71.0
247000999,2026-09-11T21:00:00Z,36.55738,19.508589,16.1,20.0,20,COASTAL DEFENDER,IMO9172961,CALL999,55.0,under way using engine,65.0,11.0,3.8,55.0
247120300,2026-09-11T21:00:00Z,34.226303,15.251878,22.0,260.4,260,MED EXPRESS,IMO9568640,CALL300,60.0,under way using engine,145.0,24.0,6.2,60.0
255806000,2026-09-11T21:00:00Z,34.870373,19.767684,15.2,69.5,70,GLOBAL TRADER,IMO9129974,CALL0,79.0,under way using engine,260.0,36.0,12.5,79.0
311000888,2026-09-11T21:00:00Z,33.609053,17.416238,13.1,209.5,210,NORTHERN LIGHT,IMO9975271,CALL888,81.0,under way using engine,190.0,30.0,10.1,81.0
352002140,2026-09-11T21:00:00Z,35.820469,17.518024,14.1,329.7,330,PACIFIC TITAN,IMO9416768,CALL140,82.0,under way using engine,182.0,32.0,9.5,82.0
636015522,2026-09-11T21:00:00Z,33.473488,17.900059,9.7,180.2,180,SEA STAR,IMO9722217,CALL522,37.0,under way using engine,42.0,9.0,2.5,37.0
636018992,2026-09-11T21:00:00Z,35.797209,19.223691,13.6,37.9,38,ATLANTIC CARRIER,IMO9348123,D5XY8,80.0,under way using engine,274.0,48.0,12.4,80.0
239100450,2026-09-11T21:05:00Z,35.186097,19.761365,12.1,45.1,45,BLUE HORIZON,IMO9559969,CALL450,70.0,under way using engine,225.0,32.0,11.8,70.0
240889000,2026-09-11T21:05:00Z,33.915023,20.583644,18.4,114.4,115,AEGEAN BREEZE,IMO9265154,CALL0,71.0,under way using engine,294.0,40.0,13.0,71.0
247000999,2026-09-11T21:05:00Z,36.578755,19.518026,16.2,19.5,20,COASTAL DEFENDER,IMO9164454,CALL999,55.0,under way using engine,65.0,11.0,3.8,55.0
247120300,2026-09-11T21:05:00Z,34.221181,15.215149,21.9,260.2,260,MED EXPRESS,IMO9251884,CALL300,60.0,under way using engine,145.0,24.0,6.2,60.0
255806000,2026-09-11T21:05:00Z,34.877267,19.791756,14.9,69.4,70,GLOBAL TRADER,IMO9677035,CALL0,79.0,under way using engine,260.0,36.0,12.5,79.0
311000888,2026-09-11T21:05:00Z,33.593671,17.405385,13.0,210.8,210,NORTHERN LIGHT,IMO9554928,CALL888,81.0,under way using engine,190.0,30.0,10.1,81.0
352002140,2026-09-11T21:05:00Z,35.837118,17.506242,14.1,329.7,330,PACIFIC TITAN,IMO9176517,CALL140,82.0,under way using engine,182.0,32.0,9.5,82.0
636015522,2026-09-11T21:05:00Z,33.460147,17.900046,9.6,179.6,180,SEA STAR,IMO9224573,CALL522,37.0,under way using engine,42.0,9.0,2.5,37.0
636018992,2026-09-11T21:05:00Z,35.812108,19.237874,13.5,38.8,38,ATLANTIC CARRIER,IMO9348123,D5XY8,80.0,under way using engine,274.0,48.0,12.4,80.0
239100450,2026-09-11T21:10:00Z,35.197774,19.775903,11.9,45.5,45,BLUE HORIZON,IMO9762904,CALL450,70.0,under way using engine,225.0,32.0,11.8,70.0
240889000,2026-09-11T21:10:00Z,33.904201,20.611462,18.6,115.0,115,AEGEAN BREEZE,IMO9432695,CALL0,71.0,under way using engine,294.0,40.0,13.0,71.0
247000999,2026-09-11T21:10:00Z,36.599467,19.527444,16.2,19.4,20,COASTAL DEFENDER,IMO9702466,CALL999,55.0,under way using engine,65.0,11.0,3.8,55.0
247120300,2026-09-11T21:10:00Z,34.215912,15.178634,22.2,259.9,260,MED EXPRESS,IMO9742053,CALL300,60.0,under way using engine,145.0,24.0,6.2,60.0
255806000,2026-09-11T21:10:00Z,34.884827,19.815716,14.9,70.0,70,GLOBAL TRADER,IMO9632599,CALL0,79.0,under way using engine,260.0,36.0,12.5,79.0
311000888,2026-09-11T21:10:00Z,33.577909,17.394897,13.1,209.5,210,NORTHERN LIGHT,IMO9833640,CALL888,81.0,under way using engine,190.0,30.0,10.1,81.0
352002140,2026-09-11T21:10:00Z,35.85429,17.494091,14.0,329.9,330,PACIFIC TITAN,IMO9456717,CALL140,82.0,under way using engine,182.0,32.0,9.5,82.0
636015522,2026-09-11T21:10:00Z,33.447055,17.900231,9.6,180.7,180,SEA STAR,IMO9784507,CALL522,37.0,under way using engine,42.0,9.0,2.5,37.0
636018992,2026-09-11T21:10:00Z,35.827064,19.251957,13.3,38.0,38,ATLANTIC CARRIER,IMO9348123,D5XY8,80.0,under way using engine,274.0,48.0,12.4,80.0
239100450,2026-09-11T21:15:00Z,35.209298,19.789851,11.8,45.0,45,BLUE HORIZON,IMO9106658,CALL450,70.0,under way using engine,225.0,32.0,11.8,70.0
240889000,2026-09-11T21:15:00Z,33.893596,20.640226,18.6,115.7,115,AEGEAN BREEZE,IMO9925220,CALL0,71.0,under way using engine,294.0,40.0,13.0,71.0
247000999,2026-09-11T21:15:00Z,36.620679,19.536985,16.1,20.3,20,COASTAL DEFENDER,IMO9645027,CALL999,55.0,under way using engine,65.0,11.0,3.8,55.0
247120300,2026-09-11T21:15:00Z,34.210056,15.142249,21.8,259.5,260,MED EXPRESS,IMO9339303,CALL300,60.0,under way using engine,145.0,24.0,6.2,60.0
255806000,2026-09-11T21:15:00Z,34.891668,19.839687,14.9,69.3,70,GLOBAL TRADER,IMO9501103,CALL0,79.0,under way using engine,260.0,36.0,12.5,79.0
311000888,2026-09-11T21:15:00Z,33.562713,17.383704,13.1,209.6,210,NORTHERN LIGHT,IMO9638205,CALL888,81.0,under way using engine,190.0,30.0,10.1,81.0
352002140,2026-09-11T21:15:00Z,35.871057,17.482085,14.1,330.4,330,PACIFIC TITAN,IMO9462147,CALL140,82.0,under way using engine,182.0,32.0,9.5,82.0
636015522,2026-09-11T21:15:00Z,33.433823,17.899654,9.7,180.3,180,SEA STAR,IMO9193964,CALL522,37.0,under way using engine,42.0,9.0,2.5,37.0
636018992,2026-09-11T21:15:00Z,35.841699,19.266191,13.7,38.5,38,ATLANTIC CARRIER,IMO9348123,D5XY8,80.0,under way using engine,274.0,48.0,12.4,80.0
239100450,2026-09-11T21:20:00Z,35.221816,19.804536,12.1,45.1,45,BLUE HORIZON,IMO9397514,CALL450,70.0,under way using engine,225.0,32.0,11.8,70.0
240889000,2026-09-11T21:20:00Z,33.8823,20.668069,18.6,114.8,115,AEGEAN BREEZE,IMO9869649,CALL0,71.0,under way using engine,294.0,40.0,13.0,71.0
247000999,2026-09-11T21:20:00Z,36.641524,19.546326,16.2,20.3,20,COASTAL DEFENDER,IMO9419105,CALL999,55.0,under way using engine,65.0,11.0,3.8,55.0
247120300,2026-09-11T21:20:00Z,34.204982,15.106262,22.1,260.2,260,MED EXPRESS,IMO9514664,CALL300,60.0,under way using engine,145.0,24.0,6.2,60.0
255806000,2026-09-11T21:20:00Z,34.898886,19.863185,14.9,69.8,70,GLOBAL TRADER,IMO9722905,CALL0,79.0,under way using engine,260.0,36.0,12.5,79.0
311000888,2026-09-11T21:20:00Z,33.546834,17.372758,13.0,209.3,210,NORTHERN LIGHT,IMO9220898,CALL888,81.0,under way using engine,190.0,30.0,10.1,81.0
352002140,2026-09-11T21:20:00Z,35.888154,17.470168,13.9,330.1,330,PACIFIC TITAN,IMO9434617,CALL140,82.0,under way using engine,182.0,32.0,9.5,82.0
636015522,2026-09-11T21:20:00Z,33.420694,17.899606,9.6,179.6,180,SEA STAR,IMO9784925,CALL522,37.0,under way using engine,42.0,9.0,2.5,37.0
636018992,2026-09-11T21:20:00Z,35.856545,19.280453,13.3,37.0,38,ATLANTIC CARRIER,IMO9348123,D5XY8,80.0,under way using engine,274.0,48.0,12.4,80.0
239100450,2026-09-11T21:25:00Z,35.232844,19.819138,12.1,45.3,45,BLUE HORIZON,IMO9316174,CALL450,70.0,under way using engine,225.0,32.0,11.8,70.0
240889000,2026-09-11T21:25:00Z,33.871574,20.695817,18.6,115.7,115,AEGEAN BREEZE,IMO9700660,CALL0,71.0,under way using engine,294.0,40.0,13.0,71.0
247000999,2026-09-11T21:25:00Z,36.662193,19.555671,15.9,20.5,20,COASTAL DEFENDER,IMO9653429,CALL999,55.0,under way using engine,65.0,11.0,3.8,55.0
247120300,2026-09-11T21:25:00Z,34.199754,15.069787,22.1,259.8,260,MED EXPRESS,IMO9715429,CALL300,60.0,under way using engine,145.0,24.0,6.2,60.0
255806000,2026-09-11T21:25:00Z,34.905999,19.887558,15.0,69.4,70,GLOBAL TRADER,IMO9152294,CALL0,79.0,under way using engine,260.0,36.0,12.5,79.0
311000888,2026-09-11T21:25:00Z,33.530877,17.362041,13.0,209.9,210,NORTHERN LIGHT,IMO9438680,CALL888,81.0,under way using engine,190.0,30.0,10.1,81.0
352002140,2026-09-11T21:25:00Z,35.904913,17.458275,14.0,329.4,330,PACIFIC TITAN,IMO9153063,CALL140,82.0,under way using engine,182.0,32.0,9.5,82.0
636015522,2026-09-11T21:25:00Z,33.407387,17.90001,9.3,179.4,180,SEA STAR,IMO9772566,CALL522,37.0,under way using engine,42.0,9.0,2.5,37.0
636018992,2026-09-11T21:25:00Z,35.87141,19.295063,13.7,37.1,38,ATLANTIC CARRIER,IMO9348123,D5XY8,80.0,under way using engine,274.0,48.0,12.4,80.0
239100450,2026-09-11T21:30:00Z,35.245054,19.833523,12.0,44.6,45,BLUE HORIZON,IMO9283027,CALL450,70.0,under way using engine,225.0,32.0,11.8,70.0
240889000,2026-09-11T21:30:00Z,33.860243,20.72439,18.7,114.3,115,AEGEAN BREEZE,IMO9731650,CALL0,71.0,under way using engine,294.0,40.0,13.0,71.0
247000999,2026-09-11T21:30:00Z,36.683042,19.565252,16.0,20.2,20,COASTAL DEFENDER,IMO9670871,CALL999,55.0,under way using engine,65.0,11.0,3.8,55.0
247120300,2026-09-11T21:30:00Z,34.194255,15.033124,21.9,260.6,260,MED EXPRESS,IMO9231113,CALL300,60.0,under way using engine,145.0,24.0,6.2,60.0
255806000,2026-09-11T21:30:00Z,34.91287,19.910784,14.9,69.3,70,GLOBAL TRADER,IMO9137421,CALL0,79.0,under way using engine,260.0,36.0,12.5,79.0
311000888,2026-09-11T21:30:00Z,33.515369,17.351373,13.0,209.3,210,NORTHERN LIGHT,IMO9835354,CALL888,81.0,under way using engine,190.0,30.0,10.1,81.0
352002140,2026-09-11T21:30:00Z,35.921716,17.44635,14.0,329.6,330,PACIFIC TITAN,IMO9267457,CALL140,82.0,under way using engine,182.0,32.0,9.5,82.0
636015522,2026-09-11T21:30:00Z,33.394091,17.899792,9.3,180.1,180,SEA STAR,IMO9700446,CALL522,37.0,under way using engine,42.0,9.0,2.5,37.0
636018992,2026-09-11T21:30:00Z,35.885952,19.30924,13.3,38.4,38,ATLANTIC CARRIER,IMO9348123,D5XY8,80.0,under way using engine,274.0,48.0,12.4,80.0
239100450,2026-09-11T21:35:00Z,35.256711,19.847808,11.9,45.0,45,BLUE HORIZON,IMO9192296,CALL450,70.0,under way using engine,225.0,32.0,11.8,70.0
240889000,2026-09-11T21:35:00Z,33.84972,20.752385,18.5,115.2,115,AEGEAN BREEZE,IMO9209167,CALL0,71.0,under way using engine,294.0,40.0,13.0,71.0
247000999,2026-09-11T21:35:00Z,36.703836,19.574613,16.0,19.8,20,COASTAL DEFENDER,IMO9951266,CALL999,55.0,under way using engine,65.0,11.0,3.8,55.0
247120300,2026-09-11T21:35:00Z,34.189119,14.996443,22.2,260.3,260,MED EXPRESS,IMO9183953,CALL300,60.0,under way using engine,145.0,24.0,6.2,60.0
255806000,2026-09-11T21:35:00Z,34.920178,19.935018,15.0,69.6,70,GLOBAL TRADER,IMO9750348,CALL0,79.0,under way using engine,260.0,36.0,12.5,79.0
311000888,2026-09-11T21:35:00Z,33.5,17.340512,13.2,209.5,210,NORTHERN LIGHT,IMO9598593,CALL888,81.0,under way using engine,190.0,30.0,10.1,81.0
352002140,2026-09-11T21:35:00Z,35.938804,17.433713,14.1,329.5,330,PACIFIC TITAN,IMO9267082,CALL140,82.0,under way using engine,182.0,32.0,9.5,82.0
636015522,2026-09-11T21:35:00Z,33.380693,17.90004,9.3,180.1,180,SEA STAR,IMO9502611,CALL522,37.0,under way using engine,42.0,9.0,2.5,37.0
636018992,2026-09-11T21:35:00Z,35.900836,19.323362,13.6,37.0,38,ATLANTIC CARRIER,IMO9348123,D5XY8,80.0,under way using engine,274.0,48.0,12.4,80.0
239100450,2026-09-11T21:40:00Z,35.268307,19.86204,11.9,44.2,45,BLUE HORIZON,IMO9347085,CALL450,70.0,under way using engine,225.0,32.0,11.8,70.0
240889000,2026-09-11T21:40:00Z,33.839103,20.780077,18.6,114.6,115,AEGEAN BREEZE,IMO9435039,CALL0,71.0,under way using engine,294.0,40.0,13.0,71.0
247000999,2026-09-11T21:40:00Z,36.724978,19.584096,15.9,19.7,20,COASTAL DEFENDER,IMO9138766,CALL999,55.0,under way using engine,65.0,11.0,3.8,55.0
247120300,2026-09-11T21:40:00Z,34.183898,14.960515,21.8,260.7,260,MED EXPRESS,IMO9596171,CALL300,60.0,under way using engine,145.0,24.0,6.2,60.0
255806000,2026-09-11T21:40:00Z,34.927379,19.958793,15.0,69.6,70,GLOBAL TRADER,IMO9964098,CALL0,79.0,under way using engine,260.0,36.0,12.5,79.0
311000888,2026-09-11T21:40:00Z,33.48405,17.329811,12.8,210.7,210,NORTHERN LIGHT,IMO9421153,CALL888,81.0,under way using engine,190.0,30.0,10.1,81.0
352002140,2026-09-11T21:40:00Z,35.95524,17.422127,14.0,329.7,330,PACIFIC TITAN,IMO9124302,CALL140,82.0,under way using engine,182.0,32.0,9.5,82.0
636015522,2026-09-11T21:40:00Z,33.367504,17.900029,9.5,180.1,180,SEA STAR,IMO9204271,CALL522,37.0,under way using engine,42.0,9.0,2.5,37.0
636018992,2026-09-11T21:40:00Z,35.915778,19.337279,13.3,37.9,38,ATLANTIC CARRIER,IMO9348123,D5XY8,80.0,under way using engine,274.0,48.0,12.4,80.0
239100450,2026-09-11T21:45:00Z,35.280559,19.877289,12.2,45.2,45,BLUE HORIZON,IMO9898100,CALL450,70.0,under way using engine,225.0,32.0,11.8,70.0
240889000,2026-09-11T21:45:00Z,33.828336,20.808543,18.3,115.3,115,AEGEAN BREEZE,IMO9770147,CALL0,71.0,under way using engine,294.0,40.0,13.0,71.0
247000999,2026-09-11T21:45:00Z,36.745649,19.593739,16.1,20.6,20,COASTAL DEFENDER,IMO9645752,CALL999,55.0,under way using engine,65.0,11.0,3.8,55.0
247120300,2026-09-11T21:45:00Z,34.178493,14.923893,22.0,260.4,260,MED EXPRESS,IMO9187295,CALL300,60.0,under way using engine,145.0,24.0,6.2,60.0
255806000,2026-09-11T21:45:00Z,34.93469,19.982782,14.9,70.5,70,GLOBAL TRADER,IMO9464519,CALL0,79.0,under way using engine,260.0,36.0,12.5,79.0
311000888,2026-09-11T21:45:00Z,33.468675,17.318945,13.1,209.9,210,NORTHERN LIGHT,IMO9746564,CALL888,81.0,under way using engine,190.0,30.0,10.1,81.0
352002140,2026-09-11T21:45:00Z,35.972507,17.41021,14.0,329.6,330,PACIFIC TITAN,IMO9711680,CALL140,82.0,under way using engine,182.0,32.0,9.5,82.0
636015522,2026-09-11T21:45:00Z,33.354437,17.900282,9.6,180.1,180,SEA STAR,IMO9525019,CALL522,37.0,under way using engine,42.0,9.0,2.5,37.0
636018992,2026-09-11T21:45:00Z,35.930794,19.352339,13.5,37.1,38,ATLANTIC CARRIER,IMO9348123,D5XY8,80.0,under way using engine,274.0,48.0,12.4,80.0
239100450,2026-09-11T21:50:00Z,35.292384,19.891171,12.0,45.2,45,BLUE HORIZON,IMO9318217,CALL450,70.0,under way using engine,225.0,32.0,11.8,70.0
240889000,2026-09-11T21:50:00Z,33.817236,20.836059,18.3,114.5,115,AEGEAN BREEZE,IMO9826847,CALL0,71.0,under way using engine,294.0,40.0,13.0,71.0
247000999,2026-09-11T21:50:00Z,36.76691,19.60327,15.8,20.1,20,COASTAL DEFENDER,IMO9646660,CALL999,55.0,under way using engine,65.0,11.0,3.8,55.0
247120300,2026-09-11T21:50:00Z,34.173445,14.887665,21.8,260.7,260,MED EXPRESS,IMO9508783,CALL300,60.0,under way using engine,145.0,24.0,6.2,60.0
255806000,2026-09-11T21:50:00Z,34.941504,20.006559,14.9,69.2,70,GLOBAL TRADER,IMO9294069,CALL0,79.0,under way using engine,260.0,36.0,12.5,79.0
311000888,2026-09-11T21:50:00Z,33.452638,17.30797,13.0,209.8,210,NORTHERN LIGHT,IMO9974613,CALL888,81.0,under way using engine,190.0,30.0,10.1,81.0
352002140,2026-09-11T21:50:00Z,35.989157,17.39813,14.0,330.6,330,PACIFIC TITAN,IMO9786041,CALL140,82.0,under way using engine,182.0,32.0,9.5,82.0
636015522,2026-09-11T21:50:00Z,33.341388,17.899963,9.5,180.1,180,SEA STAR,IMO9951649,CALL522,37.0,under way using engine,42.0,9.0,2.5,37.0
636018992,2026-09-11T21:50:00Z,35.945361,19.366547,13.5,38.6,38,ATLANTIC CARRIER,IMO9348123,D5XY8,80.0,under way using engine,274.0,48.0,12.4,80.0
239100450,2026-09-11T21:55:00Z,35.303923,19.905774,12.1,45.3,45,BLUE HORIZON,IMO9597457,CALL450,70.0,under way using engine,225.0,32.0,11.8,70.0
240889000,2026-09-11T21:55:00Z,33.806529,20.864357,18.3,114.2,115,AEGEAN BREEZE,IMO9504684,CALL0,71.0,under way using engine,294.0,40.0,13.0,71.0
247000999,2026-09-11T21:55:00Z,36.787498,19.613012,15.8,20.6,20,COASTAL DEFENDER,IMO9666160,CALL999,55.0,under way using engine,65.0,11.0,3.8,55.0
247120300,2026-09-11T21:55:00Z,34.167858,14.851229,21.9,260.2,260,MED EXPRESS,IMO9237654,CALL300,60.0,under way using engine,145.0,24.0,6.2,60.0
255806000,2026-09-11T21:55:00Z,34.948531,20.030697,15.0,69.7,70,GLOBAL TRADER,IMO9821353,CALL0,79.0,under way using engine,260.0,36.0,12.5,79.0
311000888,2026-09-11T21:55:00Z,33.437249,17.297392,13.0,210.0,210,NORTHERN LIGHT,IMO9520639,CALL888,81.0,under way using engine,190.0,30.0,10.1,81.0
352002140,2026-09-11T21:55:00Z,36.005976,17.385907,13.8,329.4,330,PACIFIC TITAN,IMO9240440,CALL140,82.0,under way using engine,182.0,32.0,9.5,82.0
636015522,2026-09-11T21:55:00Z,33.328092,17.899986,9.6,180.1,180,SEA STAR,IMO9958602,CALL522,37.0,under way using engine,42.0,9.0,2.5,37.0
636018992,2026-09-11T21:55:00Z,35.959856,19.379914,13.6,38.9,38,ATLANTIC CARRIER,IMO9348123,D5XY8,80.0,under way using engine,274.0,48.0,12.4,80.0
239100450,2026-09-11T22:00:00Z,35.315624,19.920102,12.2,44.3,45,BLUE HORIZON,IMO9481884,CALL450,70.0,under way using engine,225.0,32.0,11.8,70.0
240889000,2026-09-11T22:00:00Z,33.795325,20.892423,18.4,114.9,115,AEGEAN BREEZE,IMO9497108,CALL0,71.0,under way using engine,294.0,40.0,13.0,71.0
247000999,2026-09-11T22:00:00Z,36.808432,19.622188,16.1,20.4,20,COASTAL DEFENDER,IMO9629818,CALL999,55.0,under way using engine,65.0,11.0,3.8,55.0
247120300,2026-09-11T22:00:00Z,34.162481,14.814662,21.8,259.8,260,MED EXPRESS,IMO9440998,CALL300,60.0,under way using engine,145.0,24.0,6.2,60.0
255806000,2026-09-11T22:00:00Z,34.955987,20.054787,14.8,69.5,70,GLOBAL TRADER,IMO9577328,CALL0,79.0,under way using engine,260.0,36.0,12.5,79.0
311000888,2026-09-11T22:00:00Z,33.421418,17.286751,13.2,210.4,210,NORTHERN LIGHT,IMO9631586,CALL888,81.0,under way using engine,190.0,30.0,10.1,81.0
352002140,2026-09-11T22:00:00Z,36.023149,17.373806,14.1,329.8,330,PACIFIC TITAN,IMO9520040,CALL140,82.0,under way using engine,182.0,32.0,9.5,82.0
636015522,2026-09-11T22:00:00Z,33.314981,17.8999,9.6,180.7,180,SEA STAR,IMO9223025,CALL522,37.0,under way using engine,42.0,9.0,2.5,37.0
636018992,2026-09-11T22:00:00Z,35.975155,19.394532,13.6,38.0,38,ATLANTIC CARRIER,IMO9348123,D5XY8,80.0,under way using engine,274.0,48.0,12.4,80.0
239100450,2026-09-11T22:05:00Z,35.327494,19.934766,11.9,45.5,45,BLUE HORIZON,IMO9895248,CALL450,70.0,under way using engine,225.0,32.0,11.8,70.0
240889000,2026-09-11T22:05:00Z,33.784532,20.920547,18.6,115.5,115,AEGEAN BREEZE,IMO9706135,CALL0,71.0,under way using engine,294.0,40.0,13.0,71.0
247000999,2026-09-11T22:05:00Z,36.829515,19.631815,15.9,20.2,20,COASTAL DEFENDER,IMO9471692,CALL999,55.0,under way using engine,65.0,11.0,3.8,55.0
247120300,2026-09-11T22:05:00Z,34.157438,14.77811,22.1,260.7,260,MED EXPRESS,IMO9675191,CALL300,60.0,under way using engine,145.0,24.0,6.2,60.0
255806000,2026-09-11T22:05:00Z,34.963128,20.07855,15.0,69.7,70,GLOBAL TRADER,IMO9286138,CALL0,79.0,under way using engine,260.0,36.0,12.5,79.0
311000888,2026-09-11T22:05:00Z,33.406094,17.275553,12.9,210.1,210,NORTHERN LIGHT,IMO9721885,CALL888,81.0,under way using engine,190.0,30.0,10.1,81.0
352002140,2026-09-11T22:05:00Z,36.040012,17.362073,13.9,329.7,330,PACIFIC TITAN,IMO9505116,CALL140,82.0,under way using engine,182.0,32.0,9.5,82.0
636015522,2026-09-11T22:05:00Z,33.30186,17.900245,9.4,180.1,180,SEA STAR,IMO9939398,CALL522,37.0,under way using engine,42.0,9.0,2.5,37.0
636018992,2026-09-11T22:05:00Z,35.989854,19.408763,13.7,38.5,38,ATLANTIC CARRIER,IMO9348123,D5XY8,80.0,under way using engine,274.0,48.0,12.4,80.0
239100450,2026-09-11T22:10:00Z,35.339248,19.949044,11.8,45.1,45,BLUE HORIZON,IMO9265722,CALL450,70.0,under way using engine,225.0,32.0,11.8,70.0
240889000,2026-09-11T22:10:00Z,33.773599,20.948186,18.4,114.3,115,AEGEAN BREEZE,IMO9986846,CALL0,71.0,under way using engine,294.0,40.0,13.0,71.0
247000999,2026-09-11T22:10:00Z,36.850605,19.641508,16.2,19.9,20,COASTAL DEFENDER,IMO9700241,CALL999,55.0,under way using engine,65.0,11.0,3.8,55.0
247120300,2026-09-11T22:10:00Z,34.151481,14.742057,22.1,259.5,260,MED EXPRESS,IMO9726612,CALL300,60.0,under way using engine,145.0,24.0,6.2,60.0
255806000,2026-09-11T22:10:00Z,34.970649,20.102372,14.9,70.4,70,GLOBAL TRADER,IMO9110206,CALL0,79.0,under way using engine,260.0,36.0,12.5,79.0
311000888,2026-09-11T22:10:00Z,33.390512,17.264641,13.2,210.6,210,NORTHERN LIGHT,IMO9831519,CALL888,81.0,under way using engine,190.0,30.0,10.1,81.0
352002140,2026-09-11T22:10:00Z,36.056286,17.349949,13.9,330.8,330,PACIFIC TITAN,IMO9813449,CALL140,82.0,under way using engine,182.0,32.0,9.5,82.0
636015522,2026-09-11T22:10:00Z,33.288515,17.900052,9.5,180.2,180,SEA STAR,IMO9192086,CALL522,37.0,under way using engine,42.0,9.0,2.5,37.0
636018992,2026-09-11T22:10:00Z,36.00437,19.423288,13.3,38.3,38,ATLANTIC CARRIER,IMO9348123,D5XY8,80.0,under way using engine,274.0,48.0,12.4,80.0
239100450,2026-09-11T22:15:00Z,35.351187,19.963253,11.8,45.6,45,BLUE HORIZON,IMO9856445,CALL450,70.0,under way using engine,225.0,32.0,11.8,70.0
240889000,2026-09-11T22:15:00Z,33.762946,20.976482,18.4,114.4,115,AEGEAN BREEZE,IMO9458411,CALL0,71.0,under way using engine,294.0,40.0,13.0,71.0
247000999,2026-09-11T22:15:00Z,36.871252,19.650558,16.2,20.5,20,COASTAL DEFENDER,IMO9709845,CALL999,55.0,under way using engine,65.0,11.0,3.8,55.0
247120300,2026-09-11T22:15:00Z,34.146347,14.705568,22.2,259.9,260,MED EXPRESS,IMO9770864,CALL300,60.0,under way using engine,145.0,24.0,6.2,60.0
255806000,2026-09-11T22:15:00Z,34.976935,20.12606,15.0,70.0,70,GLOBAL TRADER,IMO9359533,CALL0,79.0,under way using engine,260.0,36.0,12.5,79.0
311000888,2026-09-11T22:15:00Z,33.374747,17.253732,13.2,210.4,210,NORTHERN LIGHT,IMO9236200,CALL888,81.0,under way using engine,190.0,30.0,10.1,81.0
352002140,2026-09-11T22:15:00Z,36.073403,17.337855,13.8,329.8,330,PACIFIC TITAN,IMO9455556,CALL140,82.0,under way using engine,182.0,32.0,9.5,82.0
636015522,2026-09-11T22:15:00Z,33.274968,17.899851,9.3,180.8,180,SEA STAR,IMO9630734,CALL522,37.0,under way using engine,42.0,9.0,2.5,37.0
636018992,2026-09-11T22:15:00Z,36.019339,19.437304,13.6,37.5,38,ATLANTIC CARRIER,IMO9348123,D5XY8,80.0,under way using engine,274.0,48.0,12.4,80.0
239100450,2026-09-11T22:20:00Z,35.362686,19.978031,12.0,45.4,45,BLUE HORIZON,IMO9441505,CALL450,70.0,under way using engine,225.0,32.0,11.8,70.0
240889000,2026-09-11T22:20:00Z,33.752129,21.00468,18.6,115.1,115,AEGEAN BREEZE,IMO9197627,CALL0,71.0,under way using engine,294.0,40.0,13.0,71.0
247000999,2026-09-11T22:20:00Z,36.891786,19.660115,16.1,20.1,20,COASTAL DEFENDER,IMO9724478,CALL999,55.0,under way using engine,65.0,11.0,3.8,55.0
247120300,2026-09-11T22:20:00Z,34.141245,14.66895,21.9,260.1,260,MED EXPRESS,IMO9943797,CALL300,60.0,under way using engine,145.0,24.0,6.2,60.0
255806000,2026-09-11T22:20:00Z,34.984447,20.150283,14.8,70.3,70,GLOBAL TRADER,IMO9404777,CALL0,79.0,under way using engine,260.0,36.0,12.5,79.0
311000888,2026-09-11T22:20:00Z,33.358787,17.242658,12.8,209.3,210,NORTHERN LIGHT,IMO9931377,CALL888,81.0,under way using engine,190.0,30.0,10.1,81.0
352002140,2026-09-11T22:20:00Z,36.090163,17.325815,13.9,330.2,330,PACIFIC TITAN,IMO9520884,CALL140,82.0,under way using engine,182.0,32.0,9.5,82.0
636015522,2026-09-11T22:20:00Z,33.261964,17.900497,9.4,180.8,180,SEA STAR,IMO9790130,CALL522,37.0,under way using engine,42.0,9.0,2.5,37.0
636018992,2026-09-11T22:20:00Z,36.034251,19.451908,13.4,37.6,38,ATLANTIC CARRIER,IMO9348123,D5XY8,80.0,under way using engine,274.0,48.0,12.4,80.0
239100450,2026-09-11T22:25:00Z,35.374744,19.992503,11.9,44.6,45,BLUE HORIZON,IMO9532637,CALL450,70.0,under way using engine,225.0,32.0,11.8,70.0
240889000,2026-09-11T22:25:00Z,33.74086,21.033037,18.7,115.3,115,AEGEAN BREEZE,IMO9552275,CALL0,71.0,under way using engine,294.0,40.0,13.0,71.0
247000999,2026-09-11T22:25:00Z,36.913096,19.669962,16.1,20.5,20,COASTAL DEFENDER,IMO9700588,CALL999,55.0,under way using engine,65.0,11.0,3.8,55.0
247120300,2026-09-11T22:25:00Z,34.136189,14.632779,22.0,259.4,260,MED EXPRESS,IMO9111068,CALL300,60.0,under way using engine,145.0,24.0,6.2,60.0
255806000,2026-09-11T22:25:00Z,34.991765,20.173982,14.9,69.4,70,GLOBAL TRADER,IMO9198471,CALL0,79.0,under way using engine,260.0,36.0,12.5,79.0
311000888,2026-09-11T22:25:00Z,33.343351,17.231786,13.0,209.5,210,NORTHERN LIGHT,IMO9100884,CALL888,81.0,under way using engine,190.0,30.0,10.1,81.0
352002140,2026-09-11T22:25:00Z,36.107138,17.313842,13.9,329.7,330,PACIFIC TITAN,IMO9596756,CALL140,82.0,under way using engine,182.0,32.0,9.5,82.0
636015522,2026-09-11T22:25:00Z,33.249081,17.9,9.7,180.0,180,SEA STAR,IMO9920827,CALL522,37.0,under way using engine,42.0,9.0,2.5,37.0
636018992,2026-09-11T22:25:00Z,36.048791,19.466092,13.3,38.4,38,ATLANTIC CARRIER,IMO9348123,D5XY8,80.0,under way using engine,274.0,48.0,12.4,80.0
239100450,2026-09-11T22:30:00Z,35.386662,20.006734,11.9,45.0,45,BLUE HORIZON,IMO9607938,CALL450,70.0,under way using engine,225.0,32.0,11.8,70.0
240889000,2026-09-11T22:30:00Z,33.730407,21.060529,18.7,114.5,115,AEGEAN BREEZE,IMO9206176,CALL0,71.0,under way using engine,294.0,40.0,13.0,71.0
247000999,2026-09-11T22:30:00Z,36.933836,19.679027,16.0,19.6,20,COASTAL DEFENDER,IMO9443772,CALL999,55.0,under way using engine,65.0,11.0,3.8,55.0
247120300,2026-09-11T22:30:00Z,34.131099,14.596296,22.1,259.8,260,MED EXPRESS,IMO9591989,CALL300,60.0,under way using engine,145.0,24.0,6.2,60.0
255806000,2026-09-11T22:30:00Z,34.999066,20.198326,14.9,70.0,70,GLOBAL TRADER,IMO9467820,CALL0,79.0,under way using engine,260.0,36.0,12.5,79.0
311000888,2026-09-11T22:30:00Z,33.32759,17.221217,12.9,209.7,210,NORTHERN LIGHT,IMO9293560,CALL888,81.0,under way using engine,190.0,30.0,10.1,81.0
352002140,2026-09-11T22:30:00Z,36.123943,17.301784,14.2,329.4,330,PACIFIC TITAN,IMO9742848,CALL140,82.0,under way using engine,182.0,32.0,9.5,82.0
636015522,2026-09-11T22:30:00Z,33.235636,17.900238,9.4,180.0,180,SEA STAR,IMO9428137,CALL522,37.0,under way using engine,42.0,9.0,2.5,37.0
636018992,2026-09-11T22:30:00Z,36.063668,19.48034,13.4,38.1,38,ATLANTIC CARRIER,IMO9348123,D5XY8,80.0,under way using engine,274.0,48.0,12.4,80.0
239100450,2026-09-11T22:35:00Z,35.398529,20.021417,11.9,45.2,45,BLUE HORIZON,IMO9286710,CALL450,70.0,under way using engine,225.0,32.0,11.8,70.0
240889000,2026-09-11T22:35:00Z,33.719159,21.089069,18.5,115.1,115,AEGEAN BREEZE,IMO9865433,CALL0,71.0,under way using engine,294.0,40.0,13.0,71.0
247000999,2026-09-11T22:35:00Z,36.954758,19.688808,16.1,19.9,20,COASTAL DEFENDER,IMO9253672,CALL999,55.0,under way using engine,65.0,11.0,3.8,55.0
247120300,2026-09-11T22:35:00Z,34.125122,14.559839,22.0,260.4,260,MED EXPRESS,IMO9414164,CALL300,60.0,under way using engine,145.0,24.0,6.2,60.0
255806000,2026-09-11T22:35:00Z,35.006061,20.222028,15.0,69.8,70,GLOBAL TRADER,IMO9114219,CALL0,79.0,under way using engine,260.0,36.0,12.5,79.0
311000888,2026-09-11T22:35:00Z,33.31202,17.210652,12.8,209.6,210,NORTHERN LIGHT,IMO9817974,CALL888,81.0,under way using engine,190.0,30.0,10.1,81.0
352002140,2026-09-11T22:35:00Z,36.14083,17.289933,14.0,330.5,330,PACIFIC TITAN,IMO9722565,CALL140,82.0,under way using engine,182.0,32.0,9.5,82.0
636015522,2026-09-11T22:35:00Z,33.221915,17.899917,9.4,180.1,180,SEA STAR,IMO9320032,CALL522,37.0,under way using engine,42.0,9.0,2.5,37.0
636018992,2026-09-11T22:35:00Z,36.078362,19.494772,13.5,38.8,38,ATLANTIC CARRIER,IMO9348123,D5XY8,80.0,under way using engine,274.0,48.0,12.4,80.0
239100450,2026-09-11T22:40:00Z,35.410043,20.035888,12.1,45.2,45,BLUE HORIZON,IMO9382795,CALL450,70.0,under way using engine,225.0,32.0,11.8,70.0
240889000,2026-09-11T22:40:00Z,33.708268,21.116545,18.4,114.4,115,AEGEAN BREEZE,IMO9511987,CALL0,71.0,under way using engine,294.0,40.0,13.0,71.0
247000999,2026-09-11T22:40:00Z,36.975703,19.697975,15.8,19.3,20,COASTAL DEFENDER,IMO9236381,CALL999,55.0,under way using engine,65.0,11.0,3.8,55.0
247120300,2026-09-11T22:40:00Z,34.12032,14.523531,21.9,259.6,260,MED EXPRESS,IMO9107568,CALL300,60.0,under way using engine,145.0,24.0,6.2,60.0
255806000,2026-09-11T22:40:00Z,35.013119,20.245815,14.9,70.0,70,GLOBAL TRADER,IMO9796188,CALL0,79.0,under way using engine,260.0,36.0,12.5,79.0
311000888,2026-09-11T22:40:00Z,33.29603,17.199589,12.8,209.5,210,NORTHERN LIGHT,IMO9204766,CALL888,81.0,under way using engine,190.0,30.0,10.1,81.0
352002140,2026-09-11T22:40:00Z,36.157577,17.278024,14.0,330.3,330,PACIFIC TITAN,IMO9414353,CALL140,82.0,under way using engine,182.0,32.0,9.5,82.0
636015522,2026-09-11T22:40:00Z,33.209173,17.899727,9.3,179.3,180,SEA STAR,IMO9248548,CALL522,37.0,under way using engine,42.0,9.0,2.5,37.0
636018992,2026-09-11T22:40:00Z,36.093004,19.508844,13.7,38.5,38,ATLANTIC CARRIER,IMO9348123,D5XY8,80.0,under way using engine,274.0,48.0,12.4,80.0
239100450,2026-09-11T22:45:00Z,35.421954,20.050391,12.1,44.3,45,BLUE HORIZON,IMO9243132,CALL450,70.0,under way using engine,225.0,32.0,11.8,70.0
240889000,2026-09-11T22:45:00Z,33.697338,21.14447,18.4,114.8,115,AEGEAN BREEZE,IMO9548377,CALL0,71.0,under way using engine,294.0,40.0,13.0,71.0
247000999,2026-09-11T22:45:00Z,36.996483,19.707892,15.9,20.0,20,COASTAL DEFENDER,IMO9716813,CALL999,55.0,under way using engine,65.0,11.0,3.8,55.0
247120300,2026-09-11T22:45:00Z,34.114673,14.487095,22.2,259.9,260,MED EXPRESS,IMO9362035,CALL300,60.0,under way using engine,145.0,24.0,6.2,60.0
255806000,2026-09-11T22:45:00Z,35.020441,20.269555,15.0,69.4,70,GLOBAL TRADER,IMO9819096,CALL0,79.0,under way using engine,260.0,36.0,12.5,79.0
311000888,2026-09-11T22:45:00Z,33.280402,17.188954,13.1,210.7,210,NORTHERN LIGHT,IMO9800906,CALL888,81.0,under way using engine,190.0,30.0,10.1,81.0
352002140,2026-09-11T22:45:00Z,36.174593,17.265657,13.9,329.4,330,PACIFIC TITAN,IMO9536774,CALL140,82.0,under way using engine,182.0,32.0,9.5,82.0
636015522,2026-09-11T22:45:00Z,33.19596,17.90036,9.7,180.2,180,SEA STAR,IMO9326534,CALL522,37.0,under way using engine,42.0,9.0,2.5,37.0
636018992,2026-09-11T22:45:00Z,36.108046,19.523312,13.4,38.5,38,ATLANTIC CARRIER,IMO9348123,D5XY8,80.0,under way using engine,274.0,48.0,12.4,80.0
239100450,2026-09-11T22:50:00Z,35.433892,20.064911,12.0,45.4,45,BLUE HORIZON,IMO9330533,CALL450,70.0,under way using engine,225.0,32.0,11.8,70.0
240889000,2026-09-11T22:50:00Z,33.687129,21.172846,18.6,115.0,115,AEGEAN BREEZE,IMO9201698,CALL0,71.0,under way using engine,294.0,40.0,13.0,71.0
247000999,2026-09-11T22:50:00Z,37.017278,19.717256,16.1,20.1,20,COASTAL DEFENDER,IMO9767377,CALL999,55.0,under way using engine,65.0,11.0,3.8,55.0
247120300,2026-09-11T22:50:00Z,34.109655,14.45103,22.0,259.8,260,MED EXPRESS,IMO9375754,CALL300,60.0,under way using engine,145.0,24.0,6.2,60.0
255806000,2026-09-11T22:50:00Z,35.027022,20.293788,14.9,69.9,70,GLOBAL TRADER,IMO9330954,CALL0,79.0,under way using engine,260.0,36.0,12.5,79.0
311000888,2026-09-11T22:50:00Z,33.264889,17.178249,12.9,210.7,210,NORTHERN LIGHT,IMO9506400,CALL888,81.0,under way using engine,190.0,30.0,10.1,81.0
352002140,2026-09-11T22:50:00Z,36.191178,17.253418,14.1,330.3,330,PACIFIC TITAN,IMO9127941,CALL140,82.0,under way using engine,182.0,32.0,9.5,82.0
636015522,2026-09-11T22:50:00Z,33.182733,17.899912,9.6,179.9,180,SEA STAR,IMO9676558,CALL522,37.0,under way using engine,42.0,9.0,2.5,37.0
636018992,2026-09-11T22:50:00Z,36.123152,19.537204,13.5,38.5,38,ATLANTIC CARRIER,IMO9348123,D5XY8,80.0,under way using engine,274.0,48.0,12.4,80.0
239100450,2026-09-11T22:55:00Z,35.445725,20.079067,12.1,45.2,45,BLUE HORIZON,IMO9741233,CALL450,70.0,under way using engine,225.0,32.0,11.8,70.0
240889000,2026-09-11T22:55:00Z,33.676062,21.200681,18.4,114.3,115,AEGEAN BREEZE,IMO9984756,CALL0,71.0,under way using engine,294.0,40.0,13.0,71.0
247000999,2026-09-11T22:55:00Z,37.038316,19.727007,16.2,20.0,20,COASTAL DEFENDER,IMO9537174,CALL999,55.0,under way using engine,65.0,11.0,3.8,55.0
247120300,2026-09-11T22:55:00Z,34.10442,14.414504,22.0,260.5,260,MED EXPRESS,IMO9743003,CALL300,60.0,under way using engine,145.0,24.0,6.2,60.0
255806000,2026-09-11T22:55:00Z,35.034379,20.317662,15.0,69.6,70,GLOBAL TRADER,IMO9877007,CALL0,79.0,under way using engine,260.0,36.0,12.5,79.0
311000888,2026-09-11T22:55:00Z,33.24963,17.167533,12.9,210.4,210,NORTHERN LIGHT,IMO9396951,CALL888,81.0,under way using engine,190.0,30.0,10.1,81.0
352002140,2026-09-11T22:55:00Z,36.208215,17.241451,14.1,330.8,330,PACIFIC TITAN,IMO9706574,CALL140,82.0,under way using engine,182.0,32.0,9.5,82.0
636015522,2026-09-11T22:55:00Z,33.169653,17.900196,9.7,179.8,180,SEA STAR,IMO9187298,CALL522,37.0,under way using engine,42.0,9.0,2.5,37.0
636018992,2026-09-11T22:55:00Z,36.137383,19.551825,13.3,37.4,38,ATLANTIC CARRIER,IMO9348123,D5XY8,80.0,under way using engine,274.0,48.0,12.4,80.0
239100450,2026-09-11T23:00:00Z,35.457535,20.093579,12.0,44.6,45,BLUE HORIZON,IMO9531694,CALL450,70.0,under way using engine,225.0,32.0,11.8,70.0
240889000,2026-09-11T23:00:00Z,33.665332,21.228902,18.5,115.6,115,AEGEAN BREEZE,IMO9377877,CALL0,71.0,under way using engine,294.0,40.0,13.0,71.0
247000999,2026-09-11T23:00:00Z,37.059462,19.736335,15.9,20.3,20,COASTAL DEFENDER,IMO9235670,CALL999,55.0,under way using engine,65.0,11.0,3.8,55.0
247120300,2026-09-11T23:00:00Z,34.098969,14.377708,21.9,260.4,260,MED EXPRESS,IMO9948097,CALL300,60.0,under way using engine,145.0,24.0,6.2,60.0
255806000,2026-09-11T23:00:00Z,35.041501,20.34149,14.9,69.3,70,GLOBAL TRADER,IMO9496129,CALL0,79.0,under way using engine,260.0,36.0,12.5,79.0
311000888,2026-09-11T23:00:00Z,33.233879,17.156192,13.0,209.8,210,NORTHERN LIGHT,IMO9175137,CALL888,81.0,under way using engine,190.0,30.0,10.1,81.0
352002140,2026-09-11T23:00:00Z,36.224919,17.229332,14.0,329.5,330,PACIFIC TITAN,IMO9759580,CALL140,82.0,under way using engine,182.0,32.0,9.5,82.0
636015522,2026-09-11T23:00:00Z,33.156733,17.899898,9.7,179.4,180,SEA STAR,IMO9313660,CALL522,37.0,under way using engine,42.0,9.0,2.5,37.0
636018992,2026-09-11T23:00:00Z,36.15239,19.566228,13.4,38.4,38,ATLANTIC CARRIER,IMO9348123,D5XY8,80.0,under way using engine,274.0,48.0,12.4,80.0
239100450,2026-09-11T23:05:00Z,35.469259,20.108027,12.2,45.1,45,BLUE HORIZON,IMO9977646,CALL450,70.0,under way using engine,225.0,32.0,11.8,70.0
240889000,2026-09-11T23:05:00Z,33.65441,21.256808,18.4,115.6,115,AEGEAN BREEZE,IMO9487345,CALL0,71.0,under way using engine,294.0,40.0,13.0,71.0
247000999,2026-09-11T23:05:00Z,37.080551,19.745917,16.0,20.3,20,COASTAL DEFENDER,IMO9577555,CALL999,55.0,under way using engine,65.0,11.0,3.8,55.0
247120300,2026-09-11T23:05:00Z,34.093535,14.341744,21.8,259.4,260,MED EXPRESS,IMO9215717,CALL300,60.0,under way using engine,145.0,24.0,6.2,60.0
255806000,2026-09-11T23:05:00Z,35.048371,20.365229,15.2,70.3,70,GLOBAL TRADER,IMO9571093,CALL0,79.0,under way using engine,260.0,36.0,12.5,79.0
311000888,2026-09-11T23:05:00Z,33.217918,17.145929,13.2,209.2,210,NORTHERN LIGHT,IMO9738081,CALL888,81.0,under way using engine,190.0,30.0,10.1,81.0
352002140,2026-09-11T23:05:00Z,36.241997,17.21708,14.0,330.5,330,PACIFIC TITAN,IMO9353961,CALL140,82.0,under way using engine,182.0,32.0,9.5,82.0
636015522,2026-09-11T23:05:00Z,33.143535,17.900139,9.7,180.3,180,SEA STAR,IMO9301984,CALL522,37.0,under way using engine,42.0,9.0,2.5,37.0
636018992,2026-09-11T23:05:00Z,36.167127,19.580586,13.5,37.3,38,ATLANTIC CARRIER,IMO9348123,D5XY8,80.0,under way using engine,274.0,48.0,12.4,80.0
239100450,2026-09-11T23:10:00Z,35.480879,20.1227,12.0,45.6,45,BLUE HORIZON,IMO9359870,CALL450,70.0,under way using engine,225.0,32.0,11.8,70.0
240889000,2026-09-11T23:10:00Z,33.643352,21.284728,18.5,114.6,115,AEGEAN BREEZE,IMO9977740,CALL0,71.0,under way using engine,294.0,40.0,13.0,71.0
247000999,2026-09-11T23:10:00Z,37.100894,19.755553,16.2,19.8,20,COASTAL DEFENDER,IMO9224535,CALL999,55.0,under way using engine,65.0,11.0,3.8,55.0
247120300,2026-09-11T23:10:00Z,34.088058,14.305032,21.9,260.2,260,MED EXPRESS,IMO9296911,CALL300,60.0,under way using engine,145.0,24.0,6.2,60.0
255806000,2026-09-11T23:10:00Z,35.056246,20.389532,14.9,70.7,70,GLOBAL TRADER,IMO9465790,CALL0,79.0,under way using engine,260.0,36.0,12.5,79.0
311000888,2026-09-11T23:10:00Z,33.202498,17.135019,12.9,210.0,210,NORTHERN LIGHT,IMO9101668,CALL888,81.0,under way using engine,190.0,30.0,10.1,81.0
352002140,2026-09-11T23:10:00Z,36.259394,17.205452,13.8,329.2,330,PACIFIC TITAN,IMO9428930,CALL140,82.0,under way using engine,182.0,32.0,9.5,82.0
636015522,2026-09-11T23:10:00Z,33.129976,17.899749,9.6,180.0,180,SEA STAR,IMO9272011,CALL522,37.0,under way using engine,42.0,9.0,2.5,37.0
636018992,2026-09-11T23:10:00Z,36.181984,19.594797,13.4,38.1,38,ATLANTIC CARRIER,IMO9348123,D5XY8,80.0,under way using engine,274.0,48.0,12.4,80.0
239100450,2026-09-11T23:15:00Z,35.492587,20.137412,12.2,45.1,45,BLUE HORIZON,IMO9256206,CALL450,70.0,under way using engine,225.0,32.0,11.8,70.0
240889000,2026-09-11T23:15:00Z,33.63245,21.31274,18.6,115.3,115,AEGEAN BREEZE,IMO9189870,CALL0,71.0,under way using engine,294.0,40.0,13.0,71.0
247000999,2026-09-11T23:15:00Z,37.121961,19.764911,15.8,20.1,20,COASTAL DEFENDER,IMO9142238,CALL999,55.0,under way using engine,65.0,11.0,3.8,55.0
247120300,2026-09-11T23:15:00Z,34.082878,14.268975,22.2,259.2,260,MED EXPRESS,IMO9207241,CALL300,60.0,under way using engine,145.0,24.0,6.2,60.0
255806000,2026-09-11T23:15:00Z,35.063123,20.413377,15.0,70.8,70,GLOBAL TRADER,IMO9424348,CALL0,79.0,under way using engine,260.0,36.0,12.5,79.0
311000888,2026-09-11T23:15:00Z,33.186525,17.123877,13.2,210.2,210,NORTHERN LIGHT,IMO9244787,CALL888,81.0,under way using engine,190.0,30.0,10.1,81.0
352002140,2026-09-11T23:15:00Z,36.275594,17.19339,13.9,330.0,330,PACIFIC TITAN,IMO9741181,CALL140,82.0,under way using engine,182.0,32.0,9.5,82.0
636015522,2026-09-11T23:15:00Z,33.116723,17.900056,9.7,179.9,180,SEA STAR,IMO9127168,CALL522,37.0,under way using engine,42.0,9.0,2.5,37.0
636018992,2026-09-11T23:15:00Z,36.197091,19.609193,13.3,37.9,38,ATLANTIC CARRIER,IMO9348123,D5XY8,80.0,under way using engine,274.0,48.0,12.4,80.0
239100450,2026-09-11T23:20:00Z,35.504874,20.151447,12.0,44.3,45,BLUE HORIZON,IMO9593515,CALL450,70.0,under way using engine,225.0,32.0,11.8,70.0
240889000,2026-09-11T23:20:00Z,33.621409,21.340346,18.5,115.4,115,AEGEAN BREEZE,IMO9338564,CALL0,71.0,under way using engine,294.0,40.0,13.0,71.0
247000999,2026-09-11T23:20:00Z,37.142931,19.774556,15.9,19.8,20,COASTAL DEFENDER,IMO9408261,CALL999,55.0,under way using engine,65.0,11.0,3.8,55.0
247120300,2026-09-11T23:20:00Z,34.077595,14.232604,22.0,259.2,260,MED EXPRESS,IMO9194578,CALL300,60.0,under way using engine,145.0,24.0,6.2,60.0
255806000,2026-09-11T23:20:00Z,35.070201,20.437693,15.1,70.5,70,GLOBAL TRADER,IMO9228934,CALL0,79.0,under way using engine,260.0,36.0,12.5,79.0
311000888,2026-09-11T23:20:00Z,33.171067,17.113296,12.9,209.3,210,NORTHERN LIGHT,IMO9502722,CALL888,81.0,under way using engine,190.0,30.0,10.1,81.0
352002140,2026-09-11T23:20:00Z,36.292988,17.181025,14.1,329.3,330,PACIFIC TITAN,IMO9244789,CALL140,82.0,under way using engine,182.0,32.0,9.5,82.0
636015522,2026-09-11T23:20:00Z,33.103763,17.899966,9.4,180.1,180,SEA STAR,IMO9817204,CALL522,37.0,under way using engine,42.0,9.0,2.5,37.0
636018992,2026-09-11T23:20:00Z,36.211785,19.623522,13.3,37.7,38,ATLANTIC CARRIER,IMO9348123,D5XY8,80.0,under way using engine,274.0,48.0,12.4,80.0
239100450,2026-09-11T23:25:00Z,35.516281,20.165923,12.0,44.8,45,BLUE HORIZON,IMO9949049,CALL450,70.0,under way using engine,225.0,32.0,11.8,70.0
240889000,2026-09-11T23:25:00Z,33.610355,21.368524,18.6,114.9,115,AEGEAN BREEZE,IMO9661527,CALL0,71.0,under way using engine,294.0,40.0,13.0,71.0
247000999,2026-09-11T23:25:00Z,37.163582,19.784142,15.9,20.1,20,COASTAL DEFENDER,IMO9151014,CALL999,55.0,under way using engine,65.0,11.0,3.8,55.0
247120300,2026-09-11T23:25:00Z,34.07244,14.196325,21.9,259.7,260,MED EXPRESS,IMO9938297,CALL300,60.0,under way using engine,145.0,24.0,6.2,60.0
255806000,2026-09-11T23:25:00Z,35.077036,20.461482,15.2,70.5,70,GLOBAL TRADER,IMO9402418,CALL0,79.0,under way using engine,260.0,36.0,12.5,79.0
311000888,2026-09-11T23:25:00Z,33.155355,17.10233,12.9,209.8,210,NORTHERN LIGHT,IMO9961169,CALL888,81.0,under way using engine,190.0,30.0,10.1,81.0
352002140,2026-09-11T23:25:00Z,36.309235,17.169118,14.2,330.0,330,PACIFIC TITAN,IMO9495129,CALL140,82.0,under way using engine,182.0,32.0,9.5,82.0
636015522,2026-09-11T23:25:00Z,33.090336,17.899978,9.6,179.8,180,SEA STAR,IMO9449718,CALL522,37.0,under way using engine,42.0,9.0,2.5,37.0
636018992,2026-09-11T23:25:00Z,36.226405,19.637586,13.7,38.7,38,ATLANTIC CARRIER,IMO9348123,D5XY8,80.0,under way using engine,274.0,48.0,12.4,80.0
239100450,2026-09-11T23:30:00Z,35.528214,20.180297,12.0,44.6,45,BLUE HORIZON,IMO9685616,CALL450,70.0,under way using engine,225.0,32.0,11.8,70.0
240889000,2026-09-11T23:30:00Z,33.599665,21.396204,18.5,114.6,115,AEGEAN BREEZE,IMO9413369,CALL0,71.0,under way using engine,294.0,40.0,13.0,71.0
247000999,2026-09-11T23:30:00Z,37.184997,19.793588,15.9,19.5,20,COASTAL DEFENDER,IMO9875590,CALL999,55.0,under way using engine,65.0,11.0,3.8,55.0
247120300,2026-09-11T23:30:00Z,34.066799,14.159773,22.1,259.3,260,MED EXPRESS,IMO9184120,CALL300,60.0,under way using engine,145.0,24.0,6.2,60.0
255806000,2026-09-11T23:30:00Z,35.084391,20.485356,15.2,69.4,70,GLOBAL TRADER,IMO9813999,CALL0,79.0,under way using engine,260.0,36.0,12.5,79.0
311000888,2026-09-11T23:30:00Z,33.139666,17.091732,13.2,209.5,210,NORTHERN LIGHT,IMO9517559,CALL888,81.0,under way using engine,190.0,30.0,10.1,81.0
352002140,2026-09-11T23:30:00Z,36.326299,17.157187,14.2,329.7,330,PACIFIC TITAN,IMO9471496,CALL140,82.0,under way using engine,182.0,32.0,9.5,82.0
636015522,2026-09-11T23:30:00Z,33.077218,17.899889,9.6,179.6,180,SEA STAR,IMO9202704,CALL522,37.0,under way using engine,42.0,9.0,2.5,37.0
636018992,2026-09-11T23:30:00Z,36.241181,19.652185,13.2,38.1,38,ATLANTIC CARRIER,IMO9348123,D5XY8,80.0,under way using engine,274.0,48.0,12.4,80.0
239100450,2026-09-11T23:35:00Z,35.539908,20.194838,12.0,44.5,45,BLUE HORIZON,IMO9475815,CALL450,70.0,under way using engine,225.0,32.0,11.8,70.0
240889000,2026-09-11T23:35:00Z,33.589355,21.424824,18.6,115.0,115,AEGEAN BREEZE,IMO9641922,CALL0,71.0,under way using engine,294.0,40.0,13.0,71.0
247000999,2026-09-11T23:35:00Z,37.205642,19.803206,15.9,20.6,20,COASTAL DEFENDER,IMO9537859,CALL999,55.0,under way using engine,65.0,11.0,3.8,55.0
247120300,2026-09-11T23:35:00Z,34.061953,14.123,21.8,260.4,260,MED EXPRESS,IMO9174852,CALL300,60.0,under way using engine,145.0,24.0,6.2,60.0
255806000,2026-09-11T23:35:00Z,35.09181,20.509711,15.0,70.3,70,GLOBAL TRADER,IMO9418395,CALL0,79.0,under way using engine,260.0,36.0,12.5,79.0
311000888,2026-09-11T23:35:00Z,33.124011,17.080579,13.0,209.3,210,NORTHERN LIGHT,IMO9819391,CALL888,81.0,under way using engine,190.0,30.0,10.1,81.0
352002140,2026-09-11T23:35:00Z,36.343024,17.144638,14.1,330.5,330,PACIFIC TITAN,IMO9377203,CALL140,82.0,under way using engine,182.0,32.0,9.5,82.0
636015522,2026-09-11T23:35:00Z,33.063612,17.900367,9.5,179.4,180,SEA STAR,IMO9229502,CALL522,37.0,under way using engine,42.0,9.0,2.5,37.0
636018992,2026-09-11T23:35:00Z,36.256159,19.666427,13.6,38.6,38,ATLANTIC CARRIER,IMO9348123,D5XY8,80.0,under way using engine,274.0,48.0,12.4,80.0
239100450,2026-09-11T23:40:00Z,35.551618,20.20992,11.8,45.0,45,BLUE HORIZON,IMO9419644,CALL450,70.0,under way using engine,225.0,32.0,11.8,70.0
240889000,2026-09-11T23:40:00Z,33.578198,21.452311,18.5,114.4,115,AEGEAN BREEZE,IMO9893969,CALL0,71.0,under way using engine,294.0,40.0,13.0,71.0
247000999,2026-09-11T23:40:00Z,37.226478,19.812767,16.0,19.7,20,COASTAL DEFENDER,IMO9495633,CALL999,55.0,under way using engine,65.0,11.0,3.8,55.0
247120300,2026-09-11T23:40:00Z,34.056247,14.087015,22.2,259.6,260,MED EXPRESS,IMO9500112,CALL300,60.0,under way using engine,145.0,24.0,6.2,60.0
255806000,2026-09-11T23:40:00Z,35.098564,20.533246,14.9,69.9,70,GLOBAL TRADER,IMO9327882,CALL0,79.0,under way using engine,260.0,36.0,12.5,79.0
311000888,2026-09-11T23:40:00Z,33.108482,17.069848,13.0,210.5,210,NORTHERN LIGHT,IMO9268698,CALL888,81.0,under way using engine,190.0,30.0,10.1,81.0
352002140,2026-09-11T23:40:00Z,36.359962,17.132834,13.9,330.1,330,PACIFIC TITAN,IMO9335790,CALL140,82.0,under way using engine,182.0,32.0,9.5,82.0
636015522,2026-09-11T23:40:00Z,33.050926,17.900288,9.4,180.5,180,SEA STAR,IMO9613402,CALL522,37.0,under way using engine,42.0,9.0,2.5,37.0
636018992,2026-09-11T23:40:00Z,36.270571,19.680482,13.8,37.4,38,ATLANTIC CARRIER,IMO9348123,D5XY8,80.0,under way using engine,274.0,48.0,12.4,80.0
239100450,2026-09-11T23:45:00Z,35.563614,20.22433,12.0,45.1,45,BLUE HORIZON,IMO9576935,CALL450,70.0,under way using engine,225.0,32.0,11.8,70.0
240889000,2026-09-11T23:45:00Z,33.566771,21.480726,18.4,114.5,115,AEGEAN BREEZE,IMO9302087,CALL0,71.0,under way using engine,294.0,40.0,13.0,71.0
247000999,2026-09-11T23:45:00Z,37.247238,19.822347,16.0,20.4,20,COASTAL DEFENDER,IMO9629283,CALL999,55.0,under way using engine,65.0,11.0,3.8,55.0
247120300,2026-09-11T23:45:00Z,34.051105,14.050602,22.1,259.6,260,MED EXPRESS,IMO9908688,CALL300,60.0,under way using engine,145.0,24.0,6.2,60.0
255806000,2026-09-11T23:45:00Z,35.105715,20.557455,14.8,69.7,70,GLOBAL TRADER,IMO9551226,CALL0,79.0,under way using engine,260.0,36.0,12.5,79.0
311000888,2026-09-11T23:45:00Z,33.09275,17.059591,13.0,209.9,210,NORTHERN LIGHT,IMO9609754,CALL888,81.0,under way using engine,190.0,30.0,10.1,81.0
352002140,2026-09-11T23:45:00Z,36.37745,17.120632,14.1,330.3,330,PACIFIC TITAN,IMO9823769,CALL140,82.0,under way using engine,182.0,32.0,9.5,82.0
636015522,2026-09-11T23:45:00Z,33.037725,17.900105,9.5,179.7,180,SEA STAR,IMO9384220,CALL522,37.0,under way using engine,42.0,9.0,2.5,37.0
636018992,2026-09-11T23:45:00Z,36.28567,19.6951,13.3,38.3,38,ATLANTIC CARRIER,IMO9348123,D5XY8,80.0,under way using engine,274.0,48.0,12.4,80.0
239100450,2026-09-11T23:50:00Z,35.575189,20.238668,12.1,44.5,45,BLUE HORIZON,IMO9488414,CALL450,70.0,under way using engine,225.0,32.0,11.8,70.0
240889000,2026-09-11T23:50:00Z,33.556511,21.508693,18.7,114.9,115,AEGEAN BREEZE,IMO9962520,CALL0,71.0,under way using engine,294.0,40.0,13.0,71.0
247000999,2026-09-11T23:50:00Z,37.268236,19.831595,16.1,19.4,20,COASTAL DEFENDER,IMO9863220,CALL999,55.0,under way using engine,65.0,11.0,3.8,55.0
247120300,2026-09-11T23:50:00Z,34.045894,14.014313,22.2,259.5,260,MED EXPRESS,IMO9871041,CALL300,60.0,under way using engine,145.0,24.0,6.2,60.0
255806000,2026-09-11T23:50:00Z,35.112676,20.581451,14.8,69.4,70,GLOBAL TRADER,IMO9397025,CALL0,79.0,under way using engine,260.0,36.0,12.5,79.0
311000888,2026-09-11T23:50:00Z,33.077037,17.048326,13.0,209.3,210,NORTHERN LIGHT,IMO9545625,CALL888,81.0,under way using engine,190.0,30.0,10.1,81.0
352002140,2026-09-11T23:50:00Z,36.393729,17.108584,13.9,330.7,330,PACIFIC TITAN,IMO9934042,CALL140,82.0,under way using engine,182.0,32.0,9.5,82.0
636015522,2026-09-11T23:50:00Z,33.024031,17.899734,9.4,180.7,180,SEA STAR,IMO9508486,CALL522,37.0,under way using engine,42.0,9.0,2.5,37.0
636018992,2026-09-11T23:50:00Z,36.300218,19.709363,13.6,38.5,38,ATLANTIC CARRIER,IMO9348123,D5XY8,80.0,under way using engine,274.0,48.0,12.4,80.0
239100450,2026-09-11T23:55:00Z,35.586875,20.252923,11.8,45.2,45,BLUE HORIZON,IMO9503575,CALL450,70.0,under way using engine,225.0,32.0,11.8,70.0
240889000,2026-09-11T23:55:00Z,33.545228,21.53624,18.4,115.7,115,AEGEAN BREEZE,IMO9946561,CALL0,71.0,under way using engine,294.0,40.0,13.0,71.0
247000999,2026-09-11T23:55:00Z,37.289199,19.841726,16.1,19.9,20,COASTAL DEFENDER,IMO9344131,CALL999,55.0,under way using engine,65.0,11.0,3.8,55.0
247120300,2026-09-11T23:55:00Z,34.040466,13.977743,22.2,260.0,260,MED EXPRESS,IMO9814544,CALL300,60.0,under way using engine,145.0,24.0,6.2,60.0
255806000,2026-09-11T23:55:00Z,35.120088,20.604874,15.2,70.1,70,GLOBAL TRADER,IMO9190181,CALL0,79.0,under way using engine,260.0,36.0,12.5,79.0
311000888,2026-09-11T23:55:00Z,33.061538,17.038073,13.0,210.5,210,NORTHERN LIGHT,IMO9572142,CALL888,81.0,under way using engine,190.0,30.0,10.1,81.0
352002140,2026-09-11T23:55:00Z,36.410606,17.096502,14.0,330.1,330,PACIFIC TITAN,IMO9513697,CALL140,82.0,under way using engine,182.0,32.0,9.5,82.0
636015522,2026-09-11T23:55:00Z,33.011308,17.900328,9.6,180.5,180,SEA STAR,IMO9678469,CALL522,37.0,under way using engine,42.0,9.0,2.5,37.0
636018992,2026-09-11T23:55:00Z,36.315273,19.723991,13.6,37.2,38,ATLANTIC CARRIER,IMO9348123,D5XY8,80.0,under way using engine,274.0,48.0,12.4,80.0
239100450,2026-09-12T00:00:00Z,35.599032,20.26754,11.8,44.9,45,BLUE HORIZON,IMO9382894,CALL450,70.0,under way using engine,225.0,32.0,11.8,70.0
240889000,2026-09-12T00:00:00Z,33.534803,21.564556,18.5,114.7,115,AEGEAN BREEZE,IMO9389617,CALL0,71.0,under way using engine,294.0,40.0,13.0,71.0
247000999,2026-09-12T00:00:00Z,37.310415,19.850858,15.8,20.3,20,COASTAL DEFENDER,IMO9564620,CALL999,55.0,under way using engine,65.0,11.0,3.8,55.0
247120300,2026-09-12T00:00:00Z,34.035577,13.94152,21.9,260.4,260,MED EXPRESS,IMO9880900,CALL300,60.0,under way using engine,145.0,24.0,6.2,60.0
255806000,2026-09-12T00:00:00Z,35.127144,20.628956,15.1,69.9,70,GLOBAL TRADER,IMO9184638,CALL0,79.0,under way using engine,260.0,36.0,12.5,79.0
311000888,2026-09-12T00:00:00Z,33.045551,17.027007,13.1,210.6,210,NORTHERN LIGHT,IMO9482585,CALL888,81.0,under way using engine,190.0,30.0,10.1,81.0
352002140,2026-09-12T00:00:00Z,36.4277,17.084123,14.1,329.7,330,PACIFIC TITAN,IMO9401602,CALL140,82.0,under way using engine,182.0,32.0,9.5,82.0
636015522,2026-09-12T00:00:00Z,32.997623,17.899782,9.5,179.4,180,SEA STAR,IMO9109958,CALL522,37.0,under way using engine,42.0,9.0,2.5,37.0
636018992,2026-09-12T00:00:00Z,36.330147,19.737623,13.3,37.1,38,ATLANTIC CARRIER,IMO9348123,D5XY8,80.0,under way using engine,274.0,48.0,12.4,80.0
239100450,2026-09-12T00:05:00Z,35.6106,20.281898,12.0,44.5,45,BLUE HORIZON,IMO9817923,CALL450,70.0,under way using engine,225.0,32.0,11.8,70.0
240889000,2026-09-12T00:05:00Z,33.523308,21.592381,18.3,115.3,115,AEGEAN BREEZE,IMO9716118,CALL0,71.0,under way using engine,294.0,40.0,13.0,71.0
247000999,2026-09-12T00:05:00Z,37.331146,19.860238,16.1,20.3,20,COASTAL DEFENDER,IMO9699780,CALL999,55.0,under way using engine,65.0,11.0,3.8,55.0
247120300,2026-09-12T00:05:00Z,34.030034,13.905192,21.9,260.2,260,MED EXPRESS,IMO9308376,CALL300,60.0,under way using engine,145.0,24.0,6.2,60.0
255806000,2026-09-12T00:05:00Z,35.13429,20.653075,15.2,69.6,70,GLOBAL TRADER,IMO9811459,CALL0,79.0,under way using engine,260.0,36.0,12.5,79.0
311000888,2026-09-12T00:05:00Z,33.030342,17.016316,13.0,210.4,210,NORTHERN LIGHT,IMO9807494,CALL888,81.0,under way using engine,190.0,30.0,10.1,81.0
352002140,2026-09-12T00:05:00Z,36.444428,17.07246,14.2,330.2,330,PACIFIC TITAN,IMO9883641,CALL140,82.0,under way using engine,182.0,32.0,9.5,82.0
636015522,2026-09-12T00:05:00Z,32.984615,17.899709,9.6,179.4,180,SEA STAR,IMO9695130,CALL522,37.0,under way using engine,42.0,9.0,2.5,37.0
636018992,2026-09-12T00:05:00Z,36.344606,19.752711,13.8,37.8,38,ATLANTIC CARRIER,IMO9348123,D5XY8,80.0,under way using engine,274.0,48.0,12.4,80.0
239100450,2026-09-12T00:10:00Z,35.622847,20.296869,12.1,44.3,45,BLUE HORIZON,IMO9807424,CALL450,70.0,under way using engine,225.0,32.0,11.8,70.0
240889000,2026-09-12T00:10:00Z,33.512674,21.620363,18.5,114.4,115,AEGEAN BREEZE,IMO9716493,CALL0,71.0,under way using engine,294.0,40.0,13.0,71.0
247000999,2026-09-12T00:10:00Z,37.351841,19.869838,15.9,20.2,20,COASTAL DEFENDER,IMO9775192,CALL999,55.0,under way using engine,65.0,11.0,3.8,55.0
247120300,2026-09-12T00:10:00Z,34.024457,13.868989,22.1,260.8,260,MED EXPRESS,IMO9347428,CALL300,60.0,under way using engine,145.0,24.0,6.2,60.0
255806000,2026-09-12T00:10:00Z,35.141299,20.67683,15.2,69.4,70,GLOBAL TRADER,IMO9373951,CALL0,79.0,under way using engine,260.0,36.0,12.5,79.0
311000888,2026-09-12T00:10:00Z,33.014613,17.005472,13.2,210.3,210,NORTHERN LIGHT,IMO9370361,CALL888,81.0,under way using engine,190.0,30.0,10.1,81.0
352002140,2026-09-12T00:10:00Z,36.461075,17.060406,14.0,330.7,330,PACIFIC TITAN,IMO9829988,CALL140,82.0,under way using engine,182.0,32.0,9.5,82.0
636015522,2026-09-12T00:10:00Z,32.971522,17.899934,9.6,180.8,180,SEA STAR,IMO9841870,CALL522,37.0,under way using engine,42.0,9.0,2.5,37.0
636018992,2026-09-12T00:10:00Z,36.359494,19.766698,13.6,38.3,38,ATLANTIC CARRIER,IMO9348123,D5XY8,80.0,under way using engine,274.0,48.0,12.4,80.0
239100450,2026-09-12T00:15:00Z,35.634242,20.311229,12.0,44.9,45,BLUE HORIZON,IMO9142859,CALL450,70.0,under way using engine,225.0,32.0,11.8,70.0
240889000,2026-09-12T00:15:00Z,33.501561,21.648089,18.3,114.4,115,AEGEAN BREEZE,IMO9917411,CALL0,71.0,under way using engine,294.0,40.0,13.0,71.0
247000999,2026-09-12T00:15:00Z,37.372859,19.879607,16.0,20.1,20,COASTAL DEFENDER,IMO9155442,CALL999,55.0,under way using engine,65.0,11.0,3.8,55.0
247120300,2026-09-12T00:15:00Z,34.019068,13.832464,21.9,259.6,260,MED EXPRESS,IMO9225461,CALL300,60.0,under way using engine,145.0,24.0,6.2,60.0
255806000,2026-09-12T00:15:00Z,35.148806,20.700824,14.9,69.9,70,GLOBAL TRADER,IMO9438144,CALL0,79.0,under way using engine,260.0,36.0,12.5,79.0
311000888,2026-09-12T00:15:00Z,32.999058,16.995034,13.1,209.9,210,NORTHERN LIGHT,IMO9150901,CALL888,81.0,under way using engine,190.0,30.0,10.1,81.0
352002140,2026-09-12T00:15:00Z,36.478052,17.048386,14.1,329.6,330,PACIFIC TITAN,IMO9153231,CALL140,82.0,under way using engine,182.0,32.0,9.5,82.0
636015522,2026-09-12T00:15:00Z,32.958372,17.899703,9.5,179.9,180,SEA STAR,IMO9560282,CALL522,37.0,under way using engine,42.0,9.0,2.5,37.0
636018992,2026-09-12T00:15:00Z,36.374579,19.781327,13.7,38.2,38,ATLANTIC CARRIER,IMO9348123,D5XY8,80.0,under way using engine,274.0,48.0,12.4,80.0
239100450,2026-09-12T00:20:00Z,35.646,20.325787,12.0,44.3,45,BLUE HORIZON,IMO9843793,CALL450,70.0,under way using engine,225.0,32.0,11.8,70.0
240889000,2026-09-12T00:20:00Z,33.491271,21.676393,18.5,114.8,115,AEGEAN BREEZE,IMO9530849,CALL0,71.0,under way using engine,294.0,40.0,13.0,71.0
247000999,2026-09-12T00:20:00Z,37.39412,19.889159,16.1,20.0,20,COASTAL DEFENDER,IMO9119570,CALL999,55.0,under way using engine,65.0,11.0,3.8,55.0
247120300,2026-09-12T00:20:00Z,34.013757,13.796345,22.2,260.1,260,MED EXPRESS,IMO9824305,CALL300,60.0,under way using engine,145.0,24.0,6.2,60.0
255806000,2026-09-12T00:20:00Z,35.155739,20.724818,15.1,69.6,70,GLOBAL TRADER,IMO9536535,CALL0,79.0,under way using engine,260.0,36.0,12.5,79.0
311000888,2026-09-12T00:20:00Z,32.98323,16.983929,13.1,209.9,210,NORTHERN LIGHT,IMO9152505,CALL888,81.0,under way using engine,190.0,30.0,10.1,81.0
352002140,2026-09-12T00:20:00Z,36.494804,17.035976,14.1,329.3,330,PACIFIC TITAN,IMO9533377,CALL140,82.0,under way using engine,182.0,32.0,9.5,82.0
636015522,2026-09-12T00:20:00Z,32.945468,17.899969,9.5,179.6,180,SEA STAR,IMO9548544,CALL522,37.0,under way using engine,42.0,9.0,2.5,37.0
636018992,2026-09-12T00:20:00Z,36.38951,19.795867,13.7,37.7,38,ATLANTIC CARRIER,IMO9348123,D5XY8,80.0,under way using engine,274.0,48.0,12.4,80.0
239100450,2026-09-12T00:25:00Z,35.657896,20.340102,11.9,45.1,45,BLUE HORIZON,IMO9780566,CALL450,70.0,under way using engine,225.0,32.0,11.8,70.0
240889000,2026-09-12T00:25:00Z,33.480243,21.704533,18.5,115.0,115,AEGEAN BREEZE,IMO9280564,CALL0,71.0,under way using engine,294.0,40.0,13.0,71.0
247000999,2026-09-12T00:25:00Z,37.415132,19.899116,15.9,19.2,20,COASTAL DEFENDER,IMO9924974,CALL999,55.0,under way using engine,65.0,11.0,3.8,55.0
247120300,2026-09-12T00:25:00Z,34.008298,13.759957,21.9,259.3,260,MED EXPRESS,IMO9265358,CALL300,60.0,under way using engine,145.0,24.0,6.2,60.0
255806000,2026-09-12T00:25:00Z,35.162676,20.748835,14.8,70.1,70,GLOBAL TRADER,IMO9758840,CALL0,79.0,under way using engine,260.0,36.0,12.5,79.0
311000888,2026-09-12T00:25:00Z,32.967866,16.972953,12.9,209.7,210,NORTHERN LIGHT,IMO9410529,CALL888,81.0,under way using engine,190.0,30.0,10.1,81.0
352002140,2026-09-12T00:25:00Z,36.511671,17.024287,14.1,329.4,330,PACIFIC TITAN,IMO9677086,CALL140,82.0,under way using engine,182.0,32.0,9.5,82.0
636015522,2026-09-12T00:25:00Z,32.931587,17.899959,9.7,179.6,180,SEA STAR,IMO9766511,CALL522,37.0,under way using engine,42.0,9.0,2.5,37.0
636018992,2026-09-12T00:25:00Z,36.403712,19.809906,13.5,37.7,38,ATLANTIC CARRIER,IMO9348123,D5XY8,80.0,under way using engine,274.0,48.0,12.4,80.0
239100450,2026-09-12T00:30:00Z,35.669209,20.354791,12.0,45.7,45,BLUE HORIZON,IMO9319984,CALL450,70.0,under way using engine,225.0,32.0,11.8,70.0
240889000,2026-09-12T00:30:00Z,33.46938,21.732295,18.5,115.3,115,AEGEAN BREEZE,IMO9140666,CALL0,71.0,under way using engine,294.0,40.0,13.0,71.0
247000999,2026-09-12T00:30:00Z,37.435798,19.908729,16.1,20.1,20,COASTAL DEFENDER,IMO9188759,CALL999,55.0,under way using engine,65.0,11.0,3.8,55.0
247120300,2026-09-12T00:30:00Z,34.002948,13.723578,21.9,260.8,260,MED EXPRESS,IMO9896456,CALL300,60.0,under way using engine,145.0,24.0,6.2,60.0
255806000,2026-09-12T00:30:00Z,35.169845,20.772894,15.1,70.5,70,GLOBAL TRADER,IMO9200707,CALL0,79.0,under way using engine,260.0,36.0,12.5,79.0
311000888,2026-09-12T00:30:00Z,32.951983,16.962338,12.9,209.7,210,NORTHERN LIGHT,IMO9537319,CALL888,81.0,under way using engine,190.0,30.0,10.1,81.0
352002140,2026-09-12T00:30:00Z,36.528754,17.011968,14.1,330.6,330,PACIFIC TITAN,IMO9598807,CALL140,82.0,under way using engine,182.0,32.0,9.5,82.0
636015522,2026-09-12T00:30:00Z,32.918998,17.899622,9.5,179.7,180,SEA STAR,IMO9194519,CALL522,37.0,under way using engine,42.0,9.0,2.5,37.0
636018992,2026-09-12T00:30:00Z,36.418894,19.823875,13.3,38.9,38,ATLANTIC CARRIER,IMO9348123,D5XY8,80.0,under way using engine,274.0,48.0,12.4,80.0
239100450,2026-09-12T00:35:00Z,35.681483,20.368909,11.9,45.6,45,BLUE HORIZON,IMO9628027,CALL450,70.0,under way using engine,225.0,32.0,11.8,70.0
240889000,2026-09-12T00:35:00Z,33.458201,21.760374,18.6,114.3,115,AEGEAN BREEZE,IMO9598302,CALL0,71.0,under way using engine,294.0,40.0,13.0,71.0
247000999,2026-09-12T00:35:00Z,37.456695,19.917688,16.0,19.3,20,COASTAL DEFENDER,IMO9124393,CALL999,55.0,under way using engine,65.0,11.0,3.8,55.0
247120300,2026-09-12T00:35:00Z,33.997891,13.687194,22.1,260.3,260,MED EXPRESS,IMO9929912,CALL300,60.0,under way using engine,145.0,24.0,6.2,60.0
255806000,2026-09-12T00:35:00Z,35.177241,20.797002,14.9,70.7,70,GLOBAL TRADER,IMO9847213,CALL0,79.0,under way using engine,260.0,36.0,12.5,79.0
311000888,2026-09-12T00:35:00Z,32.936502,16.951636,13.1,210.2,210,NORTHERN LIGHT,IMO9474597,CALL888,81.0,under way using engine,190.0,30.0,10.1,81.0
352002140,2026-09-12T00:35:00Z,36.545364,16.999896,14.2,329.7,330,PACIFIC TITAN,IMO9777273,CALL140,82.0,under way using engine,182.0,32.0,9.5,82.0
636015522,2026-09-12T00:35:00Z,32.905432,17.89994,9.4,179.3,180,SEA STAR,IMO9703263,CALL522,37.0,under way using engine,42.0,9.0,2.5,37.0
636018992,2026-09-12T00:35:00Z,36.43322,19.83825,13.6,37.9,38,ATLANTIC CARRIER,IMO9348123,D5XY8,80.0,under way using engine,274.0,48.0,12.4,80.0
239100450,2026-09-12T00:40:00Z,35.693205,20.383624,11.8,44.8,45,BLUE HORIZON,IMO9609845,CALL450,70.0,under way using engine,225.0,32.0,11.8,70.0
240889000,2026-09-12T00:40:00Z,33.448031,21.787856,18.3,115.5,115,AEGEAN BREEZE,IMO9417776,CALL0,71.0,under way using engine,294.0,40.0,13.0,71.0
247000999,2026-09-12T00:40:00Z,37.477437,19.927629,15.8,20.0,20,COASTAL DEFENDER,IMO9500567,CALL999,55.0,under way using engine,65.0,11.0,3.8,55.0
247120300,2026-09-12T00:40:00Z,33.992809,13.651056,21.9,260.1,260,MED EXPRESS,IMO9775960,CALL300,60.0,under way using engine,145.0,24.0,6.2,60.0
255806000,2026-09-12T00:40:00Z,35.184118,20.820958,15.0,70.7,70,GLOBAL TRADER,IMO9583691,CALL0,79.0,under way using engine,260.0,36.0,12.5,79.0
311000888,2026-09-12T00:40:00Z,32.920644,16.940609,13.0,209.5,210,NORTHERN LIGHT,IMO9660972,CALL888,81.0,under way using engine,190.0,30.0,10.1,81.0
352002140,2026-09-12T00:40:00Z,36.562672,16.987891,14.1,329.6,330,PACIFIC TITAN,IMO9874568,CALL140,82.0,under way using engine,182.0,32.0,9.5,82.0
636015522,2026-09-12T00:40:00Z,32.892585,17.900116,9.5,180.0,180,SEA STAR,IMO9111214,CALL522,37.0,under way using engine,42.0,9.0,2.5,37.0
636018992,2026-09-12T00:40:00Z,36.448206,19.852376,13.4,38.6,38,ATLANTIC CARRIER,IMO9348123,D5XY8,80.0,under way using engine,274.0,48.0,12.4,80.0
239100450,2026-09-12T00:45:00Z,35.704695,20.39829,12.0,45.1,45,BLUE HORIZON,IMO9965472,CALL450,70.0,under way using engine,225.0,32.0,11.8,70.0
240889000,2026-09-12T00:45:00Z,33.436642,21.816348,18.6,115.3,115,AEGEAN BREEZE,IMO9339030,CALL0,71.0,under way using engine,294.0,40.0,13.0,71.0
247000999,2026-09-12T00:45:00Z,37.498404,19.937202,15.8,19.5,20,COASTAL DEFENDER,IMO9251030,CALL999,55.0,under way using engine,65.0,11.0,3.8,55.0
247120300,2026-09-12T00:45:00Z,33.987332,13.61422,22.0,259.5,260,MED EXPRESS,IMO9822730,CALL300,60.0,under way using engine,145.0,24.0,6.2,60.0
255806000,2026-09-12T00:45:00Z,35.19162,20.844835,15.2,69.9,70,GLOBAL TRADER,IMO9892572,CALL0,79.0,under way using engine,260.0,36.0,12.5,79.0
311000888,2026-09-12T00:45:00Z,32.905285,16.930273,13.1,209.9,210,NORTHERN LIGHT,IMO9388039,CALL888,81.0,under way using engine,190.0,30.0,10.1,81.0
352002140,2026-09-12T00:45:00Z,36.579132,16.975191,14.2,329.5,330,PACIFIC TITAN,IMO9978292,CALL140,82.0,under way using engine,182.0,32.0,9.5,82.0
636015522,2026-09-12T00:45:00Z,32.879272,17.899951,9.5,180.4,180,SEA STAR,IMO9602955,CALL522,37.0,under way using engine,42.0,9.0,2.5,37.0
636018992,2026-09-12T00:45:00Z,36.462826,19.8672,13.5,38.5,38,ATLANTIC CARRIER,IMO9348123,D5XY8,80.0,under way using engine,274.0,48.0,12.4,80.0
239100450,2026-09-12T00:50:00Z,35.716707,20.412786,12.0,45.5,45,BLUE HORIZON,IMO9826897,CALL450,70.0,under way using engine,225.0,32.0,11.8,70.0
240889000,2026-09-12T00:50:00Z,33.426274,21.844324,18.5,115.5,115,AEGEAN BREEZE,IMO9382507,CALL0,71.0,under way using engine,294.0,40.0,13.0,71.0
247000999,2026-09-12T00:50:00Z,37.519454,19.947,15.9,20.7,20,COASTAL DEFENDER,IMO9811572,CALL999,55.0,under way using engine,65.0,11.0,3.8,55.0
247120300,2026-09-12T00:50:00Z,33.981775,13.578477,21.9,259.3,260,MED EXPRESS,IMO9840951,CALL300,60.0,under way using engine,145.0,24.0,6.2,60.0
255806000,2026-09-12T00:50:00Z,35.198777,20.869107,15.1,70.1,70,GLOBAL TRADER,IMO9491235,CALL0,79.0,under way using engine,260.0,36.0,12.5,79.0
311000888,2026-09-12T00:50:00Z,32.88924,16.919516,13.0,210.7,210,NORTHERN LIGHT,IMO9975474,CALL888,81.0,under way using engine,190.0,30.0,10.1,81.0
352002140,2026-09-12T00:50:00Z,36.59627,16.963941,14.2,329.8,330,PACIFIC TITAN,IMO9619447,CALL140,82.0,under way using engine,182.0,32.0,9.5,82.0
636015522,2026-09-12T00:50:00Z,32.865555,17.900004,9.6,180.1,180,SEA STAR,IMO9230748,CALL522,37.0,under way using engine,42.0,9.0,2.5,37.0
636018992,2026-09-12T00:50:00Z,36.477796,19.882007,13.7,37.2,38,ATLANTIC CARRIER,IMO9348123,D5XY8,80.0,under way using engine,274.0,48.0,12.4,80.0
239100450,2026-09-12T00:55:00Z,35.728839,20.426905,11.8,45.6,45,BLUE HORIZON,IMO9580115,CALL450,70.0,under way using engine,225.0,32.0,11.8,70.0
240889000,2026-09-12T00:55:00Z,33.415008,21.871574,18.3,114.9,115,AEGEAN BREEZE,IMO9963994,CALL0,71.0,under way using engine,294.0,40.0,13.0,71.0
247000999,2026-09-12T00:55:00Z,37.540352,19.956516,15.9,19.2,20,COASTAL DEFENDER,IMO9161343,CALL999,55.0,under way using engine,65.0,11.0,3.8,55.0
247120300,2026-09-12T00:55:00Z,33.976539,13.541992,22.1,259.5,260,MED EXPRESS,IMO9295692,CALL300,60.0,under way using engine,145.0,24.0,6.2,60.0
255806000,2026-09-12T00:55:00Z,35.205809,20.892932,15.0,69.7,70,GLOBAL TRADER,IMO9892026,CALL0,79.0,under way using engine,260.0,36.0,12.5,79.0
311000888,2026-09-12T00:55:00Z,32.874049,16.908423,13.0,209.3,210,NORTHERN LIGHT,IMO9442452,CALL888,81.0,under way using engine,190.0,30.0,10.1,81.0
352002140,2026-09-12T00:55:00Z,36.613056,16.951728,14.1,329.7,330,PACIFIC TITAN,IMO9139286,CALL140,82.0,under way using engine,182.0,32.0,9.5,82.0
636015522,2026-09-12T00:55:00Z,32.852421,17.900155,9.7,180.4,180,SEA STAR,IMO9848851,CALL522,37.0,under way using engine,42.0,9.0,2.5,37.0
636018992,2026-09-12T00:55:00Z,36.492742,19.895885,13.5,38.2,38,ATLANTIC CARRIER,IMO9348123,D5XY8,80.0,under way using engine,274.0,48.0,12.4,80.0
239100450,2026-09-12T01:00:00Z,35.740635,20.441983,11.9,45.7,45,BLUE HORIZON,IMO9180685,CALL450,70.0,under way using engine,225.0,32.0,11.8,70.0
240889000,2026-09-12T01:00:00Z,33.403982,21.899893,18.5,114.8,115,AEGEAN BREEZE,IMO9158936,CALL0,71.0,under way using engine,294.0,40.0,13.0,71.0
247000999,2026-09-12T01:00:00Z,37.561096,19.96595,15.9,20.6,20,COASTAL DEFENDER,IMO9370463,CALL999,55.0,under way using engine,65.0,11.0,3.8,55.0
247120300,2026-09-12T01:00:00Z,33.971212,13.505558,22.0,260.6,260,MED EXPRESS,IMO9727761,CALL300,60.0,under way using engine,145.0,24.0,6.2,60.0
255806000,2026-09-12T01:00:00Z,35.212826,20.916651,15.1,69.9,70,GLOBAL TRADER,IMO9900058,CALL0,79.0,under way using engine,260.0,36.0,12.5,79.0
311000888,2026-09-12T01:00:00Z,32.857979,16.897902,13.2,210.2,210,NORTHERN LIGHT,IMO9206034,CALL888,81.0,under way using engine,190.0,30.0,10.1,81.0
352002140,2026-09-12T01:00:00Z,36.630042,16.939317,13.8,330.8,330,PACIFIC TITAN,IMO9398384,CALL140,82.0,under way using engine,182.0,32.0,9.5,82.0
636015522,2026-09-12T01:00:00Z,32.839221,17.900112,9.4,180.8,180,SEA STAR,IMO9793291,CALL522,37.0,under way using engine,42.0,9.0,2.5,37.0
636018992,2026-09-12T01:00:00Z,36.507388,19.910389,13.7,37.4,38,ATLANTIC CARRIER,IMO9348123,D5XY8,80.0,under way using engine,274.0,48.0,12.4,80.0
239100450,2026-09-12T01:05:00Z,35.752387,20.456513,12.1,45.0,45,BLUE HORIZON,IMO9314178,CALL450,70.0,under way using engine,225.0,32.0,11.8,70.0
240889000,2026-09-12T01:05:00Z,33.393186,21.927672,18.4,115.0,115,AEGEAN BREEZE,IMO9242239,CALL0,71.0,under way using engine,294.0,40.0,13.0,71.0
247000999,2026-09-12T01:05:00Z,37.581761,19.975719,15.8,19.5,20,COASTAL DEFENDER,IMO9888669,CALL999,55.0,under way using engine,65.0,11.0,3.8,55.0
247120300,2026-09-12T01:05:00Z,33.966289,13.469154,21.8,259.4,260,MED EXPRESS,IMO9410035,CALL300,60.0,under way using engine,145.0,24.0,6.2,60.0
255806000,2026-09-12T01:05:00Z,35.220057,20.940566,14.8,69.3,70,GLOBAL TRADER,IMO9970207,CALL0,79.0,under way using engine,260.0,36.0,12.5,79.0
311000888,2026-09-12T01:05:00Z,32.841991,16.887447,12.8,210.7,210,NORTHERN LIGHT,IMO9885663,CALL888,81.0,under way using engine,190.0,30.0,10.1,81.0
352002140,2026-09-12T01:05:00Z,36.646367,16.92726,14.0,330.6,330,PACIFIC TITAN,IMO9240718,CALL140,82.0,under way using engine,182.0,32.0,9.5,82.0
636015522,2026-09-12T01:05:00Z,32.826588,17.899887,9.7,180.0,180,SEA STAR,IMO9738785,CALL522,37.0,under way using engine,42.0,9.0,2.5,37.0
636018992,2026-09-12T01:05:00Z,36.522299,19.925076,13.4,38.8,38,ATLANTIC CARRIER,IMO9348123,D5XY8,80.0,under way using engine,274.0,48.0,12.4,80.0
239100450,2026-09-12T01:10:00Z,35.763782,20.47091,11.9,45.8,45,BLUE HORIZON,IMO9667735,CALL450,70.0,under way using engine,225.0,32.0,11.8,70.0
240889000,2026-09-12T01:10:00Z,33.382479,21.955358,18.5,114.5,115,AEGEAN BREEZE,IMO9973390,CALL0,71.0,under way using engine,294.0,40.0,13.0,71.0
247000999,2026-09-12T01:10:00Z,37.602812,19.984965,16.0,20.0,20,COASTAL DEFENDER,IMO9220671,CALL999,55.0,under way using engine,65.0,11.0,3.8,55.0
247120300,2026-09-12T01:10:00Z,33.960864,13.43274,22.0,260.4,260,MED EXPRESS,IMO9630535,CALL300,60.0,under way using engine,145.0,24.0,6.2,60.0
255806000,2026-09-12T01:10:00Z,35.227128,20.964703,15.0,70.5,70,GLOBAL TRADER,IMO9692910,CALL0,79.0,under way using engine,260.0,36.0,12.5,79.0
311000888,2026-09-12T01:10:00Z,32.826686,16.876509,12.9,210.4,210,NORTHERN LIGHT,IMO9856646,CALL888,81.0,under way using engine,190.0,30.0,10.1,81.0
352002140,2026-09-12T01:10:00Z,36.663632,16.914873,13.9,329.4,330,PACIFIC TITAN,IMO9270387,CALL140,82.0,under way using engine,182.0,32.0,9.5,82.0
636015522,2026-09-12T01:10:00Z,32.813235,17.900057,9.4,180.7,180,SEA STAR,IMO9900808,CALL522,37.0,under way using engine,42.0,9.0,2.5,37.0
636018992,2026-09-12T01:10:00Z,36.536957,19.938951,13.2,38.9,38,ATLANTIC CARRIER,IMO9348123,D5XY8,80.0,under way using engine,274.0,48.0,12.4,80.0
239100450,2026-09-12T01:15:00Z,35.776065,20.485389,12.0,45.4,45,BLUE HORIZON,IMO9122525,CALL450,70.0,under way using engine,225.0,32.0,11.8,70.0
240889000,2026-09-12T01:15:00Z,33.371583,21.983574,18.3,114.3,115,AEGEAN BREEZE,IMO9477880,CALL0,71.0,under way using engine,294.0,40.0,13.0,71.0
247000999,2026-09-12T01:15:00Z,37.623816,19.99482,16.0,19.3,20,COASTAL DEFENDER,IMO9130310,CALL999,55.0,under way using engine,65.0,11.0,3.8,55.0
247120300,2026-09-12T01:15:00Z,33.955354,13.396738,21.8,260.6,260,MED EXPRESS,IMO9913712,CALL300,60.0,under way using engine,145.0,24.0,6.2,60.0
255806000,2026-09-12T01:15:00Z,35.233988,20.988722,14.8,70.4,70,GLOBAL TRADER,IMO9807173,CALL0,79.0,under way using engine,260.0,36.0,12.5,79.0
311000888,2026-09-12T01:15:00Z,32.81086,16.865228,13.1,209.9,210,NORTHERN LIGHT,IMO9222080,CALL888,81.0,under way using engine,190.0,30.0,10.1,81.0
352002140,2026-09-12T01:15:00Z,36.680322,16.902639,14.1,329.2,330,PACIFIC TITAN,IMO9453487,CALL140,82.0,under way using engine,182.0,32.0,9.5,82.0
636015522,2026-09-12T01:15:00Z,32.799674,17.899979,9.3,180.5,180,SEA STAR,IMO9638637,CALL522,37.0,under way using engine,42.0,9.0,2.5,37.0
636018992,2026-09-12T01:15:00Z,36.552071,19.953646,13.5,38.5,38,ATLANTIC CARRIER,IMO9348123,D5XY8,80.0,under way using engine,274.0,48.0,12.4,80.0
239100450,2026-09-12T01:20:00Z,35.787638,20.500092,12.1,44.6,45,BLUE HORIZON,IMO9644861,CALL450,70.0,under way using engine,225.0,32.0,11.8,70.0
240889000,2026-09-12T01:20:00Z,33.360646,22.011261,18.6,115.0,115,AEGEAN BREEZE,IMO9766275,CALL0,71.0,under way using engine,294.0,40.0,13.0,71.0
247000999,2026-09-12T01:20:00Z,37.644619,20.004325,16.2,19.6,20,COASTAL DEFENDER,IMO9714646,CALL999,55.0,under way using engine,65.0,11.0,3.8,55.0
247120300,2026-09-12T01:20:00Z,33.950008,13.360216,21.8,260.7,260,MED EXPRESS,IMO9958835,CALL300,60.0,under way using engine,145.0,24.0,6.2,60.0
255806000,2026-09-12T01:20:00Z,35.240983,21.012672,15.1,70.0,70,GLOBAL TRADER,IMO9689351,CALL0,79.0,under way using engine,260.0,36.0,12.5,79.0
311000888,2026-09-12T01:20:00Z,32.795515,16.85457,13.2,210.2,210,NORTHERN LIGHT,IMO9665347,CALL888,81.0,under way using engine,190.0,30.0,10.1,81.0
352002140,2026-09-12T01:20:00Z,36.69728,16.890545,14.1,329.5,330,PACIFIC TITAN,IMO9997734,CALL140,82.0,under way using engine,182.0,32.0,9.5,82.0
636015522,2026-09-12T01:20:00Z,32.786568,17.900052,9.5,179.5,180,SEA STAR,IMO9218733,CALL522,37.0,under way using engine,42.0,9.0,2.5,37.0
636018992,2026-09-12T01:20:00Z,36.566483,19.967595,13.5,38.6,38,ATLANTIC CARRIER,IMO9348123,D5XY8,80.0,under way using engine,274.0,48.0,12.4,80.0
239100450,2026-09-12T01:25:00Z,35.799328,20.514401,11.9,45.2,45,BLUE HORIZON,IMO9442157,CALL450,70.0,under way using engine,225.0,32.0,11.8,70.0
240889000,2026-09-12T01:25:00Z,33.350088,22.039178,18.4,115.0,115,AEGEAN BREEZE,IMO9567773,CALL0,71.0,under way using engine,294.0,40.0,13.0,71.0
247000999,2026-09-12T01:25:00Z,37.665578,20.013713,16.0,20.5,20,COASTAL DEFENDER,IMO9419409,CALL999,55.0,under way using engine,65.0,11.0,3.8,55.0
247120300,2026-09-12T01:25:00Z,33.944639,13.324183,22.0,260.1,260,MED EXPRESS,IMO9742818,CALL300,60.0,under way using engine,145.0,24.0,6.2,60.0
255806000,2026-09-12T01:25:00Z,35.248419,21.036455,14.9,70.3,70,GLOBAL TRADER,IMO9993654,CALL0,79.0,under way using engine,260.0,36.0,12.5,79.0
311000888,2026-09-12T01:25:00Z,32.779882,16.843957,13.1,209.8,210,NORTHERN LIGHT,IMO9595890,CALL888,81.0,under way using engine,190.0,30.0,10.1,81.0
352002140,2026-09-12T01:25:00Z,36.71394,16.878506,14.0,329.7,330,PACIFIC TITAN,IMO9520304,CALL140,82.0,under way using engine,182.0,32.0,9.5,82.0
636015522,2026-09-12T01:25:00Z,32.77324,17.900257,9.6,180.6,180,SEA STAR,IMO9999474,CALL522,37.0,under way using engine,42.0,9.0,2.5,37.0
636018992,2026-09-12T01:25:00Z,36.581497,19.982325,13.6,37.6,38,ATLANTIC CARRIER,IMO9348123,D5XY8,80.0,under way using engine,274.0,48.0,12.4,80.0
239100450,2026-09-12T01:30:00Z,35.810957,20.529132,12.0,45.1,45,BLUE HORIZON,IMO9580255,CALL450,70.0,under way using engine,225.0,32.0,11.8,70.0
240889000,2026-09-12T01:30:00Z,33.339127,22.067581,18.5,114.8,115,AEGEAN BREEZE,IMO9271456,CALL0,71.0,under way using engine,294.0,40.0,13.0,71.0
247000999,2026-09-12T01:30:00Z,37.686353,20.023362,16.1,20.0,20,COASTAL DEFENDER,IMO9920910,CALL999,55.0,under way using engine,65.0,11.0,3.8,55.0
247120300,2026-09-12T01:30:00Z,33.93947,13.287916,21.9,259.4,260,MED EXPRESS,IMO9790897,CALL300,60.0,under way using engine,145.0,24.0,6.2,60.0
255806000,2026-09-12T01:30:00Z,35.255724,21.060918,15.1,70.7,70,GLOBAL TRADER,IMO9944750,CALL0,79.0,under way using engine,260.0,36.0,12.5,79.0
311000888,2026-09-12T01:30:00Z,32.764239,16.833789,12.9,210.3,210,NORTHERN LIGHT,IMO9294734,CALL888,81.0,under way using engine,190.0,30.0,10.1,81.0
352002140,2026-09-12T01:30:00Z,36.730867,16.866415,13.9,329.7,330,PACIFIC TITAN,IMO9360096,CALL140,82.0,under way using engine,182.0,32.0,9.5,82.0
636015522,2026-09-12T01:30:00Z,32.760314,17.900114,9.4,179.5,180,SEA STAR,IMO9873876,CALL522,37.0,under way using engine,42.0,9.0,2.5,37.0
636018992,2026-09-12T01:30:00Z,36.595973,19.996521,13.5,37.9,38,ATLANTIC CARRIER,IMO9348123,D5XY8,80.0,under way using engine,274.0,48.0,12.4,80.0
239100450,2026-09-12T01:35:00Z,35.823015,20.543752,12.1,44.5,45,BLUE HORIZON,IMO9372637,CALL450,70.0,under way using engine,225.0,32.0,11.8,70.0
240889000,2026-09-12T01:35:00Z,33.32816,22.094982,18.6,114.3,115,AEGEAN BREEZE,IMO9128783,CALL0,71.0,under way using engine,294.0,40.0,13.0,71.0
247000999,2026-09-12T01:35:00Z,37.707645,20.03302,16.2,20.5,20,COASTAL DEFENDER,IMO9663646,CALL999,55.0,under way using engine,65.0,11.0,3.8,55.0
247120300,2026-09-12T01:35:00Z,33.934548,13.251563,21.9,260.6,260,MED EXPRESS,IMO9311895,CALL300,60.0,under way using engine,145.0,24.0,6.2,60.0
255806000,2026-09-12T01:35:00Z,35.262395,21.084713,14.8,69.2,70,GLOBAL TRADER,IMO9733120,CALL0,79.0,under way using engine,260.0,36.0,12.5,79.0
311000888,2026-09-12T01:35:00Z,32.748434,16.822885,13.0,210.7,210,NORTHERN LIGHT,IMO9811152,CALL888,81.0,under way using engine,190.0,30.0,10.1,81.0
352002140,2026-09-12T01:35:00Z,36.747983,16.854397,14.0,329.6,330,PACIFIC TITAN,IMO9445637,CALL140,82.0,under way using engine,182.0,32.0,9.5,82.0
636015522,2026-09-12T01:35:00Z,32.746845,17.899853,9.7,180.7,180,SEA STAR,IMO9774206,CALL522,37.0,under way using engine,42.0,9.0,2.5,37.0
636018992,2026-09-12T01:35:00Z,36.610957,20.010842,13.6,37.5,38,ATLANTIC CARRIER,IMO9348123,D5XY8,80.0,under way using engine,274.0,48.0,12.4,80.0
239100450,2026-09-12T01:40:00Z,35.834876,20.55839,11.9,45.6,45,BLUE HORIZON,IMO9255544,CALL450,70.0,under way using engine,225.0,32.0,11.8,70.0
240889000,2026-09-12T01:40:00Z,33.317118,22.123085,18.5,115.7,115,AEGEAN BREEZE,IMO9998746,CALL0,71.0,under way using engine,294.0,40.0,13.0,71.0
247000999,2026-09-12T01:40:00Z,37.728848,20.042519,16.0,19.3,20,COASTAL DEFENDER,IMO9952118,CALL999,55.0,under way using engine,65.0,11.0,3.8,55.0
247120300,2026-09-12T01:40:00Z,33.928991,13.215185,21.8,260.2,260,MED EXPRESS,IMO9507475,CALL300,60.0,under way using engine,145.0,24.0,6.2,60.0
255806000,2026-09-12T01:40:00Z,35.270009,21.108519,14.9,69.4,70,GLOBAL TRADER,IMO9125854,CALL0,79.0,under way using engine,260.0,36.0,12.5,79.0
311000888,2026-09-12T01:40:00Z,32.732826,16.811871,12.9,210.5,210,NORTHERN LIGHT,IMO9789137,CALL888,81.0,under way using engine,190.0,30.0,10.1,81.0
352002140,2026-09-12T01:40:00Z,36.764542,16.842551,13.8,330.2,330,PACIFIC TITAN,IMO9826420,CALL140,82.0,under way using engine,182.0,32.0,9.5,82.0
636015522,2026-09-12T01:40:00Z,32.733351,17.899959,9.7,180.6,180,SEA STAR,IMO9989561,CALL522,37.0,under way using engine,42.0,9.0,2.5,37.0
636018992,2026-09-12T01:40:00Z,36.625752,20.025514,13.3,37.2,38,ATLANTIC CARRIER,IMO9348123,D5XY8,80.0,under way using engine,274.0,48.0,12.4,80.0
239100450,2026-09-12T01:45:00Z,35.846513,20.572924,11.9,45.7,45,BLUE HORIZON,IMO9846389,CALL450,70.0,under way using engine,225.0,32.0,11.8,70.0
240889000,2026-09-12T01:45:00Z,33.306363,22.151037,18.4,115.2,115,AEGEAN BREEZE,IMO9638214,CALL0,71.0,under way using engine,294.0,40.0,13.0,71.0
247000999,2026-09-12T01:45:00Z,37.748898,20.052364,15.9,20.8,20,COASTAL DEFENDER,IMO9100569,CALL999,55.0,under way using engine,65.0,11.0,3.8,55.0
247120300,2026-09-12T01:45:00Z,33.923444,13.178597,22.1,259.6,260,MED EXPRESS,IMO9484150,CALL300,60.0,under way using engine,145.0,24.0,6.2,60.0
255806000,2026-09-12T01:45:00Z,35.277073,21.132499,14.8,69.4,70,GLOBAL TRADER,IMO9524209,CALL0,79.0,under way using engine,260.0,36.0,12.5,79.0
311000888,2026-09-12T01:45:00Z,32.717285,16.801228,13.0,210.8,210,NORTHERN LIGHT,IMO9433614,CALL888,81.0,under way using engine,190.0,30.0,10.1,81.0
352002140,2026-09-12T01:45:00Z,36.781527,16.8304,14.0,329.5,330,PACIFIC TITAN,IMO9819400,CALL140,82.0,under way using engine,182.0,32.0,9.5,82.0
636015522,2026-09-12T01:45:00Z,32.720376,17.900014,9.5,179.7,180,SEA STAR,IMO9471083,CALL522,37.0,under way using engine,42.0,9.0,2.5,37.0
636018992,2026-09-12T01:45:00Z,36.640213,20.039731,13.3,37.4,38,ATLANTIC CARRIER,IMO9348123,D5XY8,80.0,under way using engine,274.0,48.0,12.4,80.0
239100450,2026-09-12T01:50:00Z,35.85832,20.587272,11.9,45.3,45,BLUE HORIZON,IMO9798724,CALL450,70.0,under way using engine,225.0,32.0,11.8,70.0
240889000,2026-09-12T01:50:00Z,33.295812,22.178826,18.6,114.2,115,AEGEAN BREEZE,IMO9238741,CALL0,71.0,under way using engine,294.0,40.0,13.0,71.0
247000999,2026-09-12T01:50:00Z,37.770589,20.062063,15.9,19.6,20,COASTAL DEFENDER,IMO9813029,CALL999,55.0,under way using engine,65.0,11.0,3.8,55.0
247120300,2026-09-12T01:50:00Z,33.918324,13.142814,21.8,260.7,260,MED EXPRESS,IMO9787603,CALL300,60.0,under way using engine,145.0,24.0,6.2,60.0
255806000,2026-09-12T01:50:00Z,35.283971,21.156705,14.9,70.6,70,GLOBAL TRADER,IMO9372914,CALL0,79.0,under way using engine,260.0,36.0,12.5,79.0
311000888,2026-09-12T01:50:00Z,32.70164,16.79046,13.1,209.6,210,NORTHERN LIGHT,IMO9741084,CALL888,81.0,under way using engine,190.0,30.0,10.1,81.0
352002140,2026-09-12T01:50:00Z,36.797935,16.817952,14.1,329.7,330,PACIFIC TITAN,IMO9223119,CALL140,82.0,under way using engine,182.0,32.0,9.5,82.0
636015522,2026-09-12T01:50:00Z,32.707499,17.900116,9.6,179.8,180,SEA STAR,IMO9109294,CALL522,37.0,under way using engine,42.0,9.0,2.5,37.0
636018992,2026-09-12T01:50:00Z,36.655015,20.054235,13.8,38.0,38,ATLANTIC CARRIER,IMO9348123,D5XY8,80.0,under way using engine,274.0,48.0,12.4,80.0
239100450,2026-09-12T01:55:00Z,35.870274,20.60174,11.8,45.8,45,BLUE HORIZON,IMO9702433,CALL450,70.0,under way using engine,225.0,32.0,11.8,70.0
240889000,2026-09-12T01:55:00Z,33.284433,22.206447,18.3,114.6,115,AEGEAN BREEZE,IMO9944193,CALL0,71.0,under way using engine,294.0,40.0,13.0,71.0
247000999,2026-09-12T01:55:00Z,37.790938,20.071641,16.1,20.1,20,COASTAL DEFENDER,IMO9635118,CALL999,55.0,under way using engine,65.0,11.0,3.8,55.0
247120300,2026-09-12T01:55:00Z,33.912535,13.106226,21.8,260.5,260,MED EXPRESS,IMO9163648,CALL300,60.0,under way using engine,145.0,24.0,6.2,60.0
255806000,2026-09-12T01:55:00Z,35.291363,21.180427,15.1,70.2,70,GLOBAL TRADER,IMO9553355,CALL0,79.0,under way using engine,260.0,36.0,12.5,79.0
311000888,2026-09-12T01:55:00Z,32.685796,16.779951,13.1,210.1,210,NORTHERN LIGHT,IMO9765607,CALL888,81.0,under way using engine,190.0,30.0,10.1,81.0
352002140,2026-09-12T01:55:00Z,36.814911,16.805446,13.9,329.6,330,PACIFIC TITAN,IMO9240057,CALL140,82.0,under way using engine,182.0,32.0,9.5,82.0
636015522,2026-09-12T01:55:00Z,32.694333,17.900138,9.3,180.0,180,SEA STAR,IMO9261177,CALL522,37.0,under way using engine,42.0,9.0,2.5,37.0
636018992,2026-09-12T01:55:00Z,36.670107,20.068693,13.3,37.5,38,ATLANTIC CARRIER,IMO9348123,D5XY8,80.0,under way using engine,274.0,48.0,12.4,80.0
239100450,2026-09-12T02:00:00Z,35.882148,20.61652,11.9,45.1,45,BLUE HORIZON,IMO9136374,CALL450,70.0,under way using engine,225.0,32.0,11.8,70.0
240889000,2026-09-12T02:00:00Z,33.274021,22.234432,18.6,114.6,115,AEGEAN BREEZE,IMO9494763,CALL0,71.0,under way using engine,294.0,40.0,13.0,71.0
247000999,2026-09-12T02:00:00Z,37.811955,20.081251,16.0,19.3,20,COASTAL DEFENDER,IMO9194073,CALL999,55.0,under way using engine,65.0,11.0,3.8,55.0
247120300,2026-09-12T02:00:00Z,33.907431,13.070161,22.2,260.5,260,MED EXPRESS,IMO9932831,CALL300,60.0,under way using engine,145.0,24.0,6.2,60.0
255806000,2026-09-12T02:00:00Z,35.29839,21.204742,14.9,70.4,70,GLOBAL TRADER,IMO9352373,CALL0,79.0,under way using engine,260.0,36.0,12.5,79.0
311000888,2026-09-12T02:00:00Z,32.67001,16.768772,13.0,210.1,210,NORTHERN LIGHT,IMO9459609,CALL888,81.0,under way using engine,190.0,30.0,10.1,81.0
352002140,2026-09-12T02:00:00Z,36.831856,16.793689,14.2,329.8,330,PACIFIC TITAN,IMO9836038,CALL140,82.0,under way using engine,182.0,32.0,9.5,82.0
636015522,2026-09-12T02:00:00Z,32.680563,17.900235,9.3,180.4,180,SEA STAR,IMO9362285,CALL522,37.0,under way using engine,42.0,9.0,2.5,37.0
636018992,2026-09-12T02:00:00Z,36.684932,20.083036,13.5,37.5,38,ATLANTIC CARRIER,IMO9348123,D5XY8,80.0,under way using engine,274.0,48.0,12.4,80.0
239100450,2026-09-12T02:05:00Z,35.893558,20.630491,11.9,44.9,45,BLUE HORIZON,IMO9270495,CALL450,70.0,under way using engine,225.0,32.0,11.8,70.0
240889000,2026-09-12T02:05:00Z,33.262987,22.262239,18.4,114.7,115,AEGEAN BREEZE,IMO9645928,CALL0,71.0,under way using engine,294.0,40.0,13.0,71.0
247000999,2026-09-12T02:05:00Z,37.832802,20.09082,15.9,20.1,20,COASTAL DEFENDER,IMO9393033,CALL999,55.0,under way using engine,65.0,11.0,3.8,55.0
247120300,2026-09-12T02:05:00Z,33.902234,13.033254,21.9,259.3,260,MED EXPRESS,IMO9173807,CALL300,60.0,under way using engine,145.0,24.0,6.2,60.0
255806000,2026-09-12T02:05:00Z,35.305655,21.229009,15.0,70.0,70,GLOBAL TRADER,IMO9404124,CALL0,79.0,under way using engine,260.0,36.0,12.5,79.0
311000888,2026-09-12T02:05:00Z,32.654463,16.758338,13.0,209.9,210,NORTHERN LIGHT,IMO9878642,CALL888,81.0,under way using engine,190.0,30.0,10.1,81.0
352002140,2026-09-12T02:05:00Z,36.848717,16.781436,14.0,330.3,330,PACIFIC TITAN,IMO9329021,CALL140,82.0,under way using engine,182.0,32.0,9.5,82.0
636015522,2026-09-12T02:05:00Z,32.667758,17.900198,9.4,179.9,180,SEA STAR,IMO9291031,CALL522,37.0,under way using engine,42.0,9.0,2.5,37.0
636018992,2026-09-12T02:05:00Z,36.699959,20.097369,13.6,37.3,38,ATLANTIC CARRIER,IMO9348123,D5XY8,80.0,under way using engine,274.0,48.0,12.4,80.0
239100450,2026-09-12T02:10:00Z,35.905536,20.645506,11.8,45.7,45,BLUE HORIZON,IMO9905849,CALL450,70.0,under way using engine,225.0,32.0,11.8,70.0
240889000,2026-09-12T02:10:00Z,33.252075,22.290109,18.3,115.0,115,AEGEAN BREEZE,IMO9794530,CALL0,71.0,under way using engine,294.0,40.0,13.0,71.0
247000999,2026-09-12T02:10:00Z,37.853887,20.100287,16.0,20.5,20,COASTAL DEFENDER,IMO9815234,CALL999,55.0,under way using engine,65.0,11.0,3.8,55.0
247120300,2026-09-12T02:10:00Z,33.89706,12.997254,21.9,260.0,260,MED EXPRESS,IMO9206142,CALL300,60.0,under way using engine,145.0,24.0,6.2,60.0
255806000,2026-09-12T02:10:00Z,35.312608,21.252822,15.0,69.8,70,GLOBAL TRADER,IMO9388548,CALL0,79.0,under way using engine,260.0,36.0,12.5,79.0
311000888,2026-09-12T02:10:00Z,32.638663,16.747457,12.9,209.8,210,NORTHERN LIGHT,IMO9522511,CALL888,81.0,under way using engine,190.0,30.0,10.1,81.0
352002140,2026-09-12T02:10:00Z,36.865812,16.769048,14.0,330.5,330,PACIFIC TITAN,IMO9651033,CALL140,82.0,under way using engine,182.0,32.0,9.5,82.0
636015522,2026-09-12T02:10:00Z,32.654365,17.899964,9.7,180.3,180,SEA STAR,IMO9560698,CALL522,37.0,under way using engine,42.0,9.0,2.5,37.0
636018992,2026-09-12T02:10:00Z,36.714657,20.111647,13.7,38.1,38,ATLANTIC CARRIER,IMO9348123,D5XY8,80.0,under way using engine,274.0,48.0,12.4,80.0
239100450,2026-09-12T02:15:00Z,35.917568,20.660265,11.9,44.2,45,BLUE HORIZON,IMO9874368,CALL450,70.0,under way using engine,225.0,32.0,11.8,70.0
240889000,2026-09-12T02:15:00Z,33.241488,22.318077,18.5,115.2,115,AEGEAN BREEZE,IMO9396408,CALL0,71.0,under way using engine,294.0,40.0,13.0,71.0
247000999,2026-09-12T02:15:00Z,37.87496,20.109915,16.2,20.3,20,COASTAL DEFENDER,IMO9386275,CALL999,55.0,under way using engine,65.0,11.0,3.8,55.0
247120300,2026-09-12T02:15:00Z,33.891669,12.960791,21.9,260.0,260,MED EXPRESS,IMO9360846,CALL300,60.0,under way using engine,145.0,24.0,6.2,60.0
255806000,2026-09-12T02:15:00Z,35.319524,21.276944,14.8,69.9,70,GLOBAL TRADER,IMO9545469,CALL0,79.0,under way using engine,260.0,36.0,12.5,79.0
311000888,2026-09-12T02:15:00Z,32.623639,16.736808,13.2,210.2,210,NORTHERN LIGHT,IMO9688592,CALL888,81.0,under way using engine,190.0,30.0,10.1,81.0
352002140,2026-09-12T02:15:00Z,36.882353,16.757292,13.8,330.1,330,PACIFIC TITAN,IMO9164758,CALL140,82.0,under way using engine,182.0,32.0,9.5,82.0
636015522,2026-09-12T02:15:00Z,32.641409,17.900159,9.5,179.8,180,SEA STAR,IMO9843670,CALL522,37.0,under way using engine,42.0,9.0,2.5,37.0
636018992,2026-09-12T02:15:00Z,36.729079,20.126269,13.3,37.1,38,ATLANTIC CARRIER,IMO9348123,D5XY8,80.0,under way using engine,274.0,48.0,12.4,80.0
239100450,2026-09-12T02:20:00Z,35.929003,20.674586,12.1,44.7,45,BLUE HORIZON,IMO9403905,CALL450,70.0,under way using engine,225.0,32.0,11.8,70.0
240889000,2026-09-12T02:20:00Z,33.230214,22.346112,18.3,115.8,115,AEGEAN BREEZE,IMO9771712,CALL0,71.0,under way using engine,294.0,40.0,13.0,71.0
247000999,2026-09-12T02:20:00Z,37.895612,20.120212,15.9,19.9,20,COASTAL DEFENDER,IMO9728635,CALL999,55.0,under way using engine,65.0,11.0,3.8,55.0
247120300,2026-09-12T02:20:00Z,33.885956,12.924541,22.0,260.1,260,MED EXPRESS,IMO9882351,CALL300,60.0,under way using engine,145.0,24.0,6.2,60.0
255806000,2026-09-12T02:20:00Z,35.326995,21.300897,14.8,69.8,70,GLOBAL TRADER,IMO9708738,CALL0,79.0,under way using engine,260.0,36.0,12.5,79.0
311000888,2026-09-12T02:20:00Z,32.607685,16.725997,13.1,210.0,210,NORTHERN LIGHT,IMO9418801,CALL888,81.0,under way using engine,190.0,30.0,10.1,81.0
352002140,2026-09-12T02:20:00Z,36.89971,16.744648,13.9,330.1,330,PACIFIC TITAN,IMO9272529,CALL140,82.0,under way using engine,182.0,32.0,9.5,82.0
636015522,2026-09-12T02:20:00Z,32.628143,17.900123,9.3,179.8,180,SEA STAR,IMO9880060,CALL522,37.0,under way using engine,42.0,9.0,2.5,37.0
636018992,2026-09-12T02:20:00Z,36.744295,20.140558,13.7,37.8,38,ATLANTIC CARRIER,IMO9348123,D5XY8,80.0,under way using engine,274.0,48.0,12.4,80.0
239100450,2026-09-12T02:25:00Z,35.941358,20.689157,12.2,45.3,45,BLUE HORIZON,IMO9938416,CALL450,70.0,under way using engine,225.0,32.0,11.8,70.0
240889000,2026-09-12T02:25:00Z,33.219299,22.374025,18.6,115.7,115,AEGEAN BREEZE,IMO9783112,CALL0,71.0,under way using engine,294.0,40.0,13.0,71.0
247000999,2026-09-12T02:25:00Z,37.916292,20.129665,15.9,20.7,20,COASTAL DEFENDER,IMO9738359,CALL999,55.0,under way using engine,65.0,11.0,3.8,55.0
247120300,2026-09-12T02:25:00Z,33.881309,12.88864,21.9,259.9,260,MED EXPRESS,IMO9797557,CALL300,60.0,under way using engine,145.0,24.0,6.2,60.0
255806000,2026-09-12T02:25:00Z,35.333937,21.325058,15.2,70.2,70,GLOBAL TRADER,IMO9144702,CALL0,79.0,under way using engine,260.0,36.0,12.5,79.0
311000888,2026-09-12T02:25:00Z,32.591904,16.715451,13.1,209.2,210,NORTHERN LIGHT,IMO9755216,CALL888,81.0,under way using engine,190.0,30.0,10.1,81.0
352002140,2026-09-12T02:25:00Z,36.916248,16.733078,13.8,329.5,330,PACIFIC TITAN,IMO9711474,CALL140,82.0,under way using engine,182.0,32.0,9.5,82.0
636015522,2026-09-12T02:25:00Z,32.614869,17.900044,9.6,180.7,180,SEA STAR,IMO9797557,CALL522,37.0,under way using engine,42.0,9.0,2.5,37.0
636018992,2026-09-12T02:25:00Z,36.759125,20.155183,13.2,37.3,38,ATLANTIC CARRIER,IMO9348123,D5XY8,80.0,under way using engine,274.0,48.0,12.4,80.0
239100450,2026-09-12T02:30:00Z,35.952427,20.703615,12.0,45.3,45,BLUE HORIZON,IMO9867180,CALL450,70.0,under way using engine,225.0,32.0,11.8,70.0
240889000,2026-09-12T02:30:00Z,33.208467,22.401847,18.6,115.6,115,AEGEAN BREEZE,IMO9944554,CALL0,71.0,under way using engine,294.0,40.0,13.0,71.0
247000999,2026-09-12T02:30:00Z,37.93698,20.138973,16.1,19.9,20,COASTAL DEFENDER,IMO9830322,CALL999,55.0,under way using engine,65.0,11.0,3.8,55.0
247120300,2026-09-12T02:30:00Z,33.875688,12.852224,22.1,260.1,260,MED EXPRESS,IMO9629208,CALL300,60.0,under way using engine,145.0,24.0,6.2,60.0
255806000,2026-09-12T02:30:00Z,35.34132,21.348705,14.9,70.6,70,GLOBAL TRADER,IMO9580614,CALL0,79.0,under way using engine,260.0,36.0,12.5,79.0
311000888,2026-09-12T02:30:00Z,32.576055,16.704421,13.0,209.9,210,NORTHERN LIGHT,IMO9902097,CALL888,81.0,under way using engine,190.0,30.0,10.1,81.0
352002140,2026-09-12T02:30:00Z,36.932793,16.720728,14.0,329.3,330,PACIFIC TITAN,IMO9238353,CALL140,82.0,under way using engine,182.0,32.0,9.5,82.0
636015522,2026-09-12T02:30:00Z,32.601785,17.899989,9.5,180.0,180,SEA STAR,IMO9814852,CALL522,37.0,under way using engine,42.0,9.0,2.5,37.0
636018992,2026-09-12T02:30:00Z,36.773507,20.169409,13.8,37.2,38,ATLANTIC CARRIER,IMO9348123,D5XY8,80.0,under way using engine,274.0,48.0,12.4,80.0
239100450,2026-09-12T02:35:00Z,35.964568,20.718367,12.1,44.4,45,BLUE HORIZON,IMO9126000,CALL450,70.0,under way using engine,225.0,32.0,11.8,70.0
240889000,2026-09-12T02:35:00Z,33.197858,22.429308,18.5,114.7,115,AEGEAN BREEZE,IMO9246726,CALL0,71.0,under way using engine,294.0,40.0,13.0,71.0
247000999,2026-09-12T02:35:00Z,37.958213,20.148224,16.0,20.5,20,COASTAL DEFENDER,IMO9780627,CALL999,55.0,under way using engine,65.0,11.0,3.8,55.0
247120300,2026-09-12T02:35:00Z,33.870399,12.816003,22.2,259.9,260,MED EXPRESS,IMO9469438,CALL300,60.0,under way using engine,145.0,24.0,6.2,60.0
255806000,2026-09-12T02:35:00Z,35.348201,21.373389,14.9,70.6,70,GLOBAL TRADER,IMO9627649,CALL0,79.0,under way using engine,260.0,36.0,12.5,79.0
311000888,2026-09-12T02:35:00Z,32.561175,16.693924,13.0,210.0,210,NORTHERN LIGHT,IMO9346120,CALL888,81.0,under way using engine,190.0,30.0,10.1,81.0
352002140,2026-09-12T02:35:00Z,36.949858,16.70851,13.8,329.9,330,PACIFIC TITAN,IMO9946112,CALL140,82.0,under way using engine,182.0,32.0,9.5,82.0
636015522,2026-09-12T02:35:00Z,32.588437,17.899827,9.6,180.6,180,SEA STAR,IMO9626236,CALL522,37.0,under way using engine,42.0,9.0,2.5,37.0
636018992,2026-09-12T02:35:00Z,36.78848,20.183624,13.7,37.5,38,ATLANTIC CARRIER,IMO9348123,D5XY8,80.0,under way using engine,274.0,48.0,12.4,80.0
239100450,2026-09-12T02:40:00Z,35.97611,20.733155,12.0,44.3,45,BLUE HORIZON,IMO9157706,CALL450,70.0,under way using engine,225.0,32.0,11.8,70.0
240889000,2026-09-12T02:40:00Z,33.186708,22.457155,18.7,114.6,115,AEGEAN BREEZE,IMO9538897,CALL0,71.0,under way using engine,294.0,40.0,13.0,71.0
247000999,2026-09-12T02:40:00Z,37.979071,20.157987,16.2,20.5,20,COASTAL DEFENDER,IMO9566801,CALL999,55.0,under way using engine,65.0,11.0,3.8,55.0
247120300,2026-09-12T02:40:00Z,33.865356,12.77948,22.2,260.6,260,MED EXPRESS,IMO9532373,CALL300,60.0,under way using engine,145.0,24.0,6.2,60.0
255806000,2026-09-12T02:40:00Z,35.355535,21.397275,15.0,70.0,70,GLOBAL TRADER,IMO9282973,CALL0,79.0,under way using engine,260.0,36.0,12.5,79.0
311000888,2026-09-12T02:40:00Z,32.544813,16.683304,13.0,210.7,210,NORTHERN LIGHT,IMO9229492,CALL888,81.0,under way using engine,190.0,30.0,10.1,81.0
352002140,2026-09-12T02:40:00Z,36.96692,16.696396,13.9,329.2,330,PACIFIC TITAN,IMO9328486,CALL140,82.0,under way using engine,182.0,32.0,9.5,82.0
636015522,2026-09-12T02:40:00Z,32.575218,17.899675,9.6,179.4,180,SEA STAR,IMO9213119,CALL522,37.0,under way using engine,42.0,9.0,2.5,37.0
636018992,2026-09-12T02:40:00Z,36.80303,20.198288,13.5,38.7,38,ATLANTIC CARRIER,IMO9348123,D5XY8,80.0,under way using engine,274.0,48.0,12.4,80.0
239100450,2026-09-12T02:45:00Z,35.988118,20.747424,12.0,45.5,45,BLUE HORIZON,IMO9904357,CALL450,70.0,under way using engine,225.0,32.0,11.8,70.0
240889000,2026-09-12T02:45:00Z,33.17562,22.485473,18.5,115.8,115,AEGEAN BREEZE,IMO9955653,CALL0,71.0,under way using engine,294.0,40.0,13.0,71.0
247000999,2026-09-12T02:45:00Z,38.000033,20.167669,16.1,20.5,20,COASTAL DEFENDER,IMO9475354,CALL999,55.0,under way using engine,65.0,11.0,3.8,55.0
247120300,2026-09-12T02:45:00Z,33.859856,12.743139,22.1,260.2,260,MED EXPRESS,IMO9690500,CALL300,60.0,under way using engine,145.0,24.0,6.2,60.0
255806000,2026-09-12T02:45:00Z,35.362459,21.42073,15.1,69.7,70,GLOBAL TRADER,IMO9849923,CALL0,79.0,under way using engine,260.0,36.0,12.5,79.0
311000888,2026-09-12T02:45:00Z,32.52945,16.672495,13.2,210.1,210,NORTHERN LIGHT,IMO9287299,CALL888,81.0,under way using engine,190.0,30.0,10.1,81.0
352002140,2026-09-12T02:45:00Z,36.983739,16.684154,13.9,329.3,330,PACIFIC TITAN,IMO9163182,CALL140,82.0,under way using engine,182.0,32.0,9.5,82.0
636015522,2026-09-12T02:45:00Z,32.562086,17.8999,9.4,179.2,180,SEA STAR,IMO9817684,CALL522,37.0,under way using engine,42.0,9.0,2.5,37.0
636018992,2026-09-12T02:45:00Z,36.818208,20.212735,13.6,38.2,38,ATLANTIC CARRIER,IMO9348123,D5XY8,80.0,under way using engine,274.0,48.0,12.4,80.0
239100450,2026-09-12T02:50:00Z,36.00001,20.762126,12.0,44.9,45,BLUE HORIZON,IMO9804179,CALL450,70.0,under way using engine,225.0,32.0,11.8,70.0
240889000,2026-09-12T02:50:00Z,33.165138,22.513432,18.4,115.1,115,AEGEAN BREEZE,IMO9923024,CALL0,71.0,under way using engine,294.0,40.0,13.0,71.0
247000999,2026-09-12T02:50:00Z,38.020735,20.17773,16.1,20.8,20,COASTAL DEFENDER,IMO9230824,CALL999,55.0,under way using engine,65.0,11.0,3.8,55.0
247120300,2026-09-12T02:50:00Z,33.85434,12.707023,22.0,260.4,260,MED EXPRESS,IMO9477496,CALL300,60.0,under way using engine,145.0,24.0,6.2,60.0
255806000,2026-09-12T02:50:00Z,35.369765,21.444829,15.1,70.3,70,GLOBAL TRADER,IMO9513064,CALL0,79.0,under way using engine,260.0,36.0,12.5,79.0
311000888,2026-09-12T02:50:00Z,32.513907,16.661446,13.2,210.8,210,NORTHERN LIGHT,IMO9676790,CALL888,81.0,under way using engine,190.0,30.0,10.1,81.0
352002140,2026-09-12T02:50:00Z,37.00072,16.671975,14.2,329.3,330,PACIFIC TITAN,IMO9528728,CALL140,82.0,under way using engine,182.0,32.0,9.5,82.0
636015522,2026-09-12T02:50:00Z,32.548875,17.9003,9.4,180.8,180,SEA STAR,IMO9873253,CALL522,37.0,under way using engine,42.0,9.0,2.5,37.0
636018992,2026-09-12T02:50:00Z,36.832799,20.22669,13.3,37.4,38,ATLANTIC CARRIER,IMO9348123,D5XY8,80.0,under way using engine,274.0,48.0,12.4,80.0
239100450,2026-09-12T02:55:00Z,36.012342,20.77652,12.0,45.0,45,BLUE HORIZON,IMO9732471,CALL450,70.0,under way using engine,225.0,32.0,11.8,70.0
240889000,2026-09-12T02:55:00Z,33.153678,22.541044,18.4,114.7,115,AEGEAN BREEZE,IMO9278243,CALL0,71.0,under way using engine,294.0,40.0,13.0,71.0
247000999,2026-09-12T02:55:00Z,38.041473,20.187238,16.0,19.6,20,COASTAL DEFENDER,IMO9120742,CALL999,55.0,under way using engine,65.0,11.0,3.8,55.0
247120300,2026-09-12T02:55:00Z,33.849426,12.670755,22.0,260.4,260,MED EXPRESS,IMO9398301,CALL300,60.0,under way using engine,145.0,24.0,6.2,60.0
255806000,2026-09-12T02:55:00Z,35.377177,21.469105,15.0,70.7,70,GLOBAL TRADER,IMO9735271,CALL0,79.0,under way using engine,260.0,36.0,12.5,79.0
311000888,2026-09-12T02:55:00Z,32.497748,16.651173,13.0,210.2,210,NORTHERN LIGHT,IMO9434918,CALL888,81.0,under way using engine,190.0,30.0,10.1,81.0
352002140,2026-09-12T02:55:00Z,37.017554,16.659923,14.1,330.4,330,PACIFIC TITAN,IMO9540781,CALL140,82.0,under way using engine,182.0,32.0,9.5,82.0
636015522,2026-09-12T02:55:00Z,32.53587,17.900012,9.4,179.3,180,SEA STAR,IMO9549788,CALL522,37.0,under way using engine,42.0,9.0,2.5,37.0
636018992,2026-09-12T02:55:00Z,36.847558,20.241508,13.3,37.2,38,ATLANTIC CARRIER,IMO9348123,D5XY8,80.0,under way using engine,274.0,48.0,12.4,80.0
239100450,2026-09-12T03:00:00Z,36.023235,20.790951,12.2,44.8,45,BLUE HORIZON,IMO9255132,CALL450,70.0,under way using engine,225.0,32.0,11.8,70.0
240889000,2026-09-12T03:00:00Z,33.143498,22.568463,18.4,114.4,115,AEGEAN BREEZE,IMO9234159,CALL0,71.0,under way using engine,294.0,40.0,13.0,71.0
247000999,2026-09-12T03:00:00Z,38.06285,20.196479,16.1,19.5,20,COASTAL DEFENDER,IMO9955932,CALL999,55.0,under way using engine,65.0,11.0,3.8,55.0
247120300,2026-09-12T03:00:00Z,33.843703,12.634402,22.2,259.7,260,MED EXPRESS,IMO9414922,CALL300,60.0,under way using engine,145.0,24.0,6.2,60.0
255806000,2026-09-12T03:00:00Z,35.38382,21.49276,15.2,70.4,70,GLOBAL TRADER,IMO9650957,CALL0,79.0,under way using engine,260.0,36.0,12.5,79.0
311000888,2026-09-12T03:00:00Z,32.482411,16.640004,13.1,210.3,210,NORTHERN LIGHT,IMO9763877,CALL888,81.0,under way using engine,190.0,30.0,10.1,81.0
352002140,2026-09-12T03:00:00Z,37.034069,16.647942,14.0,330.7,330,PACIFIC TITAN,IMO9495833,CALL140,82.0,under way using engine,182.0,32.0,9.5,82.0
636015522,2026-09-12T03:00:00Z,32.522434,17.900115,9.5,179.6,180,SEA STAR,IMO9903972,CALL522,37.0,under way using engine,42.0,9.0,2.5,37.0
636018992,2026-09-12T03:00:00Z,36.86263,20.256045,13.6,37.6,38,ATLANTIC CARRIER,IMO9348123,D5XY8,80.0,under way using engine,274.0,48.0,12.4,80.0
239100450,2026-09-12T03:05:00Z,36.035367,20.805622,12.0,44.2,45,BLUE HORIZON,IMO9461675,CALL450,70.0,under way using engine,225.0,32.0,11.8,70.0
240889000,2026-09-12T03:05:00Z,33.132388,22.596319,18.5,115.7,115,AEGEAN BREEZE,IMO9812730,CALL0,71.0,under way using engine,294.0,40.0,13.0,71.0
247000999,2026-09-12T03:05:00Z,38.08361,20.206324,16.1,19.6,20,COASTAL DEFENDER,IMO9617795,CALL999,55.0,under way using engine,65.0,11.0,3.8,55.0
247120300,2026-09-12T03:05:00Z,33.838729,12.59826,21.9,260.4,260,MED EXPRESS,IMO9823222,CALL300,60.0,under way using engine,145.0,24.0,6.2,60.0
255806000,2026-09-12T03:05:00Z,35.391077,21.517326,15.0,70.1,70,GLOBAL TRADER,IMO9712885,CALL0,79.0,under way using engine,260.0,36.0,12.5,79.0
311000888,2026-09-12T03:05:00Z,32.466734,16.629403,13.0,209.8,210,NORTHERN LIGHT,IMO9523589,CALL888,81.0,under way using engine,190.0,30.0,10.1,81.0
352002140,2026-09-12T03:05:00Z,37.051008,16.635672,14.1,330.1,330,PACIFIC TITAN,IMO9785280,CALL140,82.0,under way using engine,182.0,32.0,9.5,82.0
636015522,2026-09-12T03:05:00Z,32.509341,17.900103,9.6,180.3,180,SEA STAR,IMO9550005,CALL522,37.0,under way using engine,42.0,9.0,2.5,37.0
636018992,2026-09-12T03:05:00Z,36.877239,20.270789,13.6,37.9,38,ATLANTIC CARRIER,IMO9348123,D5XY8,80.0,under way using engine,274.0,48.0,12.4,80.0
239100450,2026-09-12T03:10:00Z,36.046882,20.820857,12.1,44.3,45,BLUE HORIZON,IMO9863209,CALL450,70.0,under way using engine,225.0,32.0,11.8,70.0
240889000,2026-09-12T03:10:00Z,33.121772,22.624297,18.4,114.6,115,AEGEAN BREEZE,IMO9422002,CALL0,71.0,under way using engine,294.0,40.0,13.0,71.0
247000999,2026-09-12T03:10:00Z,38.104697,20.216081,16.0,20.3,20,COASTAL DEFENDER,IMO9735465,CALL999,55.0,under way using engine,65.0,11.0,3.8,55.0
247120300,2026-09-12T03:10:00Z,33.833476,12.561607,22.0,260.1,260,MED EXPRESS,IMO9699378,CALL300,60.0,under way using engine,145.0,24.0,6.2,60.0
255806000,2026-09-12T03:10:00Z,35.398078,21.540918,14.8,70.6,70,GLOBAL TRADER,IMO9266911,CALL0,79.0,under way using engine,260.0,36.0,12.5,79.0
311000888,2026-09-12T03:10:00Z,32.450844,16.61888,13.1,209.9,210,NORTHERN LIGHT,IMO9286255,CALL888,81.0,under way using engine,190.0,30.0,10.1,81.0
352002140,2026-09-12T03:10:00Z,37.068145,16.623194,14.2,329.8,330,PACIFIC TITAN,IMO9233533,CALL140,82.0,under way using engine,182.0,32.0,9.5,82.0
636015522,2026-09-12T03:10:00Z,32.496115,17.900297,9.6,180.3,180,SEA STAR,IMO9626735,CALL522,37.0,under way using engine,42.0,9.0,2.5,37.0
636018992,2026-09-12T03:10:00Z,36.89182,20.284499,13.7,38.3,38,ATLANTIC CARRIER,IMO9348123,D5XY8,80.0,under way using engine,274.0,48.0,12.4,80.0
239100450,2026-09-12T03:15:00Z,36.059258,20.834788,12.0,44.9,45,BLUE HORIZON,IMO9271746,CALL450,70.0,under way using engine,225.0,32.0,11.8,70.0
240889000,2026-09-12T03:15:00Z,33.110299,22.652495,18.4,115.1,115,AEGEAN BREEZE,IMO9586288,CALL0,71.0,under way using engine,294.0,40.0,13.0,71.0
247000999,2026-09-12T03:15:00Z,38.125582,20.225879,16.1,19.8,20,COASTAL DEFENDER,IMO9390819,CALL999,55.0,under way using engine,65.0,11.0,3.8,55.0
247120300,2026-09-12T03:15:00Z,33.827999,12.525794,21.9,259.4,260,MED EXPRESS,IMO9484914,CALL300,60.0,under way using engine,145.0,24.0,6.2,60.0
255806000,2026-09-12T03:15:00Z,35.405395,21.56539,15.0,70.3,70,GLOBAL TRADER,IMO9439381,CALL0,79.0,under way using engine,260.0,36.0,12.5,79.0
311000888,2026-09-12T03:15:00Z,32.435401,16.608179,13.1,210.4,210,NORTHERN LIGHT,IMO9788065,CALL888,81.0,under way using engine,190.0,30.0,10.1,81.0
352002140,2026-09-12T03:15:00Z,37.084919,16.610941,13.8,329.2,330,PACIFIC TITAN,IMO9412856,CALL140,82.0,under way using engine,182.0,32.0,9.5,82.0
636015522,2026-09-12T03:15:00Z,32.482707,17.899917,9.6,180.2,180,SEA STAR,IMO9255950,CALL522,37.0,under way using engine,42.0,9.0,2.5,37.0
636018992,2026-09-12T03:15:00Z,36.906538,20.298965,13.5,38.1,38,ATLANTIC CARRIER,IMO9348123,D5XY8,80.0,under way using engine,274.0,48.0,12.4,80.0
239100450,2026-09-12T03:20:00Z,36.070987,20.849093,12.0,45.6,45,BLUE HORIZON,IMO9246347,CALL450,70.0,under way using engine,225.0,32.0,11.8,70.0
240889000,2026-09-12T03:20:00Z,33.099929,22.679935,18.6,115.1,115,AEGEAN BREEZE,IMO9750803,CALL0,71.0,under way using engine,294.0,40.0,13.0,71.0
247000999,2026-09-12T03:20:00Z,38.146241,20.235315,16.0,20.3,20,COASTAL DEFENDER,IMO9693186,CALL999,55.0,under way using engine,65.0,11.0,3.8,55.0
247120300,2026-09-12T03:20:00Z,33.822773,12.489392,21.9,259.7,260,MED EXPRESS,IMO9698199,CALL300,60.0,under way using engine,145.0,24.0,6.2,60.0
255806000,2026-09-12T03:20:00Z,35.41253,21.588575,15.1,70.4,70,GLOBAL TRADER,IMO9348111,CALL0,79.0,under way using engine,260.0,36.0,12.5,79.0
311000888,2026-09-12T03:20:00Z,32.419965,16.597854,13.0,210.2,210,NORTHERN LIGHT,IMO9538587,CALL888,81.0,under way using engine,190.0,30.0,10.1,81.0
352002140,2026-09-12T03:20:00Z,37.101486,16.598962,14.0,329.8,330,PACIFIC TITAN,IMO9340820,CALL140,82.0,under way using engine,182.0,32.0,9.5,82.0
636015522,2026-09-12T03:20:00Z,32.469611,17.900106,9.3,180.8,180,SEA STAR,IMO9253311,CALL522,37.0,under way using engine,42.0,9.0,2.5,37.0
636018992,2026-09-12T03:20:00Z,36.921314,20.313456,13.7,37.1,38,ATLANTIC CARRIER,IMO9348123,D5XY8,80.0,under way using engine,274.0,48.0,12.4,80.0
239100450,2026-09-12T03:25:00Z,36.082741,20.863951,11.9,44.7,45,BLUE HORIZON,IMO9650818,CALL450,70.0,under way using engine,225.0,32.0,11.8,70.0
240889000,2026-09-12T03:25:00Z,33.089302,22.708116,18.5,115.6,115,AEGEAN BREEZE,IMO9500209,CALL0,71.0,under way using engine,294.0,40.0,13.0,71.0
247000999,2026-09-12T03:25:00Z,38.167229,20.244838,15.9,20.1,20,COASTAL DEFENDER,IMO9882209,CALL999,55.0,under way using engine,65.0,11.0,3.8,55.0
247120300,2026-09-12T03:25:00Z,33.816983,12.453496,22.1,260.4,260,MED EXPRESS,IMO9931420,CALL300,60.0,under way using engine,145.0,24.0,6.2,60.0
255806000,2026-09-12T03:25:00Z,35.419953,21.613437,15.1,69.8,70,GLOBAL TRADER,IMO9540460,CALL0,79.0,under way using engine,260.0,36.0,12.5,79.0
311000888,2026-09-12T03:25:00Z,32.403867,16.586922,13.0,209.4,210,NORTHERN LIGHT,IMO9750033,CALL888,81.0,under way using engine,190.0,30.0,10.1,81.0
352002140,2026-09-12T03:25:00Z,37.118657,16.586878,13.9,330.7,330,PACIFIC TITAN,IMO9860242,CALL140,82.0,under way using engine,182.0,32.0,9.5,82.0
636015522,2026-09-12T03:25:00Z,32.456141,17.900124,9.3,179.3,180,SEA STAR,IMO9527082,CALL522,37.0,under way using engine,42.0,9.0,2.5,37.0
636018992,2026-09-12T03:25:00Z,36.936454,20.328402,13.6,38.1,38,ATLANTIC CARRIER,IMO9348123,D5XY8,80.0,under way using engine,274.0,48.0,12.4,80.0
239100450,2026-09-12T03:30:00Z,36.094474,20.878771,12.2,45.4,45,BLUE HORIZON,IMO9192744,CALL450,70.0,under way using engine,225.0,32.0,11.8,70.0
240889000,2026-09-12T03:30:00Z,33.077851,22.735711,18.6,114.4,115,AEGEAN BREEZE,IMO9310026,CALL0,71.0,under way using engine,294.0,40.0,13.0,71.0
247000999,2026-09-12T03:30:00Z,38.188404,20.254807,16.0,19.6,20,COASTAL DEFENDER,IMO9648489,CALL999,55.0,under way using engine,65.0,11.0,3.8,55.0
247120300,2026-09-12T03:30:00Z,33.811802,12.417003,22.2,260.3,260,MED EXPRESS,IMO9959324,CALL300,60.0,under way using engine,145.0,24.0,6.2,60.0
255806000,2026-09-12T03:30:00Z,35.426824,21.637196,14.9,69.3,70,GLOBAL TRADER,IMO9886363,CALL0,79.0,under way using engine,260.0,36.0,12.5,79.0
311000888,2026-09-12T03:30:00Z,32.388372,16.576072,13.0,209.9,210,NORTHERN LIGHT,IMO9123942,CALL888,81.0,under way using engine,190.0,30.0,10.1,81.0
352002140,2026-09-12T03:30:00Z,37.135516,16.574444,14.1,330.2,330,PACIFIC TITAN,IMO9116405,CALL140,82.0,under way using engine,182.0,32.0,9.5,82.0
636015522,2026-09-12T03:30:00Z,32.442874,17.899951,9.7,179.6,180,SEA STAR,IMO9546772,CALL522,37.0,under way using engine,42.0,9.0,2.5,37.0
636018992,2026-09-12T03:30:00Z,36.951134,20.342805,13.6,38.4,38,ATLANTIC CARRIER,IMO9348123,D5XY8,80.0,under way using engine,274.0,48.0,12.4,80.0
239100450,2026-09-12T03:35:00Z,36.106484,20.893385,11.9,44.5,45,BLUE HORIZON,IMO9584567,CALL450,70.0,under way using engine,225.0,32.0,11.8,70.0
240889000,2026-09-12T03:35:00Z,33.066858,22.764054,18.7,115.8,115,AEGEAN BREEZE,IMO9250181,CALL0,71.0,under way using engine,294.0,40.0,13.0,71.0
247000999,2026-09-12T03:35:00Z,38.209145,20.264257,16.1,19.2,20,COASTAL DEFENDER,IMO9826648,CALL999,55.0,under way using engine,65.0,11.0,3.8,55.0
247120300,2026-09-12T03:35:00Z,33.806946,12.380578,21.9,260.4,260,MED EXPRESS,IMO9704277,CALL300,60.0,under way using engine,145.0,24.0,6.2,60.0
255806000,2026-09-12T03:35:00Z,35.434199,21.661429,15.0,70.5,70,GLOBAL TRADER,IMO9282522,CALL0,79.0,under way using engine,260.0,36.0,12.5,79.0
311000888,2026-09-12T03:35:00Z,32.372731,16.565514,13.0,210.0,210,NORTHERN LIGHT,IMO9195385,CALL888,81.0,under way using engine,190.0,30.0,10.1,81.0
352002140,2026-09-12T03:35:00Z,37.152373,16.562369,14.0,329.9,330,PACIFIC TITAN,IMO9804667,CALL140,82.0,under way using engine,182.0,32.0,9.5,82.0
636015522,2026-09-12T03:35:00Z,32.429735,17.900031,9.6,179.7,180,SEA STAR,IMO9382324,CALL522,37.0,under way using engine,42.0,9.0,2.5,37.0
636018992,2026-09-12T03:35:00Z,36.96617,20.357075,13.5,37.2,38,ATLANTIC CARRIER,IMO9348123,D5XY8,80.0,under way using engine,274.0,48.0,12.4,80.0
239100450,2026-09-12T03:40:00Z,36.117914,20.907646,11.9,44.5,45,BLUE HORIZON,IMO9500314,CALL450,70.0,under way using engine,225.0,32.0,11.8,70.0
240889000,2026-09-12T03:40:00Z,33.056184,22.791659,18.6,115.0,115,AEGEAN BREEZE,IMO9761685,CALL0,71.0,under way using engine,294.0,40.0,13.0,71.0
247000999,2026-09-12T03:40:00Z,38.22995,20.273841,16.1,20.6,20,COASTAL DEFENDER,IMO9102049,CALL999,55.0,under way using engine,65.0,11.0,3.8,55.0
247120300,2026-09-12T03:40:00Z,33.801153,12.344712,22.2,259.7,260,MED EXPRESS,IMO9956835,CALL300,60.0,under way using engine,145.0,24.0,6.2,60.0
255806000,2026-09-12T03:40:00Z,35.440893,21.685609,15.0,70.8,70,GLOBAL TRADER,IMO9701651,CALL0,79.0,under way using engine,260.0,36.0,12.5,79.0
311000888,2026-09-12T03:40:00Z,32.357188,16.554673,13.0,210.5,210,NORTHERN LIGHT,IMO9508251,CALL888,81.0,under way using engine,190.0,30.0,10.1,81.0
352002140,2026-09-12T03:40:00Z,37.169208,16.550031,14.1,329.8,330,PACIFIC TITAN,IMO9345722,CALL140,82.0,under way using engine,182.0,32.0,9.5,82.0
636015522,2026-09-12T03:40:00Z,32.416449,17.900362,9.6,179.6,180,SEA STAR,IMO9149866,CALL522,37.0,under way using engine,42.0,9.0,2.5,37.0
636018992,2026-09-12T03:40:00Z,36.980947,20.371667,13.4,37.5,38,ATLANTIC CARRIER,IMO9348123,D5XY8,80.0,under way using engine,274.0,48.0,12.4,80.0
239100450,2026-09-12T03:45:00Z,36.129737,20.922797,12.1,44.7,45,BLUE HORIZON,IMO9713635,CALL450,70.0,under way using engine,225.0,32.0,11.8,70.0
240889000,2026-09-12T03:45:00Z,33.045614,22.819158,18.3,114.9,115,AEGEAN BREEZE,IMO9319553,CALL0,71.0,under way using engine,294.0,40.0,13.0,71.0
247000999,2026-09-12T03:45:00Z,38.25124,20.283655,16.2,19.3,20,COASTAL DEFENDER,IMO9438689,CALL999,55.0,under way using engine,65.0,11.0,3.8,55.0
247120300,2026-09-12T03:45:00Z,33.795675,12.308413,21.8,260.4,260,MED EXPRESS,IMO9883997,CALL300,60.0,under way using engine,145.0,24.0,6.2,60.0
255806000,2026-09-12T03:45:00Z,35.448036,21.709337,15.0,70.3,70,GLOBAL TRADER,IMO9336450,CALL0,79.0,under way using engine,260.0,36.0,12.5,79.0
311000888,2026-09-12T03:45:00Z,32.341115,16.543866,13.1,209.5,210,NORTHERN LIGHT,IMO9486991,CALL888,81.0,under way using engine,190.0,30.0,10.1,81.0
352002140,2026-09-12T03:45:00Z,37.185759,16.537803,14.1,329.4,330,PACIFIC TITAN,IMO9403314,CALL140,82.0,under way using engine,182.0,32.0,9.5,82.0
636015522,2026-09-12T03:45:00Z,32.403557,17.900006,9.6,179.7,180,SEA STAR,IMO9399176,CALL522,37.0,under way using engine,42.0,9.0,2.5,37.0
636018992,2026-09-12T03:45:00Z,36.995961,20.386351,13.7,38.2,38,ATLANTIC CARRIER,IMO9348123,D5XY8,80.0,under way using engine,274.0,48.0,12.4,80.0
239100450,2026-09-12T03:50:00Z,36.141507,20.937416,12.0,44.2,45,BLUE HORIZON,IMO9102565,CALL450,70.0,under way using engine,225.0,32.0,11.8,70.0
240889000,2026-09-12T03:50:00Z,33.034579,22.846852,18.6,115.0,115,AEGEAN BREEZE,IMO9900660,CALL0,71.0,under way using engine,294.0,40.0,13.0,71.0
247000999,2026-09-12T03:50:00Z,38.271286,20.29371,15.9,20.3,20,COASTAL DEFENDER,IMO9589251,CALL999,55.0,under way using engine,65.0,11.0,3.8,55.0
247120300,2026-09-12T03:50:00Z,33.79063,12.27176,21.8,260.4,260,MED EXPRESS,IMO9501066,CALL300,60.0,under way using engine,145.0,24.0,6.2,60.0
255806000,2026-09-12T03:50:00Z,35.455329,21.733551,15.1,70.5,70,GLOBAL TRADER,IMO9301636,CALL0,79.0,under way using engine,260.0,36.0,12.5,79.0
311000888,2026-09-12T03:50:00Z,32.325815,16.533159,13.0,210.3,210,NORTHERN LIGHT,IMO9309490,CALL888,81.0,under way using engine,190.0,30.0,10.1,81.0
352002140,2026-09-12T03:50:00Z,37.202986,16.526121,14.0,330.1,330,PACIFIC TITAN,IMO9910065,CALL140,82.0,under way using engine,182.0,32.0,9.5,82.0
636015522,2026-09-12T03:50:00Z,32.389915,17.900076,9.3,179.5,180,SEA STAR,IMO9615151,CALL522,37.0,under way using engine,42.0,9.0,2.5,37.0
636018992,2026-09-12T03:50:00Z,37.011074,20.400295,13.6,37.5,38,ATLANTIC CARRIER,IMO9348123,D5XY8,80.0,under way using engine,274.0,48.0,12.4,80.0
239100450,2026-09-12T03:55:00Z,36.153486,20.951919,12.1,45.2,45,BLUE HORIZON,IMO9230208,CALL450,70.0,under way using engine,225.0,32.0,11.8,70.0
240889000,2026-09-12T03:55:00Z,33.02372,22.874667,18.5,114.9,115,AEGEAN BREEZE,IMO9549865,CALL0,71.0,under way using engine,294.0,40.0,13.0,71.0
247000999,2026-09-12T03:55:00Z,38.292544,20.30313,15.8,20.4,20,COASTAL DEFENDER,IMO9149246,CALL999,55.0,under way using engine,65.0,11.0,3.8,55.0
247120300,2026-09-12T03:55:00Z,33.785704,12.235821,21.9,260.1,260,MED EXPRESS,IMO9442707,CALL300,60.0,under way using engine,145.0,24.0,6.2,60.0
255806000,2026-09-12T03:55:00Z,35.462464,21.757518,15.2,69.4,70,GLOBAL TRADER,IMO9134853,CALL0,79.0,under way using engine,260.0,36.0,12.5,79.0
311000888,2026-09-12T03:55:00Z,32.310113,16.522767,13.2,209.5,210,NORTHERN LIGHT,IMO9583581,CALL888,81.0,under way using engine,190.0,30.0,10.1,81.0
352002140,2026-09-12T03:55:00Z,37.219717,16.513311,13.9,329.4,330,PACIFIC TITAN,IMO9792282,CALL140,82.0,under way using engine,182.0,32.0,9.5,82.0
636015522,2026-09-12T03:55:00Z,32.377025,17.900129,9.3,179.2,180,SEA STAR,IMO9678570,CALL522,37.0,under way using engine,42.0,9.0,2.5,37.0
636018992,2026-09-12T03:55:00Z,37.02544,20.415083,13.5,38.3,38,ATLANTIC CARRIER,IMO9348123,D5XY8,80.0,under way using engine,274.0,48.0,12.4,80.0
239100450,2026-09-12T04:00:00Z,36.164948,20.966039,12.0,45.0,45,BLUE HORIZON,IMO9821255,CALL450,70.0,under way using engine,225.0,32.0,11.8,70.0
240889000,2026-09-12T04:00:00Z,33.013021,22.902522,18.3,114.5,115,AEGEAN BREEZE,IMO9491225,CALL0,71.0,under way using engine,294.0,40.0,13.0,71.0
247000999,2026-09-12T04:00:00Z,38.313653,20.313012,16.0,19.2,20,COASTAL DEFENDER,IMO9304061,CALL999,55.0,under way using engine,65.0,11.0,3.8,55.0
247120300,2026-09-12T04:00:00Z,33.780021,12.199497,21.8,260.4,260,MED EXPRESS,IMO9511967,CALL300,60.0,under way using engine,145.0,24.0,6.2,60.0
255806000,2026-09-12T04:00:00Z,35.469715,21.781161,14.9,69.9,70,GLOBAL TRADER,IMO9673131,CALL0,79.0,under way using engine,260.0,36.0,12.5,79.0
311000888,2026-09-12T04:00:00Z,32.294239,16.512009,13.0,209.6,210,NORTHERN LIGHT,IMO9285469,CALL888,81.0,under way using engine,190.0,30.0,10.1,81.0
352002140,2026-09-12T04:00:00Z,37.236452,16.501226,13.9,330.1,330,PACIFIC TITAN,IMO9720407,CALL140,82.0,under way using engine,182.0,32.0,9.5,82.0
636015522,2026-09-12T04:00:00Z,32.363941,17.899895,9.4,180.5,180,SEA STAR,IMO9879020,CALL522,37.0,under way using engine,42.0,9.0,2.5,37.0
636018992,2026-09-12T04:00:00Z,37.040015,20.429402,13.6,38.3,38,ATLANTIC CARRIER,IMO9348123,D5XY8,80.0,under way using engine,274.0,48.0,12.4,80.0
239100450,2026-09-12T04:05:00Z,36.176956,20.980957,12.1,45.0,45,BLUE HORIZON,IMO9169966,CALL450,70.0,under way using engine,225.0,32.0,11.8,70.0
240889000,2026-09-12T04:05:00Z,33.00236,22.930224,18.6,115.0,115,AEGEAN BREEZE,IMO9118786,CALL0,71.0,under way using engine,294.0,40.0,13.0,71.0
247000999,2026-09-12T04:05:00Z,38.334385,20.322847,16.1,20.8,20,COASTAL DEFENDER,IMO9336588,CALL999,55.0,under way using engine,65.0,11.0,3.8,55.0
247120300,2026-09-12T04:05:00Z,33.77518,12.1632,22.0,259.3,260,MED EXPRESS,IMO9552917,CALL300,60.0,under way using engine,145.0,24.0,6.2,60.0
255806000,2026-09-12T04:05:00Z,35.476813,21.805478,15.1,70.7,70,GLOBAL TRADER,IMO9863660,CALL0,79.0,under way using engine,260.0,36.0,12.5,79.0
311000888,2026-09-12T04:05:00Z,32.279112,16.501209,12.8,210.2,210,NORTHERN LIGHT,IMO9447350,CALL888,81.0,under way using engine,190.0,30.0,10.1,81.0
352002140,2026-09-12T04:05:00Z,37.253835,16.488735,14.1,329.9,330,PACIFIC TITAN,IMO9619696,CALL140,82.0,under way using engine,182.0,32.0,9.5,82.0
636015522,2026-09-12T04:05:00Z,32.350763,17.899759,9.4,180.2,180,SEA STAR,IMO9320235,CALL522,37.0,under way using engine,42.0,9.0,2.5,37.0
636018992,2026-09-12T04:05:00Z,37.054609,20.44394,13.4,37.7,38,ATLANTIC CARRIER,IMO9348123,D5XY8,80.0,under way using engine,274.0,48.0,12.4,80.0
239100450,2026-09-12T04:10:00Z,36.18863,20.995496,12.0,44.9,45,BLUE HORIZON,IMO9370439,CALL450,70.0,under way using engine,225.0,32.0,11.8,70.0
240889000,2026-09-12T04:10:00Z,32.990963,22.95789,18.4,115.3,115,AEGEAN BREEZE,IMO9461076,CALL0,71.0,under way using engine,294.0,40.0,13.0,71.0
247000999,2026-09-12T04:10:00Z,38.355707,20.332152,15.8,19.6,20,COASTAL DEFENDER,IMO9272471,CALL999,55.0,under way using engine,65.0,11.0,3.8,55.0
247120300,2026-09-12T04:10:00Z,33.76949,12.127218,21.9,259.3,260,MED EXPRESS,IMO9699198,CALL300,60.0,under way using engine,145.0,24.0,6.2,60.0
255806000,2026-09-12T04:10:00Z,35.483679,21.829497,15.1,70.1,70,GLOBAL TRADER,IMO9596744,CALL0,79.0,under way using engine,260.0,36.0,12.5,79.0
311000888,2026-09-12T04:10:00Z,32.26353,16.490252,12.9,210.4,210,NORTHERN LIGHT,IMO9173234,CALL888,81.0,under way using engine,190.0,30.0,10.1,81.0
352002140,2026-09-12T04:10:00Z,37.270548,16.476871,14.1,329.8,330,PACIFIC TITAN,IMO9649939,CALL140,82.0,under way using engine,182.0,32.0,9.5,82.0
636015522,2026-09-12T04:10:00Z,32.337437,17.899957,9.3,180.2,180,SEA STAR,IMO9731069,CALL522,37.0,under way using engine,42.0,9.0,2.5,37.0
636018992,2026-09-12T04:10:00Z,37.069298,20.458062,13.4,38.4,38,ATLANTIC CARRIER,IMO9348123,D5XY8,80.0,under way using engine,274.0,48.0,12.4,80.0
239100450,2026-09-12T04:15:00Z,36.200424,21.010056,12.1,44.4,45,BLUE HORIZON,IMO9637422,CALL450,70.0,under way using engine,225.0,32.0,11.8,70.0
240889000,2026-09-12T04:15:00Z,32.980182,22.98601,18.5,114.7,115,AEGEAN BREEZE,IMO9168458,CALL0,71.0,under way using engine,294.0,40.0,13.0,71.0
247000999,2026-09-12T04:15:00Z,38.376369,20.341936,16.1,19.2,20,COASTAL DEFENDER,IMO9552931,CALL999,55.0,under way using engine,65.0,11.0,3.8,55.0
247120300,2026-09-12T04:15:00Z,33.76422,12.090538,21.9,259.8,260,MED EXPRESS,IMO9555596,CALL300,60.0,under way using engine,145.0,24.0,6.2,60.0
255806000,2026-09-12T04:15:00Z,35.490771,21.853744,15.2,70.6,70,GLOBAL TRADER,IMO9940534,CALL0,79.0,under way using engine,260.0,36.0,12.5,79.0
311000888,2026-09-12T04:15:00Z,32.247624,16.47989,13.1,210.6,210,NORTHERN LIGHT,IMO9593050,CALL888,81.0,under way using engine,190.0,30.0,10.1,81.0
352002140,2026-09-12T04:15:00Z,37.287143,16.464785,13.9,329.8,330,PACIFIC TITAN,IMO9891062,CALL140,82.0,under way using engine,182.0,32.0,9.5,82.0
636015522,2026-09-12T04:15:00Z,32.324495,17.900182,9.7,180.2,180,SEA STAR,IMO9299684,CALL522,37.0,under way using engine,42.0,9.0,2.5,37.0
636018992,2026-09-12T04:15:00Z,37.084164,20.473352,13.7,38.1,38,ATLANTIC CARRIER,IMO9348123,D5XY8,80.0,under way using engine,274.0,48.0,12.4,80.0
239100450,2026-09-12T04:20:00Z,36.212375,21.024798,11.9,45.1,45,BLUE HORIZON,IMO9253235,CALL450,70.0,under way using engine,225.0,32.0,11.8,70.0
240889000,2026-09-12T04:20:00Z,32.969422,23.013553,18.4,115.4,115,AEGEAN BREEZE,IMO9725339,CALL0,71.0,under way using engine,294.0,40.0,13.0,71.0
247000999,2026-09-12T04:20:00Z,38.397404,20.351316,16.1,19.7,20,COASTAL DEFENDER,IMO9362573,CALL999,55.0,under way using engine,65.0,11.0,3.8,55.0
247120300,2026-09-12T04:20:00Z,33.758932,12.054454,21.9,260.1,260,MED EXPRESS,IMO9611559,CALL300,60.0,under way using engine,145.0,24.0,6.2,60.0
255806000,2026-09-12T04:20:00Z,35.498285,21.877899,15.0,69.3,70,GLOBAL TRADER,IMO9181939,CALL0,79.0,under way using engine,260.0,36.0,12.5,79.0
311000888,2026-09-12T04:20:00Z,32.231969,16.469152,13.0,209.6,210,NORTHERN LIGHT,IMO9850755,CALL888,81.0,under way using engine,190.0,30.0,10.1,81.0
352002140,2026-09-12T04:20:00Z,37.303943,16.452337,13.9,330.6,330,PACIFIC TITAN,IMO9251363,CALL140,82.0,under way using engine,182.0,32.0,9.5,82.0
636015522,2026-09-12T04:20:00Z,32.311169,17.900203,9.3,180.7,180,SEA STAR,IMO9749079,CALL522,37.0,under way using engine,42.0,9.0,2.5,37.0
636018992,2026-09-12T04:20:00Z,37.098903,20.48741,13.4,38.9,38,ATLANTIC CARRIER,IMO9348123,D5XY8,80.0,under way using engine,274.0,48.0,12.4,80.0
239100450,2026-09-12T04:25:00Z,36.224003,21.039824,11.9,44.5,45,BLUE HORIZON,IMO9385915,CALL450,70.0,under way using engine,225.0,32.0,11.8,70.0
240889000,2026-09-12T04:25:00Z,32.958265,23.041448,18.6,114.4,115,AEGEAN BREEZE,IMO9613989,CALL0,71.0,under way using engine,294.0,40.0,13.0,71.0
247000999,2026-09-12T04:25:00Z,38.418217,20.361489,16.2,20.5,20,COASTAL DEFENDER,IMO9961545,CALL999,55.0,under way using engine,65.0,11.0,3.8,55.0
247120300,2026-09-12T04:25:00Z,33.753398,12.018488,22.0,260.8,260,MED EXPRESS,IMO9649713,CALL300,60.0,under way using engine,145.0,24.0,6.2,60.0
255806000,2026-09-12T04:25:00Z,35.505394,21.902055,14.8,70.0,70,GLOBAL TRADER,IMO9153979,CALL0,79.0,under way using engine,260.0,36.0,12.5,79.0
311000888,2026-09-12T04:25:00Z,32.215957,16.45846,13.0,210.8,210,NORTHERN LIGHT,IMO9849484,CALL888,81.0,under way using engine,190.0,30.0,10.1,81.0
352002140,2026-09-12T04:25:00Z,37.321097,16.439729,14.0,330.7,330,PACIFIC TITAN,IMO9684357,CALL140,82.0,under way using engine,182.0,32.0,9.5,82.0
636015522,2026-09-12T04:25:00Z,32.297707,17.900268,9.7,179.5,180,SEA STAR,IMO9855781,CALL522,37.0,under way using engine,42.0,9.0,2.5,37.0
636018992,2026-09-12T04:25:00Z,37.113663,20.501978,13.8,38.3,38,ATLANTIC CARRIER,IMO9348123,D5XY8,80.0,under way using engine,274.0,48.0,12.4,80.0
239100450,2026-09-12T04:30:00Z,36.235792,21.05429,12.2,44.3,45,BLUE HORIZON,IMO9405831,CALL450,70.0,under way using engine,225.0,32.0,11.8,70.0
240889000,2026-09-12T04:30:00Z,32.947523,23.069353,18.7,115.7,115,AEGEAN BREEZE,IMO9522986,CALL0,71.0,under way using engine,294.0,40.0,13.0,71.0
247000999,2026-09-12T04:30:00Z,38.438939,20.37127,16.2,20.4,20,COASTAL DEFENDER,IMO9749662,CALL999,55.0,under way using engine,65.0,11.0,3.8,55.0
247120300,2026-09-12T04:30:00Z,33.748295,11.982179,22.1,259.7,260,MED EXPRESS,IMO9703998,CALL300,60.0,under way using engine,145.0,24.0,6.2,60.0
255806000,2026-09-12T04:30:00Z,35.512214,21.925847,14.9,70.7,70,GLOBAL TRADER,IMO9968376,CALL0,79.0,under way using engine,260.0,36.0,12.5,79.0
311000888,2026-09-12T04:30:00Z,32.200839,16.447894,13.1,209.7,210,NORTHERN LIGHT,IMO9517749,CALL888,81.0,under way using engine,190.0,30.0,10.1,81.0
352002140,2026-09-12T04:30:00Z,37.337608,16.427879,13.9,329.7,330,PACIFIC TITAN,IMO9182911,CALL140,82.0,under way using engine,182.0,32.0,9.5,82.0
636015522,2026-09-12T04:30:00Z,32.284735,17.900086,9.5,180.3,180,SEA STAR,IMO9896241,CALL522,37.0,under way using engine,42.0,9.0,2.5,37.0
636018992,2026-09-12T04:30:00Z,37.128453,20.516271,13.3,37.7,38,ATLANTIC CARRIER,IMO9348123,D5XY8,80.0,under way using engine,274.0,48.0,12.4,80.0
239100450,2026-09-12T04:35:00Z,36.247312,21.068607,12.0,45.4,45,BLUE HORIZON,IMO9292148,CALL450,70.0,under way using engine,225.0,32.0,11.8,70.0
240889000,2026-09-12T04:35:00Z,32.936876,23.097039,18.7,114.5,115,AEGEAN BREEZE,IMO9122977,CALL0,71.0,under way using engine,294.0,40.0,13.0,71.0
247000999,2026-09-12T04:35:00Z,38.459939,20.380698,16.0,19.4,20,COASTAL DEFENDER,IMO9163634,CALL999,55.0,under way using engine,65.0,11.0,3.8,55.0
247120300,2026-09-12T04:35:00Z,33.743234,11.946036,22.0,259.8,260,MED EXPRESS,IMO9436318,CALL300,60.0,under way using engine,145.0,24.0,6.2,60.0
255806000,2026-09-12T04:35:00Z,35.519489,21.95034,14.8,70.6,70,GLOBAL TRADER,IMO9402062,CALL0,79.0,under way using engine,260.0,36.0,12.5,79.0
311000888,2026-09-12T04:35:00Z,32.18511,16.436905,12.8,209.8,210,NORTHERN LIGHT,IMO9636409,CALL888,81.0,under way using engine,190.0,30.0,10.1,81.0
352002140,2026-09-12T04:35:00Z,37.355002,16.415502,13.8,330.4,330,PACIFIC TITAN,IMO9299734,CALL140,82.0,under way using engine,182.0,32.0,9.5,82.0
636015522,2026-09-12T04:35:00Z,32.271731,17.899653,9.7,180.6,180,SEA STAR,IMO9570267,CALL522,37.0,under way using engine,42.0,9.0,2.5,37.0
636018992,2026-09-12T04:35:00Z,37.143455,20.530531,13.7,37.4,38,ATLANTIC CARRIER,IMO9348123,D5XY8,80.0,under way using engine,274.0,48.0,12.4,80.0
239100450,2026-09-12T04:40:00Z,36.259596,21.083049,11.9,44.7,45,BLUE HORIZON,IMO9431570,CALL450,70.0,under way using engine,225.0,32.0,11.8,70.0
240889000,2026-09-12T04:40:00Z,32.925761,23.124722,18.4,115.2,115,AEGEAN BREEZE,IMO9139178,CALL0,71.0,under way using engine,294.0,40.0,13.0,71.0
247000999,2026-09-12T04:40:00Z,38.481095,20.390272,16.2,20.3,20,COASTAL DEFENDER,IMO9920664,CALL999,55.0,under way using engine,65.0,11.0,3.8,55.0
247120300,2026-09-12T04:40:00Z,33.737506,11.909896,22.1,259.5,260,MED EXPRESS,IMO9466704,CALL300,60.0,under way using engine,145.0,24.0,6.2,60.0
255806000,2026-09-12T04:40:00Z,35.526858,21.974223,15.1,70.7,70,GLOBAL TRADER,IMO9624337,CALL0,79.0,under way using engine,260.0,36.0,12.5,79.0
311000888,2026-09-12T04:40:00Z,32.169157,16.426362,13.1,209.4,210,NORTHERN LIGHT,IMO9988217,CALL888,81.0,under way using engine,190.0,30.0,10.1,81.0
352002140,2026-09-12T04:40:00Z,37.371702,16.403512,14.0,329.3,330,PACIFIC TITAN,IMO9176319,CALL140,82.0,under way using engine,182.0,32.0,9.5,82.0
636015522,2026-09-12T04:40:00Z,32.25819,17.899927,9.5,180.0,180,SEA STAR,IMO9649205,CALL522,37.0,under way using engine,42.0,9.0,2.5,37.0
636018992,2026-09-12T04:40:00Z,37.157798,20.545161,13.5,38.4,38,ATLANTIC CARRIER,IMO9348123,D5XY8,80.0,under way using engine,274.0,48.0,12.4,80.0
239100450,2026-09-12T04:45:00Z,36.27151,21.097675,11.9,45.3,45,BLUE HORIZON,IMO9821783,CALL450,70.0,under way using engine,225.0,32.0,11.8,70.0
240889000,2026-09-12T04:45:00Z,32.914791,23.152751,18.6,115.2,115,AEGEAN BREEZE,IMO9722774,CALL0,71.0,under way using engine,294.0,40.0,13.0,71.0
247000999,2026-09-12T04:45:00Z,38.502143,20.400398,16.0,19.7,20,COASTAL DEFENDER,IMO9756602,CALL999,55.0,under way using engine,65.0,11.0,3.8,55.0
247120300,2026-09-12T04:45:00Z,33.731905,11.873028,22.0,259.4,260,MED EXPRESS,IMO9147057,CALL300,60.0,under way using engine,145.0,24.0,6.2,60.0
255806000,2026-09-12T04:45:00Z,35.533652,21.998439,15.0,70.6,70,GLOBAL TRADER,IMO9711081,CALL0,79.0,under way using engine,260.0,36.0,12.5,79.0
311000888,2026-09-12T04:45:00Z,32.153622,16.416222,13.1,209.4,210,NORTHERN LIGHT,IMO9277160,CALL888,81.0,under way using engine,190.0,30.0,10.1,81.0
352002140,2026-09-12T04:45:00Z,37.388503,16.391526,14.1,330.1,330,PACIFIC TITAN,IMO9602681,CALL140,82.0,under way using engine,182.0,32.0,9.5,82.0
636015522,2026-09-12T04:45:00Z,32.245265,17.899901,9.3,180.2,180,SEA STAR,IMO9830549,CALL522,37.0,under way using engine,42.0,9.0,2.5,37.0
636018992,2026-09-12T04:45:00Z,37.173415,20.560164,13.6,37.5,38,ATLANTIC CARRIER,IMO9348123,D5XY8,80.0,under way using engine,274.0,48.0,12.4,80.0
239100450,2026-09-12T04:50:00Z,36.283006,21.112761,11.9,44.4,45,BLUE HORIZON,IMO9243601,CALL450,70.0,under way using engine,225.0,32.0,11.8,70.0
240889000,2026-09-12T04:50:00Z,32.904417,23.180298,18.6,114.2,115,AEGEAN BREEZE,IMO9823255,CALL0,71.0,under way using engine,294.0,40.0,13.0,71.0
247000999,2026-09-12T04:50:00Z,38.522652,20.409825,15.8,19.3,20,COASTAL DEFENDER,IMO9991215,CALL999,55.0,under way using engine,65.0,11.0,3.8,55.0
247120300,2026-09-12T04:50:00Z,33.727176,11.837149,22.1,259.4,260,MED EXPRESS,IMO9863873,CALL300,60.0,under way using engine,145.0,24.0,6.2,60.0
255806000,2026-09-12T04:50:00Z,35.540452,22.022344,14.9,69.2,70,GLOBAL TRADER,IMO9454466,CALL0,79.0,under way using engine,260.0,36.0,12.5,79.0
311000888,2026-09-12T04:50:00Z,32.137803,16.405401,12.9,209.6,210,NORTHERN LIGHT,IMO9606033,CALL888,81.0,under way using engine,190.0,30.0,10.1,81.0
352002140,2026-09-12T04:50:00Z,37.405344,16.379394,13.9,330.7,330,PACIFIC TITAN,IMO9322096,CALL140,82.0,under way using engine,182.0,32.0,9.5,82.0
636015522,2026-09-12T04:50:00Z,32.232003,17.899966,9.7,179.3,180,SEA STAR,IMO9827505,CALL522,37.0,under way using engine,42.0,9.0,2.5,37.0
636018992,2026-09-12T04:50:00Z,37.187955,20.574498,13.5,37.2,38,ATLANTIC CARRIER,IMO9348123,D5XY8,80.0,under way using engine,274.0,48.0,12.4,80.0
239100450,2026-09-12T04:55:00Z,36.294772,21.127181,12.0,44.7,45,BLUE HORIZON,IMO9270948,CALL450,70.0,under way using engine,225.0,32.0,11.8,70.0
240889000,2026-09-12T04:55:00Z,32.893414,23.208207,18.3,114.6,115,AEGEAN BREEZE,IMO9835962,CALL0,71.0,under way using engine,294.0,40.0,13.0,71.0
247000999,2026-09-12T04:55:00Z,38.543575,20.41956,16.1,19.6,20,COASTAL DEFENDER,IMO9728700,CALL999,55.0,under way using engine,65.0,11.0,3.8,55.0
247120300,2026-09-12T04:55:00Z,33.721793,11.800922,21.8,260.7,260,MED EXPRESS,IMO9254850,CALL300,60.0,under way using engine,145.0,24.0,6.2,60.0
255806000,2026-09-12T04:55:00Z,35.547906,22.046409,15.2,69.3,70,GLOBAL TRADER,IMO9314154,CALL0,79.0,under way using engine,260.0,36.0,12.5,79.0
311000888,2026-09-12T04:55:00Z,32.122367,16.394607,13.1,209.3,210,NORTHERN LIGHT,IMO9843527,CALL888,81.0,under way using engine,190.0,30.0,10.1,81.0
352002140,2026-09-12T04:55:00Z,37.422563,16.366533,13.8,330.8,330,PACIFIC TITAN,IMO9602184,CALL140,82.0,under way using engine,182.0,32.0,9.5,82.0
636015522,2026-09-12T04:55:00Z,32.218767,17.900342,9.5,180.1,180,SEA STAR,IMO9638430,CALL522,37.0,under way using engine,42.0,9.0,2.5,37.0
636018992,2026-09-12T04:55:00Z,37.20305,20.588762,13.5,37.2,38,ATLANTIC CARRIER,IMO9348123,D5XY8,80.0,under way using engine,274.0,48.0,12.4,80.0
239100450,2026-09-12T05:00:00Z,36.306855,21.141905,11.9,44.5,45,BLUE HORIZON,IMO9685792,CALL450,70.0,under way using engine,225.0,32.0,11.8,70.0
240889000,2026-09-12T05:00:00Z,32.882557,23.236068,18.6,114.7,115,AEGEAN BREEZE,IMO9793805,CALL0,71.0,under way using engine,294.0,40.0,13.0,71.0
247000999,2026-09-12T05:00:00Z,38.56461,20.428942,16.0,19.9,20,COASTAL DEFENDER,IMO9548901,CALL999,55.0,under way using engine,65.0,11.0,3.8,55.0
247120300,2026-09-12T05:00:00Z,33.716674,11.764515,21.8,260.3,260,MED EXPRESS,IMO9216683,CALL300,60.0,under way using engine,145.0,24.0,6.2,60.0
255806000,2026-09-12T05:00:00Z,35.554846,22.070335,15.2,70.3,70,GLOBAL TRADER,IMO9165356,CALL0,79.0,under way using engine,260.0,36.0,12.5,79.0
311000888,2026-09-12T05:00:00Z,32.106542,16.383865,12.9,209.7,210,NORTHERN LIGHT,IMO9566272,CALL888,81.0,under way using engine,190.0,30.0,10.1,81.0
352002140,2026-09-12T05:00:00Z,37.439213,16.354327,14.1,329.8,330,PACIFIC TITAN,IMO9350956,CALL140,82.0,under way using engine,182.0,32.0,9.5,82.0
636015522,2026-09-12T05:00:00Z,32.205542,17.899979,9.6,179.8,180,SEA STAR,IMO9917230,CALL522,37.0,under way using engine,42.0,9.0,2.5,37.0
636018992,2026-09-12T05:00:00Z,37.217516,20.603079,13.6,38.0,38,ATLANTIC CARRIER,IMO9348123,D5XY8,80.0,under way using engine,274.0,48.0,12.4,80.0
239100450,2026-09-12T05:05:00Z,36.318274,21.156224,12.0,45.1,45,BLUE HORIZON,IMO9677883,CALL450,70.0,under way using engine,225.0,32.0,11.8,70.0
240889000,2026-09-12T05:05:00Z,32.871706,23.263707,18.5,115.3,115,AEGEAN BREEZE,IMO9539170,CALL0,71.0,under way using engine,294.0,40.0,13.0,71.0
247000999,2026-09-12T05:05:00Z,38.585652,20.438742,15.9,20.7,20,COASTAL DEFENDER,IMO9920960,CALL999,55.0,under way using engine,65.0,11.0,3.8,55.0
247120300,2026-09-12T05:05:00Z,33.711035,11.728788,21.9,260.4,260,MED EXPRESS,IMO9322167,CALL300,60.0,under way using engine,145.0,24.0,6.2,60.0
255806000,2026-09-12T05:05:00Z,35.562297,22.094594,15.2,70.6,70,GLOBAL TRADER,IMO9837244,CALL0,79.0,under way using engine,260.0,36.0,12.5,79.0
311000888,2026-09-12T05:05:00Z,32.090932,16.373388,12.9,209.6,210,NORTHERN LIGHT,IMO9137480,CALL888,81.0,under way using engine,190.0,30.0,10.1,81.0
352002140,2026-09-12T05:05:00Z,37.455478,16.342126,14.0,330.1,330,PACIFIC TITAN,IMO9476710,CALL140,82.0,under way using engine,182.0,32.0,9.5,82.0
636015522,2026-09-12T05:05:00Z,32.192004,17.900174,9.4,179.2,180,SEA STAR,IMO9699678,CALL522,37.0,under way using engine,42.0,9.0,2.5,37.0
636018992,2026-09-12T05:05:00Z,37.232135,20.618161,13.8,37.5,38,ATLANTIC CARRIER,IMO9348123,D5XY8,80.0,under way using engine,274.0,48.0,12.4,80.0
239100450,2026-09-12T05:10:00Z,36.330251,21.170763,12.0,45.7,45,BLUE HORIZON,IMO9222227,CALL450,70.0,under way using engine,225.0,32.0,11.8,70.0
240889000,2026-09-12T05:10:00Z,32.860685,23.291225,18.6,114.4,115,AEGEAN BREEZE,IMO9219550,CALL0,71.0,under way using engine,294.0,40.0,13.0,71.0
247000999,2026-09-12T05:10:00Z,38.606593,20.448692,16.0,19.4,20,COASTAL DEFENDER,IMO9112885,CALL999,55.0,under way using engine,65.0,11.0,3.8,55.0
247120300,2026-09-12T05:10:00Z,33.705869,11.6926,21.9,260.0,260,MED EXPRESS,IMO9865380,CALL300,60.0,under way using engine,145.0,24.0,6.2,60.0
255806000,2026-09-12T05:10:00Z,35.569608,22.118293,14.9,69.3,70,GLOBAL TRADER,IMO9536459,CALL0,79.0,under way using engine,260.0,36.0,12.5,79.0
311000888,2026-09-12T05:10:00Z,32.075392,16.362425,12.9,209.6,210,NORTHERN LIGHT,IMO9488865,CALL888,81.0,under way using engine,190.0,30.0,10.1,81.0
352002140,2026-09-12T05:10:00Z,37.472595,16.330163,14.2,329.9,330,PACIFIC TITAN,IMO9941814,CALL140,82.0,under way using engine,182.0,32.0,9.5,82.0
636015522,2026-09-12T05:10:00Z,32.179068,17.900303,9.7,180.5,180,SEA STAR,IMO9577564,CALL522,37.0,under way using engine,42.0,9.0,2.5,37.0
636018992,2026-09-12T05:10:00Z,37.246795,20.632228,13.8,38.0,38,ATLANTIC CARRIER,IMO9348123,D5XY8,80.0,under way using engine,274.0,48.0,12.4,80.0
239100450,2026-09-12T05:15:00Z,36.342346,21.185335,12.0,44.7,45,BLUE HORIZON,IMO9480180,CALL450,70.0,under way using engine,225.0,32.0,11.8,70.0
240889000,2026-09-12T05:15:00Z,32.84982,23.318819,18.5,115.4,115,AEGEAN BREEZE,IMO9971889,CALL0,71.0,under way using engine,294.0,40.0,13.0,71.0
247000999,2026-09-12T05:15:00Z,38.627197,20.458334,16.1,19.5,20,COASTAL DEFENDER,IMO9701056,CALL999,55.0,under way using engine,65.0,11.0,3.8,55.0
247120300,2026-09-12T05:15:00Z,33.700796,11.656145,22.1,259.8,260,MED EXPRESS,IMO9795759,CALL300,60.0,under way using engine,145.0,24.0,6.2,60.0
255806000,2026-09-12T05:15:00Z,35.576332,22.142537,14.8,70.1,70,GLOBAL TRADER,IMO9235753,CALL0,79.0,under way using engine,260.0,36.0,12.5,79.0
311000888,2026-09-12T05:15:00Z,32.059439,16.351758,12.9,210.3,210,NORTHERN LIGHT,IMO9695213,CALL888,81.0,under way using engine,190.0,30.0,10.1,81.0
352002140,2026-09-12T05:15:00Z,37.489744,16.317707,14.1,330.7,330,PACIFIC TITAN,IMO9488712,CALL140,82.0,under way using engine,182.0,32.0,9.5,82.0
636015522,2026-09-12T05:15:00Z,32.165478,17.899992,9.4,180.6,180,SEA STAR,IMO9410759,CALL522,37.0,under way using engine,42.0,9.0,2.5,37.0
636018992,2026-09-12T05:15:00Z,37.262063,20.646524,13.4,38.6,38,ATLANTIC CARRIER,IMO9348123,D5XY8,80.0,under way using engine,274.0,48.0,12.4,80.0
239100450,2026-09-12T05:20:00Z,36.354092,21.200553,12.2,45.0,45,BLUE HORIZON,IMO9458660,CALL450,70.0,under way using engine,225.0,32.0,11.8,70.0
240889000,2026-09-12T05:20:00Z,32.838766,23.346767,18.6,114.7,115,AEGEAN BREEZE,IMO9141319,CALL0,71.0,under way using engine,294.0,40.0,13.0,71.0
247000999,2026-09-12T05:20:00Z,38.648331,20.468272,15.9,20.0,20,COASTAL DEFENDER,IMO9751009,CALL999,55.0,under way using engine,65.0,11.0,3.8,55.0
247120300,2026-09-12T05:20:00Z,33.695025,11.619929,21.8,259.5,260,MED EXPRESS,IMO9830361,CALL300,60.0,under way using engine,145.0,24.0,6.2,60.0
255806000,2026-09-12T05:20:00Z,35.583682,22.166847,14.8,70.0,70,GLOBAL TRADER,IMO9781927,CALL0,79.0,under way using engine,260.0,36.0,12.5,79.0
311000888,2026-09-12T05:20:00Z,32.043926,16.341057,13.0,209.7,210,NORTHERN LIGHT,IMO9879860,CALL888,81.0,under way using engine,190.0,30.0,10.1,81.0
352002140,2026-09-12T05:20:00Z,37.506355,16.305534,14.1,330.4,330,PACIFIC TITAN,IMO9117007,CALL140,82.0,under way using engine,182.0,32.0,9.5,82.0
636015522,2026-09-12T05:20:00Z,32.152523,17.899755,9.4,179.3,180,SEA STAR,IMO9349788,CALL522,37.0,under way using engine,42.0,9.0,2.5,37.0
636018992,2026-09-12T05:20:00Z,37.276163,20.661547,13.5,38.6,38,ATLANTIC CARRIER,IMO9348123,D5XY8,80.0,under way using engine,274.0,48.0,12.4,80.0
239100450,2026-09-12T05:25:00Z,36.365831,21.215181,12.1,44.4,45,BLUE HORIZON,IMO9234966,CALL450,70.0,under way using engine,225.0,32.0,11.8,70.0
240889000,2026-09-12T05:25:00Z,32.827608,23.374389,18.6,115.0,115,AEGEAN BREEZE,IMO9345896,CALL0,71.0,under way using engine,294.0,40.0,13.0,71.0
247000999,2026-09-12T05:25:00Z,38.668928,20.477882,16.1,19.3,20,COASTAL DEFENDER,IMO9426806,CALL999,55.0,under way using engine,65.0,11.0,3.8,55.0
247120300,2026-09-12T05:25:00Z,33.689816,11.583708,22.1,259.2,260,MED EXPRESS,IMO9507523,CALL300,60.0,under way using engine,145.0,24.0,6.2,60.0
255806000,2026-09-12T05:25:00Z,35.590688,22.191068,15.1,70.6,70,GLOBAL TRADER,IMO9338818,CALL0,79.0,under way using engine,260.0,36.0,12.5,79.0
311000888,2026-09-12T05:25:00Z,32.02846,16.330474,13.0,210.6,210,NORTHERN LIGHT,IMO9369804,CALL888,81.0,under way using engine,190.0,30.0,10.1,81.0
352002140,2026-09-12T05:25:00Z,37.523204,16.293685,14.0,329.9,330,PACIFIC TITAN,IMO9259814,CALL140,82.0,under way using engine,182.0,32.0,9.5,82.0
636015522,2026-09-12T05:25:00Z,32.139306,17.900276,9.7,179.6,180,SEA STAR,IMO9239430,CALL522,37.0,under way using engine,42.0,9.0,2.5,37.0
636018992,2026-09-12T05:25:00Z,37.291321,20.675988,13.6,39.0,38,ATLANTIC CARRIER,IMO9348123,D5XY8,80.0,under way using engine,274.0,48.0,12.4,80.0
239100450,2026-09-12T05:30:00Z,36.377618,21.229589,11.9,44.4,45,BLUE HORIZON,IMO9236543,CALL450,70.0,under way using engine,225.0,32.0,11.8,70.0
240889000,2026-09-12T05:30:00Z,32.817455,23.402256,18.7,115.5,115,AEGEAN BREEZE,IMO9801520,CALL0,71.0,under way using engine,294.0,40.0,13.0,71.0
247000999,2026-09-12T05:30:00Z,38.689766,20.487441,16.1,19.8,20,COASTAL DEFENDER,IMO9712018,CALL999,55.0,under way using engine,65.0,11.0,3.8,55.0
247120300,2026-09-12T05:30:00Z,33.684395,11.547304,22.2,259.8,260,MED EXPRESS,IMO9213132,CALL300,60.0,under way using engine,145.0,24.0,6.2,60.0
255806000,2026-09-12T05:30:00Z,35.598023,22.21499,15.1,70.5,70,GLOBAL TRADER,IMO9660134,CALL0,79.0,under way using engine,260.0,36.0,12.5,79.0
311000888,2026-09-12T05:30:00Z,32.012739,16.319886,12.9,209.7,210,NORTHERN LIGHT,IMO9712614,CALL888,81.0,under way using engine,190.0,30.0,10.1,81.0
352002140,2026-09-12T05:30:00Z,37.540141,16.281094,14.0,329.6,330,PACIFIC TITAN,IMO9677390,CALL140,82.0,under way using engine,182.0,32.0,9.5,82.0
636015522,2026-09-12T05:30:00Z,32.126126,17.900351,9.6,179.6,180,SEA STAR,IMO9963408,CALL522,37.0,under way using engine,42.0,9.0,2.5,37.0
636018992,2026-09-12T05:30:00Z,37.306034,20.690347,13.5,37.7,38,ATLANTIC CARRIER,IMO9348123,D5XY8,80.0,under way using engine,274.0,48.0,12.4,80.0
239100450,2026-09-12T05:35:00Z,36.389556,21.244299,12.1,44.4,45,BLUE HORIZON,IMO9119719,CALL450,70.0,under way using engine,225.0,32.0,11.8,70.0
240889000,2026-09-12T05:35:00Z,32.805798,23.429996,18.6,114.3,115,AEGEAN BREEZE,IMO9858724,CALL0,71.0,under way using engine,294.0,40.0,13.0,71.0
247000999,2026-09-12T05:35:00Z,38.711137,20.497069,15.9,19.7,20,COASTAL DEFENDER,IMO9459557,CALL999,55.0,under way using engine,65.0,11.0,3.8,55.0
247120300,2026-09-12T05:35:00Z,33.67964,11.511404,22.1,259.6,260,MED EXPRESS,IMO9499194,CALL300,60.0,under way using engine,145.0,24.0,6.2,60.0
255806000,2026-09-12T05:35:00Z,35.604937,22.238958,15.1,69.2,70,GLOBAL TRADER,IMO9605595,CALL0,79.0,under way using engine,260.0,36.0,12.5,79.0
311000888,2026-09-12T05:35:00Z,31.997307,16.309287,13.0,210.6,210,NORTHERN LIGHT,IMO9641922,CALL888,81.0,under way using engine,190.0,30.0,10.1,81.0
352002140,2026-09-12T05:35:00Z,37.55678,16.268443,13.9,330.5,330,PACIFIC TITAN,IMO9858705,CALL140,82.0,under way using engine,182.0,32.0,9.5,82.0
636015522,2026-09-12T05:35:00Z,32.112987,17.900096,9.6,180.2,180,SEA STAR,IMO9487040,CALL522,37.0,under way using engine,42.0,9.0,2.5,37.0
636018992,2026-09-12T05:35:00Z,37.320701,20.704778,13.5,37.6,38,ATLANTIC CARRIER,IMO9348123,D5XY8,80.0,under way using engine,274.0,48.0,12.4,80.0
239100450,2026-09-12T05:40:00Z,36.401197,21.258641,11.8,44.4,45,BLUE HORIZON,IMO9931578,CALL450,70.0,under way using engine,225.0,32.0,11.8,70.0
240889000,2026-09-12T05:40:00Z,32.795539,23.457793,18.4,115.8,115,AEGEAN BREEZE,IMO9410401,CALL0,71.0,under way using engine,294.0,40.0,13.0,71.0
247000999,2026-09-12T05:40:00Z,38.731647,20.507547,16.0,20.3,20,COASTAL DEFENDER,IMO9251624,CALL999,55.0,under way using engine,65.0,11.0,3.8,55.0
247120300,2026-09-12T05:40:00Z,33.673616,11.475143,22.2,260.0,260,MED EXPRESS,IMO9726111,CALL300,60.0,under way using engine,145.0,24.0,6.2,60.0
255806000,2026-09-12T05:40:00Z,35.612545,22.263291,15.1,69.9,70,GLOBAL TRADER,IMO9547567,CALL0,79.0,under way using engine,260.0,36.0,12.5,79.0
311000888,2026-09-12T05:40:00Z,31.981233,16.29878,12.9,209.8,210,NORTHERN LIGHT,IMO9263448,CALL888,81.0,under way using engine,190.0,30.0,10.1,81.0
352002140,2026-09-12T05:40:00Z,37.573662,16.256247,13.9,330.5,330,PACIFIC TITAN,IMO9277487,CALL140,82.0,under way using engine,182.0,32.0,9.5,82.0
636015522,2026-09-12T05:40:00Z,32.099535,17.900432,9.7,179.6,180,SEA STAR,IMO9240101,CALL522,37.0,under way using engine,42.0,9.0,2.5,37.0
636018992,2026-09-12T05:40:00Z,37.335845,20.719667,13.5,37.5,38,ATLANTIC CARRIER,IMO9348123,D5XY8,80.0,under way using engine,274.0,48.0,12.4,80.0
239100450,2026-09-12T05:45:00Z,36.412799,21.273399,12.0,45.7,45,BLUE HORIZON,IMO9145383,CALL450,70.0,under way using engine,225.0,32.0,11.8,70.0
240889000,2026-09-12T05:45:00Z,32.784539,23.485486,18.6,115.6,115,AEGEAN BREEZE,IMO9993647,CALL0,71.0,under way using engine,294.0,40.0,13.0,71.0
247000999,2026-09-12T05:45:00Z,38.75291,20.516857,16.1,20.6,20,COASTAL DEFENDER,IMO9542563,CALL999,55.0,under way using engine,65.0,11.0,3.8,55.0
247120300,2026-09-12T05:45:00Z,33.668492,11.438942,22.0,259.9,260,MED EXPRESS,IMO9847078,CALL300,60.0,under way using engine,145.0,24.0,6.2,60.0
255806000,2026-09-12T05:45:00Z,35.619261,22.287255,14.8,70.2,70,GLOBAL TRADER,IMO9485570,CALL0,79.0,under way using engine,260.0,36.0,12.5,79.0
311000888,2026-09-12T05:45:00Z,31.965609,16.287857,13.0,209.8,210,NORTHERN LIGHT,IMO9608817,CALL888,81.0,under way using engine,190.0,30.0,10.1,81.0
352002140,2026-09-12T05:45:00Z,37.590827,16.244353,13.9,330.6,330,PACIFIC TITAN,IMO9772985,CALL140,82.0,under way using engine,182.0,32.0,9.5,82.0
636015522,2026-09-12T05:45:00Z,32.086314,17.90015,9.4,179.3,180,SEA STAR,IMO9955556,CALL522,37.0,under way using engine,42.0,9.0,2.5,37.0
636018992,2026-09-12T05:45:00Z,37.35053,20.733845,13.6,38.4,38,ATLANTIC CARRIER,IMO9348123,D5XY8,80.0,under way using engine,274.0,48.0,12.4,80.0
239100450,2026-09-12T05:50:00Z,36.425012,21.2884,12.1,45.5,45,BLUE HORIZON,IMO9731024,CALL450,70.0,under way using engine,225.0,32.0,11.8,70.0
240889000,2026-09-12T05:50:00Z,32.773584,23.513487,18.4,115.4,115,AEGEAN BREEZE,IMO9199613,CALL0,71.0,under way using engine,294.0,40.0,13.0,71.0
247000999,2026-09-12T05:50:00Z,38.773287,20.526971,16.1,19.5,20,COASTAL DEFENDER,IMO9171726,CALL999,55.0,under way using engine,65.0,11.0,3.8,55.0
247120300,2026-09-12T05:50:00Z,33.663456,11.402796,22.0,259.7,260,MED EXPRESS,IMO9512509,CALL300,60.0,under way using engine,145.0,24.0,6.2,60.0
255806000,2026-09-12T05:50:00Z,35.626379,22.311538,15.2,69.6,70,GLOBAL TRADER,IMO9196459,CALL0,79.0,under way using engine,260.0,36.0,12.5,79.0
311000888,2026-09-12T05:50:00Z,31.949915,16.277012,13.0,210.0,210,NORTHERN LIGHT,IMO9498325,CALL888,81.0,under way using engine,190.0,30.0,10.1,81.0
352002140,2026-09-12T05:50:00Z,37.607759,16.231822,14.1,329.3,330,PACIFIC TITAN,IMO9957730,CALL140,82.0,under way using engine,182.0,32.0,9.5,82.0
636015522,2026-09-12T05:50:00Z,32.073523,17.900012,9.6,179.6,180,SEA STAR,IMO9368422,CALL522,37.0,under way using engine,42.0,9.0,2.5,37.0
636018992,2026-09-12T05:50:00Z,37.365386,20.748249,13.6,38.6,38,ATLANTIC CARRIER,IMO9348123,D5XY8,80.0,under way using engine,274.0,48.0,12.4,80.0
239100450,2026-09-12T05:55:00Z,36.436658,21.30335,11.9,44.8,45,BLUE HORIZON,IMO9195189,CALL450,70.0,under way using engine,225.0,32.0,11.8,70.0
240889000,2026-09-12T05:55:00Z,32.763053,23.540513,18.3,114.4,115,AEGEAN BREEZE,IMO9778636,CALL0,71.0,under way using engine,294.0,40.0,13.0,71.0
247000999,2026-09-12T05:55:00Z,38.794335,20.53651,16.1,20.8,20,COASTAL DEFENDER,IMO9728896,CALL999,55.0,under way using engine,65.0,11.0,3.8,55.0
247120300,2026-09-12T05:55:00Z,33.657993,11.366549,22.1,259.8,260,MED EXPRESS,IMO9417012,CALL300,60.0,under way using engine,145.0,24.0,6.2,60.0
255806000,2026-09-12T05:55:00Z,35.6335,22.335423,15.1,70.6,70,GLOBAL TRADER,IMO9931710,CALL0,79.0,under way using engine,260.0,36.0,12.5,79.0
311000888,2026-09-12T05:55:00Z,31.934986,16.266738,12.9,209.7,210,NORTHERN LIGHT,IMO9335206,CALL888,81.0,under way using engine,190.0,30.0,10.1,81.0
352002140,2026-09-12T05:55:00Z,37.624214,16.219317,14.0,330.5,330,PACIFIC TITAN,IMO9342675,CALL140,82.0,under way using engine,182.0,32.0,9.5,82.0
636015522,2026-09-12T05:55:00Z,32.060372,17.899956,9.7,180.4,180,SEA STAR,IMO9918427,CALL522,37.0,under way using engine,42.0,9.0,2.5,37.0
636018992,2026-09-12T05:55:00Z,37.380335,20.762934,13.2,38.0,38,ATLANTIC CARRIER,IMO9348123,D5XY8,80.0,under way using engine,274.0,48.0,12.4,80.0
239100450,2026-09-12T06:00:00Z,36.448538,21.317857,11.9,45.1,45,BLUE HORIZON,IMO9469311,CALL450,70.0,under way using engine,225.0,32.0,11.8,70.0
240889000,2026-09-12T06:00:00Z,32.752023,23.568727,18.5,115.2,115,AEGEAN BREEZE,IMO9868677,CALL0,71.0,under way using engine,294.0,40.0,13.0,71.0
247000999,2026-09-12T06:00:00Z,38.815262,20.545643,16.0,19.7,20,COASTAL DEFENDER,IMO9414186,CALL999,55.0,under way using engine,65.0,11.0,3.8,55.0
247120300,2026-09-12T06:00:00Z,33.652731,11.330953,22.0,260.5,260,MED EXPRESS,IMO9756190,CALL300,60.0,under way using engine,145.0,24.0,6.2,60.0
255806000,2026-09-12T06:00:00Z,35.640695,22.359595,15.1,70.6,70,GLOBAL TRADER,IMO9362062,CALL0,79.0,under way using engine,260.0,36.0,12.5,79.0
311000888,2026-09-12T06:00:00Z,31.91901,16.256277,13.1,209.4,210,NORTHERN LIGHT,IMO9306508,CALL888,81.0,under way using engine,190.0,30.0,10.1,81.0
352002140,2026-09-12T06:00:00Z,37.641343,16.207383,13.9,329.9,330,PACIFIC TITAN,IMO9163386,CALL140,82.0,under way using engine,182.0,32.0,9.5,82.0
636015522,2026-09-12T06:00:00Z,32.046641,17.89984,9.6,180.7,180,SEA STAR,IMO9369845,CALL522,37.0,under way using engine,42.0,9.0,2.5,37.0
636018992,2026-09-12T06:00:00Z,37.394553,20.777278,13.7,37.9,38,ATLANTIC CARRIER,IMO9348123,D5XY8,80.0,under way using engine,274.0,48.0,12.4,80.0
239100450,2026-09-12T06:05:00Z,36.46026,21.332455,12.1,44.6,45,BLUE HORIZON,IMO9697935,CALL450,70.0,under way using engine,225.0,32.0,11.8,70.0
240889000,2026-09-12T06:05:00Z,32.741369,23.59647,18.4,114.8,115,AEGEAN BREEZE,IMO9578715,CALL0,71.0,under way using engine,294.0,40.0,13.0,71.0
247000999,2026-09-12T06:05:00Z,38.836202,20.555817,16.0,20.5,20,COASTAL DEFENDER,IMO9144241,CALL999,55.0,under way using engine,65.0,11.0,3.8,55.0
247120300,2026-09-12T06:05:00Z,33.647362,11.294415,22.2,260.8,260,MED EXPRESS,IMO9681896,CALL300,60.0,under way using engine,145.0,24.0,6.2,60.0
255806000,2026-09-12T06:05:00Z,35.647918,22.383647,14.9,69.5,70,GLOBAL TRADER,IMO9145843,CALL0,79.0,under way using engine,260.0,36.0,12.5,79.0
311000888,2026-09-12T06:05:00Z,31.903059,16.245591,13.2,210.7,210,NORTHERN LIGHT,IMO9980779,CALL888,81.0,under way using engine,190.0,30.0,10.1,81.0
352002140,2026-09-12T06:05:00Z,37.657878,16.194856,14.0,330.0,330,PACIFIC TITAN,IMO9611552,CALL140,82.0,under way using engine,182.0,32.0,9.5,82.0
636015522,2026-09-12T06:05:00Z,32.033904,17.899793,9.5,180.5,180,SEA STAR,IMO9331356,CALL522,37.0,under way using engine,42.0,9.0,2.5,37.0
636018992,2026-09-12T06:05:00Z,37.409467,20.791994,13.6,37.8,38,ATLANTIC CARRIER,IMO9348123,D5XY8,80.0,under way using engine,274.0,48.0,12.4,80.0
239100450,2026-09-12T06:10:00Z,36.472269,21.347072,12.1,45.0,45,BLUE HORIZON,IMO9850582,CALL450,70.0,under way using engine,225.0,32.0,11.8,70.0
240889000,2026-09-12T06:10:00Z,32.730165,23.624166,18.6,115.5,115,AEGEAN BREEZE,IMO9780364,CALL0,71.0,under way using engine,294.0,40.0,13.0,71.0
247000999,2026-09-12T06:10:00Z,38.856761,20.565523,16.1,20.3,20,COASTAL DEFENDER,IMO9589199,CALL999,55.0,under way using engine,65.0,11.0,3.8,55.0
247120300,2026-09-12T06:10:00Z,33.642195,11.257991,21.9,259.8,260,MED EXPRESS,IMO9243928,CALL300,60.0,under way using engine,145.0,24.0,6.2,60.0
255806000,2026-09-12T06:10:00Z,35.654914,22.408084,15.2,70.8,70,GLOBAL TRADER,IMO9236017,CALL0,79.0,under way using engine,260.0,36.0,12.5,79.0
311000888,2026-09-12T06:10:00Z,31.887534,16.234412,13.1,210.6,210,NORTHERN LIGHT,IMO9877391,CALL888,81.0,under way using engine,190.0,30.0,10.1,81.0
352002140,2026-09-12T06:10:00Z,37.675199,16.182798,14.0,329.2,330,PACIFIC TITAN,IMO9857273,CALL140,82.0,under way using engine,182.0,32.0,9.5,82.0
636015522,2026-09-12T06:10:00Z,32.020441,17.900121,9.6,180.6,180,SEA STAR,IMO9514673,CALL522,37.0,under way using engine,42.0,9.0,2.5,37.0
636018992,2026-09-12T06:10:00Z,37.424411,20.806472,13.5,38.9,38,ATLANTIC CARRIER,IMO9348123,D5XY8,80.0,under way using engine,274.0,48.0,12.4,80.0
239100450,2026-09-12T06:15:00Z,36.483788,21.361735,12.2,45.1,45,BLUE HORIZON,IMO9860583,CALL450,70.0,under way using engine,225.0,32.0,11.8,70.0
240889000,2026-09-12T06:15:00Z,32.719412,23.65159,18.4,115.4,115,AEGEAN BREEZE,IMO9985364,CALL0,71.0,under way using engine,294.0,40.0,13.0,71.0
247000999,2026-09-12T06:15:00Z,38.878009,20.575164,16.1,20.7,20,COASTAL DEFENDER,IMO9447618,CALL999,55.0,under way using engine,65.0,11.0,3.8,55.0
247120300,2026-09-12T06:15:00Z,33.636915,11.221959,22.2,260.2,260,MED EXPRESS,IMO9755910,CALL300,60.0,under way using engine,145.0,24.0,6.2,60.0
255806000,2026-09-12T06:15:00Z,35.661975,22.431809,14.8,69.3,70,GLOBAL TRADER,IMO9362352,CALL0,79.0,under way using engine,260.0,36.0,12.5,79.0
311000888,2026-09-12T06:15:00Z,31.871976,16.22443,13.0,209.4,210,NORTHERN LIGHT,IMO9445521,CALL888,81.0,under way using engine,190.0,30.0,10.1,81.0
352002140,2026-09-12T06:15:00Z,37.691726,16.171033,13.8,330.5,330,PACIFIC TITAN,IMO9806774,CALL140,82.0,under way using engine,182.0,32.0,9.5,82.0
636015522,2026-09-12T06:15:00Z,32.007374,17.90012,9.6,179.8,180,SEA STAR,IMO9602275,CALL522,37.0,under way using engine,42.0,9.0,2.5,37.0
636018992,2026-09-12T06:15:00Z,37.439105,20.82137,13.6,38.7,38,ATLANTIC CARRIER,IMO9348123,D5XY8,80.0,under way using engine,274.0,48.0,12.4,80.0
239100450,2026-09-12T06:20:00Z,36.495641,21.376331,12.0,45.3,45,BLUE HORIZON,IMO9484264,CALL450,70.0,under way using engine,225.0,32.0,11.8,70.0
240889000,2026-09-12T06:20:00Z,32.708562,23.67954,18.5,115.5,115,AEGEAN BREEZE,IMO9811346,CALL0,71.0,under way using engine,294.0,40.0,13.0,71.0
247000999,2026-09-12T06:20:00Z,38.899088,20.584844,16.0,20.5,20,COASTAL DEFENDER,IMO9107052,CALL999,55.0,under way using engine,65.0,11.0,3.8,55.0
247120300,2026-09-12T06:20:00Z,33.631356,11.185487,22.0,259.9,260,MED EXPRESS,IMO9427557,CALL300,60.0,under way using engine,145.0,24.0,6.2,60.0
255806000,2026-09-12T06:20:00Z,35.669413,22.456018,15.1,70.5,70,GLOBAL TRADER,IMO9330987,CALL0,79.0,under way using engine,260.0,36.0,12.5,79.0
311000888,2026-09-12T06:20:00Z,31.856077,16.213508,13.2,210.6,210,NORTHERN LIGHT,IMO9663849,CALL888,81.0,under way using engine,190.0,30.0,10.1,81.0
352002140,2026-09-12T06:20:00Z,37.70824,16.158401,13.9,330.7,330,PACIFIC TITAN,IMO9649857,CALL140,82.0,under way using engine,182.0,32.0,9.5,82.0
636015522,2026-09-12T06:20:00Z,31.994189,17.90007,9.4,180.6,180,SEA STAR,IMO9298033,CALL522,37.0,under way using engine,42.0,9.0,2.5,37.0
636018992,2026-09-12T06:20:00Z,37.454296,20.835336,13.4,37.6,38,ATLANTIC CARRIER,IMO9348123,D5XY8,80.0,under way using engine,274.0,48.0,12.4,80.0
239100450,2026-09-12T06:25:00Z,36.507285,21.390798,12.1,44.4,45,BLUE HORIZON,IMO9975290,CALL450,70.0,under way using engine,225.0,32.0,11.8,70.0
240889000,2026-09-12T06:25:00Z,32.697325,23.707162,18.6,115.2,115,AEGEAN BREEZE,IMO9817712,CALL0,71.0,under way using engine,294.0,40.0,13.0,71.0
247000999,2026-09-12T06:25:00Z,38.919873,20.594847,15.8,19.4,20,COASTAL DEFENDER,IMO9404691,CALL999,55.0,under way using engine,65.0,11.0,3.8,55.0
247120300,2026-09-12T06:25:00Z,33.626276,11.149408,22.0,259.5,260,MED EXPRESS,IMO9245308,CALL300,60.0,under way using engine,145.0,24.0,6.2,60.0
255806000,2026-09-12T06:25:00Z,35.676261,22.480248,14.9,70.1,70,GLOBAL TRADER,IMO9785395,CALL0,79.0,under way using engine,260.0,36.0,12.5,79.0
311000888,2026-09-12T06:25:00Z,31.840952,16.202504,12.8,210.1,210,NORTHERN LIGHT,IMO9360017,CALL888,81.0,under way using engine,190.0,30.0,10.1,81.0
352002140,2026-09-12T06:25:00Z,37.725604,16.146016,14.0,330.5,330,PACIFIC TITAN,IMO9380310,CALL140,82.0,under way using engine,182.0,32.0,9.5,82.0
636015522,2026-09-12T06:25:00Z,31.980441,17.899797,9.4,179.7,180,SEA STAR,IMO9425226,CALL522,37.0,under way using engine,42.0,9.0,2.5,37.0
636018992,2026-09-12T06:25:00Z,37.468784,20.849868,13.7,37.1,38,ATLANTIC CARRIER,IMO9348123,D5XY8,80.0,under way using engine,274.0,48.0,12.4,80.0
239100450,2026-09-12T06:30:00Z,36.519004,21.405745,11.9,44.6,45,BLUE HORIZON,IMO9218327,CALL450,70.0,under way using engine,225.0,32.0,11.8,70.0
240889000,2026-09-12T06:30:00Z,32.686944,23.734526,18.7,115.0,115,AEGEAN BREEZE,IMO9611833,CALL0,71.0,under way using engine,294.0,40.0,13.0,71.0
247000999,2026-09-12T06:30:00Z,38.940566,20.604655,16.2,19.8,20,COASTAL DEFENDER,IMO9131127,CALL999,55.0,under way using engine,65.0,11.0,3.8,55.0
247120300,2026-09-12T06:30:00Z,33.620548,11.113183,21.9,259.4,260,MED EXPRESS,IMO9821978,CALL300,60.0,under way using engine,145.0,24.0,6.2,60.0
255806000,2026-09-12T06:30:00Z,35.683569,22.504734,14.9,70.1,70,GLOBAL TRADER,IMO9209448,CALL0,79.0,under way using engine,260.0,36.0,12.5,79.0
311000888,2026-09-12T06:30:00Z,31.824941,16.192613,12.9,210.7,210,NORTHERN LIGHT,IMO9999177,CALL888,81.0,under way using engine,190.0,30.0,10.1,81.0
352002140,2026-09-12T06:30:00Z,37.742407,16.13354,14.2,329.9,330,PACIFIC TITAN,IMO9355021,CALL140,82.0,under way using engine,182.0,32.0,9.5,82.0
636015522,2026-09-12T06:30:00Z,31.967732,17.900107,9.5,180.2,180,SEA STAR,IMO9172827,CALL522,37.0,under way using engine,42.0,9.0,2.5,37.0
636018992,2026-09-12T06:30:00Z,37.483898,20.864867,13.8,39.0,38,ATLANTIC CARRIER,IMO9348123,D5XY8,80.0,under way using engine,274.0,48.0,12.4,80.0
239100450,2026-09-12T06:35:00Z,36.530934,21.420091,12.0,45.0,45,BLUE HORIZON,IMO9619900,CALL450,70.0,under way using engine,225.0,32.0,11.8,70.0
240889000,2026-09-12T06:35:00Z,32.675994,23.762566,18.3,114.6,115,AEGEAN BREEZE,IMO9429502,CALL0,71.0,under way using engine,294.0,40.0,13.0,71.0
247000999,2026-09-12T06:35:00Z,38.961785,20.614473,15.9,19.6,20,COASTAL DEFENDER,IMO9282750,CALL999,55.0,under way using engine,65.0,11.0,3.8,55.0
247120300,2026-09-12T06:35:00Z,33.615434,11.076926,21.9,260.8,260,MED EXPRESS,IMO9907455,CALL300,60.0,under way using engine,145.0,24.0,6.2,60.0
255806000,2026-09-12T06:35:00Z,35.691091,22.528579,15.1,70.2,70,GLOBAL TRADER,IMO9393374,CALL0,79.0,under way using engine,260.0,36.0,12.5,79.0
311000888,2026-09-12T06:35:00Z,31.809285,16.181936,13.0,209.3,210,NORTHERN LIGHT,IMO9738727,CALL888,81.0,under way using engine,190.0,30.0,10.1,81.0
352002140,2026-09-12T06:35:00Z,37.759385,16.121313,14.1,330.6,330,PACIFIC TITAN,IMO9785491,CALL140,82.0,under way using engine,182.0,32.0,9.5,82.0
636015522,2026-09-12T06:35:00Z,31.954589,17.900165,9.5,180.2,180,SEA STAR,IMO9522056,CALL522,37.0,under way using engine,42.0,9.0,2.5,37.0
636018992,2026-09-12T06:35:00Z,37.498428,20.879088,13.3,38.3,38,ATLANTIC CARRIER,IMO9348123,D5XY8,80.0,under way using engine,274.0,48.0,12.4,80.0
239100450,2026-09-12T06:40:00Z,36.542743,21.434628,12.0,44.3,45,BLUE HORIZON,IMO9444053,CALL450,70.0,under way using engine,225.0,32.0,11.8,70.0
240889000,2026-09-12T06:40:00Z,32.665369,23.790145,18.5,115.4,115,AEGEAN BREEZE,IMO9858931,CALL0,71.0,under way using engine,294.0,40.0,13.0,71.0
247000999,2026-09-12T06:40:00Z,38.982502,20.624302,15.9,19.2,20,COASTAL DEFENDER,IMO9983825,CALL999,55.0,under way using engine,65.0,11.0,3.8,55.0
247120300,2026-09-12T06:40:00Z,33.610474,11.04136,22.2,259.7,260,MED EXPRESS,IMO9684413,CALL300,60.0,under way using engine,145.0,24.0,6.2,60.0
255806000,2026-09-12T06:40:00Z,35.698208,22.552772,15.1,70.0,70,GLOBAL TRADER,IMO9419751,CALL0,79.0,under way using engine,260.0,36.0,12.5,79.0
311000888,2026-09-12T06:40:00Z,31.793606,16.171166,13.1,210.4,210,NORTHERN LIGHT,IMO9166761,CALL888,81.0,under way using engine,190.0,30.0,10.1,81.0
352002140,2026-09-12T06:40:00Z,37.776389,16.109008,13.8,329.8,330,PACIFIC TITAN,IMO9495490,CALL140,82.0,under way using engine,182.0,32.0,9.5,82.0
636015522,2026-09-12T06:40:00Z,31.941447,17.900144,9.6,180.5,180,SEA STAR,IMO9732599,CALL522,37.0,under way using engine,42.0,9.0,2.5,37.0
636018992,2026-09-12T06:40:00Z,37.513374,20.8937,13.6,38.8,38,ATLANTIC CARRIER,IMO9348123,D5XY8,80.0,under way using engine,274.0,48.0,12.4,80.0
239100450,2026-09-12T06:45:00Z,36.55432,21.449626,12.0,45.4,45,BLUE HORIZON,IMO9820420,CALL450,70.0,under way using engine,225.0,32.0,11.8,70.0
240889000,2026-09-12T06:45:00Z,32.65359,23.817573,18.6,114.7,115,AEGEAN BREEZE,IMO9648513,CALL0,71.0,under way using engine,294.0,40.0,13.0,71.0
247000999,2026-09-12T06:45:00Z,39.003536,20.633952,16.1,19.4,20,COASTAL DEFENDER,IMO9786680,CALL999,55.0,under way using engine,65.0,11.0,3.8,55.0
247120300,2026-09-12T06:45:00Z,33.604566,11.004761,21.9,260.5,260,MED EXPRESS,IMO9252591,CALL300,60.0,under way using engine,145.0,24.0,6.2,60.0
255806000,2026-09-12T06:45:00Z,35.704946,22.576555,14.9,70.5,70,GLOBAL TRADER,IMO9248857,CALL0,79.0,under way using engine,260.0,36.0,12.5,79.0
311000888,2026-09-12T06:45:00Z,31.778057,16.160323,12.9,209.5,210,NORTHERN LIGHT,IMO9355790,CALL888,81.0,under way using engine,190.0,30.0,10.1,81.0
352002140,2026-09-12T06:45:00Z,37.792893,16.0967,13.8,329.5,330,PACIFIC TITAN,IMO9624139,CALL140,82.0,under way using engine,182.0,32.0,9.5,82.0
636015522,2026-09-12T06:45:00Z,31.9282,17.900115,9.3,179.2,180,SEA STAR,IMO9970860,CALL522,37.0,under way using engine,42.0,9.0,2.5,37.0
636018992,2026-09-12T06:45:00Z,37.528356,20.908515,13.4,37.7,38,ATLANTIC CARRIER,IMO9348123,D5XY8,80.0,under way using engine,274.0,48.0,12.4,80.0
239100450,2026-09-12T06:50:00Z,36.566529,21.464265,12.0,44.7,45,BLUE HORIZON,IMO9996915,CALL450,70.0,under way using engine,225.0,32.0,11.8,70.0
240889000,2026-09-12T06:50:00Z,32.643121,23.84521,18.5,115.4,115,AEGEAN BREEZE,IMO9605339,CALL0,71.0,under way using engine,294.0,40.0,13.0,71.0
247000999,2026-09-12T06:50:00Z,39.02447,20.64354,16.2,19.7,20,COASTAL DEFENDER,IMO9351815,CALL999,55.0,under way using engine,65.0,11.0,3.8,55.0
247120300,2026-09-12T06:50:00Z,33.599518,10.968326,22.2,259.9,260,MED EXPRESS,IMO9531228,CALL300,60.0,under way using engine,145.0,24.0,6.2,60.0
255806000,2026-09-12T06:50:00Z,35.712228,22.600856,15.0,70.4,70,GLOBAL TRADER,IMO9219787,CALL0,79.0,under way using engine,260.0,36.0,12.5,79.0
311000888,2026-09-12T06:50:00Z,31.762088,16.149626,13.0,210.1,210,NORTHERN LIGHT,IMO9919370,CALL888,81.0,under way using engine,190.0,30.0,10.1,81.0
352002140,2026-09-12T06:50:00Z,37.809977,16.084181,13.9,330.8,330,PACIFIC TITAN,IMO9199994,CALL140,82.0,under way using engine,182.0,32.0,9.5,82.0
636015522,2026-09-12T06:50:00Z,31.914795,17.899953,9.4,179.3,180,SEA STAR,IMO9249564,CALL522,37.0,under way using engine,42.0,9.0,2.5,37.0
636018992,2026-09-12T06:50:00Z,37.542956,20.923169,13.5,38.6,38,ATLANTIC CARRIER,IMO9348123,D5XY8,80.0,under way using engine,274.0,48.0,12.4,80.0
239100450,2026-09-12T06:55:00Z,36.577758,21.479152,12.2,45.5,45,BLUE HORIZON,IMO9812120,CALL450,70.0,under way using engine,225.0,32.0,11.8,70.0
240889000,2026-09-12T06:55:00Z,32.632185,23.873386,18.5,115.5,115,AEGEAN BREEZE,IMO9685466,CALL0,71.0,under way using engine,294.0,40.0,13.0,71.0
247000999,2026-09-12T06:55:00Z,39.04522,20.653553,15.9,20.0,20,COASTAL DEFENDER,IMO9937836,CALL999,55.0,under way using engine,65.0,11.0,3.8,55.0
247120300,2026-09-12T06:55:00Z,33.594146,10.932814,22.1,260.2,260,MED EXPRESS,IMO9874205,CALL300,60.0,under way using engine,145.0,24.0,6.2,60.0
255806000,2026-09-12T06:55:00Z,35.719596,22.625007,14.9,70.1,70,GLOBAL TRADER,IMO9415005,CALL0,79.0,under way using engine,260.0,36.0,12.5,79.0
311000888,2026-09-12T06:55:00Z,31.746997,16.139254,12.8,210.0,210,NORTHERN LIGHT,IMO9563363,CALL888,81.0,under way using engine,190.0,30.0,10.1,81.0
352002140,2026-09-12T06:55:00Z,37.827026,16.071837,13.9,330.6,330,PACIFIC TITAN,IMO9825916,CALL140,82.0,under way using engine,182.0,32.0,9.5,82.0
636015522,2026-09-12T06:55:00Z,31.901874,17.899898,9.6,179.2,180,SEA STAR,IMO9930116,CALL522,37.0,under way using engine,42.0,9.0,2.5,37.0
636018992,2026-09-12T06:55:00Z,37.557636,20.937608,13.7,38.2,38,ATLANTIC CARRIER,IMO9348123,D5XY8,80.0,under way using engine,274.0,48.0,12.4,80.0
239100450,2026-09-12T07:00:00Z,36.589889,21.493688,12.1,45.3,45,BLUE HORIZON,IMO9515623,CALL450,70.0,under way using engine,225.0,32.0,11.8,70.0
240889000,2026-09-12T07:00:00Z,32.621699,23.900634,18.3,115.7,115,AEGEAN BREEZE,IMO9630126,CALL0,71.0,under way using engine,294.0,40.0,13.0,71.0
247000999,2026-09-12T07:00:00Z,39.06667,20.663186,16.2,19.3,20,COASTAL DEFENDER,IMO9251448,CALL999,55.0,under way using engine,65.0,11.0,3.8,55.0
247120300,2026-09-12T07:00:00Z,33.588891,10.896686,21.8,259.5,260,MED EXPRESS,IMO9899484,CALL300,60.0,under way using engine,145.0,24.0,6.2,60.0
255806000,2026-09-12T07:00:00Z,35.726391,22.649017,14.9,70.2,70,GLOBAL TRADER,IMO9619419,CALL0,79.0,under way using engine,260.0,36.0,12.5,79.0
311000888,2026-09-12T07:00:00Z,31.731123,16.128592,13.0,209.5,210,NORTHERN LIGHT,IMO9610898,CALL888,81.0,under way using engine,190.0,30.0,10.1,81.0
352002140,2026-09-12T07:00:00Z,37.843703,16.059656,13.8,329.3,330,PACIFIC TITAN,IMO9393992,CALL140,82.0,under way using engine,182.0,32.0,9.5,82.0
636015522,2026-09-12T07:00:00Z,31.888671,17.900202,9.4,180.3,180,SEA STAR,IMO9312149,CALL522,37.0,under way using engine,42.0,9.0,2.5,37.0
636018992,2026-09-12T07:00:00Z,37.572413,20.952544,13.3,37.9,38,ATLANTIC CARRIER,IMO9348123,D5XY8,80.0,under way using engine,274.0,48.0,12.4,80.0
239100450,2026-09-12T07:05:00Z,36.601437,21.508462,11.8,44.4,45,BLUE HORIZON,IMO9520085,CALL450,70.0,under way using engine,225.0,32.0,11.8,70.0
240889000,2026-09-12T07:05:00Z,32.610842,23.928153,18.6,114.3,115,AEGEAN BREEZE,IMO9615530,CALL0,71.0,under way using engine,294.0,40.0,13.0,71.0
247000999,2026-09-12T07:05:00Z,39.087239,20.672904,15.9,20.1,20,COASTAL DEFENDER,IMO9828082,CALL999,55.0,under way using engine,65.0,11.0,3.8,55.0
247120300,2026-09-12T07:05:00Z,33.583908,10.860161,22.0,260.2,260,MED EXPRESS,IMO9725329,CALL300,60.0,under way using engine,145.0,24.0,6.2,60.0
255806000,2026-09-12T07:05:00Z,35.73368,22.673252,15.0,69.6,70,GLOBAL TRADER,IMO9497753,CALL0,79.0,under way using engine,260.0,36.0,12.5,79.0
311000888,2026-09-12T07:05:00Z,31.715346,16.117936,13.0,210.6,210,NORTHERN LIGHT,IMO9854955,CALL888,81.0,under way using engine,190.0,30.0,10.1,81.0
352002140,2026-09-12T07:05:00Z,37.860595,16.047339,13.8,330.7,330,PACIFIC TITAN,IMO9429761,CALL140,82.0,under way using engine,182.0,32.0,9.5,82.0
636015522,2026-09-12T07:05:00Z,31.875422,17.900259,9.7,180.5,180,SEA STAR,IMO9422316,CALL522,37.0,under way using engine,42.0,9.0,2.5,37.0
636018992,2026-09-12T07:05:00Z,37.587175,20.966825,13.2,38.6,38,ATLANTIC CARRIER,IMO9348123,D5XY8,80.0,under way using engine,274.0,48.0,12.4,80.0
239100450,2026-09-12T07:10:00Z,36.61332,21.522521,12.1,45.6,45,BLUE HORIZON,IMO9276919,CALL450,70.0,under way using engine,225.0,32.0,11.8,70.0
240889000,2026-09-12T07:10:00Z,32.599666,23.956294,18.4,115.0,115,AEGEAN BREEZE,IMO9677236,CALL0,71.0,under way using engine,294.0,40.0,13.0,71.0
247000999,2026-09-12T07:10:00Z,39.107875,20.682953,16.2,19.6,20,COASTAL DEFENDER,IMO9148439,CALL999,55.0,under way using engine,65.0,11.0,3.8,55.0
247120300,2026-09-12T07:10:00Z,33.578354,10.824334,21.9,260.3,260,MED EXPRESS,IMO9599753,CALL300,60.0,under way using engine,145.0,24.0,6.2,60.0
255806000,2026-09-12T07:10:00Z,35.740703,22.697563,14.8,69.7,70,GLOBAL TRADER,IMO9667855,CALL0,79.0,under way using engine,260.0,36.0,12.5,79.0
311000888,2026-09-12T07:10:00Z,31.699963,16.10707,12.9,210.5,210,NORTHERN LIGHT,IMO9744259,CALL888,81.0,under way using engine,190.0,30.0,10.1,81.0
352002140,2026-09-12T07:10:00Z,37.877381,16.03519,13.9,330.5,330,PACIFIC TITAN,IMO9960778,CALL140,82.0,under way using engine,182.0,32.0,9.5,82.0
636015522,2026-09-12T07:10:00Z,31.86194,17.900101,9.3,180.3,180,SEA STAR,IMO9757966,CALL522,37.0,under way using engine,42.0,9.0,2.5,37.0
636018992,2026-09-12T07:10:00Z,37.602215,20.981068,13.3,37.9,38,ATLANTIC CARRIER,IMO9348123,D5XY8,80.0,under way using engine,274.0,48.0,12.4,80.0
239100450,2026-09-12T07:15:00Z,36.625804,21.537946,11.9,45.2,45,BLUE HORIZON,IMO9523927,CALL450,70.0,under way using engine,225.0,32.0,11.8,70.0
240889000,2026-09-12T07:15:00Z,32.588746,23.983631,18.4,114.9,115,AEGEAN BREEZE,IMO9940183,CALL0,71.0,under way using engine,294.0,40.0,13.0,71.0
247000999,2026-09-12T07:15:00Z,39.128992,20.692284,16.1,19.7,20,COASTAL DEFENDER,IMO9255783,CALL999,55.0,under way using engine,65.0,11.0,3.8,55.0
247120300,2026-09-12T07:15:00Z,33.573266,10.788167,22.0,260.2,260,MED EXPRESS,IMO9292913,CALL300,60.0,under way using engine,145.0,24.0,6.2,60.0
255806000,2026-09-12T07:15:00Z,35.74779,22.721041,15.2,70.4,70,GLOBAL TRADER,IMO9452550,CALL0,79.0,under way using engine,260.0,36.0,12.5,79.0
311000888,2026-09-12T07:15:00Z,31.684069,16.096062,12.9,209.9,210,NORTHERN LIGHT,IMO9383894,CALL888,81.0,under way using engine,190.0,30.0,10.1,81.0
352002140,2026-09-12T07:15:00Z,37.894038,16.022907,13.9,329.6,330,PACIFIC TITAN,IMO9975194,CALL140,82.0,under way using engine,182.0,32.0,9.5,82.0
636015522,2026-09-12T07:15:00Z,31.848748,17.899989,9.3,180.1,180,SEA STAR,IMO9207548,CALL522,37.0,under way using engine,42.0,9.0,2.5,37.0
636018992,2026-09-12T07:15:00Z,37.616611,20.996037,13.6,37.8,38,ATLANTIC CARRIER,IMO9348123,D5XY8,80.0,under way using engine,274.0,48.0,12.4,80.0
239100450,2026-09-12T07:20:00Z,36.637376,21.55269,12.1,44.6,45,BLUE HORIZON,IMO9848152,CALL450,70.0,under way using engine,225.0,32.0,11.8,70.0
240889000,2026-09-12T07:20:00Z,32.577925,24.011406,18.5,114.7,115,AEGEAN BREEZE,IMO9621533,CALL0,71.0,under way using engine,294.0,40.0,13.0,71.0
247000999,2026-09-12T07:20:00Z,39.149844,20.702399,16.1,20.6,20,COASTAL DEFENDER,IMO9992865,CALL999,55.0,under way using engine,65.0,11.0,3.8,55.0
247120300,2026-09-12T07:20:00Z,33.567836,10.751542,21.9,259.5,260,MED EXPRESS,IMO9133795,CALL300,60.0,under way using engine,145.0,24.0,6.2,60.0
255806000,2026-09-12T07:20:00Z,35.75527,22.74545,15.1,70.1,70,GLOBAL TRADER,IMO9894036,CALL0,79.0,under way using engine,260.0,36.0,12.5,79.0
311000888,2026-09-12T07:20:00Z,31.668269,16.086081,13.0,210.0,210,NORTHERN LIGHT,IMO9776624,CALL888,81.0,under way using engine,190.0,30.0,10.1,81.0
352002140,2026-09-12T07:20:00Z,37.911136,16.010296,14.0,329.8,330,PACIFIC TITAN,IMO9875679,CALL140,82.0,under way using engine,182.0,32.0,9.5,82.0
636015522,2026-09-12T07:20:00Z,31.8352,17.899972,9.4,180.7,180,SEA STAR,IMO9125166,CALL522,37.0,under way using engine,42.0,9.0,2.5,37.0
636018992,2026-09-12T07:20:00Z,37.631552,21.010781,13.3,37.8,38,ATLANTIC CARRIER,IMO9348123,D5XY8,80.0,under way using engine,274.0,48.0,12.4,80.0
239100450,2026-09-12T07:25:00Z,36.648927,21.566852,12.1,45.5,45,BLUE HORIZON,IMO9519677,CALL450,70.0,under way using engine,225.0,32.0,11.8,70.0
240889000,2026-09-12T07:25:00Z,32.56713,24.039057,18.5,114.3,115,AEGEAN BREEZE,IMO9675771,CALL0,71.0,under way using engine,294.0,40.0,13.0,71.0
247000999,2026-09-12T07:25:00Z,39.170515,20.712121,16.0,20.4,20,COASTAL DEFENDER,IMO9922781,CALL999,55.0,under way using engine,65.0,11.0,3.8,55.0
247120300,2026-09-12T07:25:00Z,33.561943,10.715866,22.2,260.7,260,MED EXPRESS,IMO9333365,CALL300,60.0,under way using engine,145.0,24.0,6.2,60.0
255806000,2026-09-12T07:25:00Z,35.762335,22.769854,15.0,70.6,70,GLOBAL TRADER,IMO9920628,CALL0,79.0,under way using engine,260.0,36.0,12.5,79.0
311000888,2026-09-12T07:25:00Z,31.652617,16.07585,12.9,209.6,210,NORTHERN LIGHT,IMO9688528,CALL888,81.0,under way using engine,190.0,30.0,10.1,81.0
352002140,2026-09-12T07:25:00Z,37.928199,15.998678,14.1,330.0,330,PACIFIC TITAN,IMO9462659,CALL140,82.0,under way using engine,182.0,32.0,9.5,82.0
636015522,2026-09-12T07:25:00Z,31.8224,17.900195,9.4,179.7,180,SEA STAR,IMO9817663,CALL522,37.0,under way using engine,42.0,9.0,2.5,37.0
636018992,2026-09-12T07:25:00Z,37.646197,21.02499,13.5,38.1,38,ATLANTIC CARRIER,IMO9348123,D5XY8,80.0,under way using engine,274.0,48.0,12.4,80.0
239100450,2026-09-12T07:30:00Z,36.660514,21.58205,12.2,45.8,45,BLUE HORIZON,IMO9636256,CALL450,70.0,under way using engine,225.0,32.0,11.8,70.0
240889000,2026-09-12T07:30:00Z,32.556348,24.066742,18.5,115.2,115,AEGEAN BREEZE,IMO9419394,CALL0,71.0,under way using engine,294.0,40.0,13.0,71.0
247000999,2026-09-12T07:30:00Z,39.191394,20.721985,15.8,20.0,20,COASTAL DEFENDER,IMO9887803,CALL999,55.0,under way using engine,65.0,11.0,3.8,55.0
247120300,2026-09-12T07:30:00Z,33.557045,10.678839,22.1,259.3,260,MED EXPRESS,IMO9560623,CALL300,60.0,under way using engine,145.0,24.0,6.2,60.0
255806000,2026-09-12T07:30:00Z,35.769108,22.793624,14.8,69.4,70,GLOBAL TRADER,IMO9506963,CALL0,79.0,under way using engine,260.0,36.0,12.5,79.0
311000888,2026-09-12T07:30:00Z,31.636807,16.064856,12.8,210.4,210,NORTHERN LIGHT,IMO9291029,CALL888,81.0,under way using engine,190.0,30.0,10.1,81.0
352002140,2026-09-12T07:30:00Z,37.944878,15.985963,14.1,329.7,330,PACIFIC TITAN,IMO9906360,CALL140,82.0,under way using engine,182.0,32.0,9.5,82.0
636015522,2026-09-12T07:30:00Z,31.808851,17.900275,9.6,179.4,180,SEA STAR,IMO9277795,CALL522,37.0,under way using engine,42.0,9.0,2.5,37.0
636018992,2026-09-12T07:30:00Z,37.661302,21.039549,13.8,38.3,38,ATLANTIC CARRIER,IMO9348123,D5XY8,80.0,under way using engine,274.0,48.0,12.4,80.0
239100450,2026-09-12T07:35:00Z,36.672434,21.596853,11.8,44.6,45,BLUE HORIZON,IMO9621429,CALL450,70.0,under way using engine,225.0,32.0,11.8,70.0
240889000,2026-09-12T07:35:00Z,32.545588,24.094222,18.6,114.9,115,AEGEAN BREEZE,IMO9457411,CALL0,71.0,under way using engine,294.0,40.0,13.0,71.0
247000999,2026-09-12T07:35:00Z,39.212835,20.731506,15.9,20.0,20,COASTAL DEFENDER,IMO9287693,CALL999,55.0,under way using engine,65.0,11.0,3.8,55.0
247120300,2026-09-12T07:35:00Z,33.551917,10.643119,21.9,259.9,260,MED EXPRESS,IMO9358771,CALL300,60.0,under way using engine,145.0,24.0,6.2,60.0
255806000,2026-09-12T07:35:00Z,35.776728,22.817961,14.9,70.8,70,GLOBAL TRADER,IMO9660737,CALL0,79.0,under way using engine,260.0,36.0,12.5,79.0
311000888,2026-09-12T07:35:00Z,31.621259,16.054271,13.2,210.0,210,NORTHERN LIGHT,IMO9271055,CALL888,81.0,under way using engine,190.0,30.0,10.1,81.0
352002140,2026-09-12T07:35:00Z,37.96133,15.973388,14.2,329.7,330,PACIFIC TITAN,IMO9764926,CALL140,82.0,under way using engine,182.0,32.0,9.5,82.0
636015522,2026-09-12T07:35:00Z,31.796096,17.899992,9.7,179.7,180,SEA STAR,IMO9179995,CALL522,37.0,under way using engine,42.0,9.0,2.5,37.0
636018992,2026-09-12T07:35:00Z,37.675886,21.054398,13.6,38.5,38,ATLANTIC CARRIER,IMO9348123,D5XY8,80.0,under way using engine,274.0,48.0,12.4,80.0
239100450,2026-09-12T07:40:00Z,36.684351,21.611692,11.8,45.4,45,BLUE HORIZON,IMO9970645,CALL450,70.0,under way using engine,225.0,32.0,11.8,70.0
240889000,2026-09-12T07:40:00Z,32.534476,24.122077,18.4,114.9,115,AEGEAN BREEZE,IMO9687360,CALL0,71.0,under way using engine,294.0,40.0,13.0,71.0
247000999,2026-09-12T07:40:00Z,39.233409,20.741707,16.1,20.3,20,COASTAL DEFENDER,IMO9618827,CALL999,55.0,under way using engine,65.0,11.0,3.8,55.0
247120300,2026-09-12T07:40:00Z,33.546139,10.607302,22.0,260.5,260,MED EXPRESS,IMO9855185,CALL300,60.0,under way using engine,145.0,24.0,6.2,60.0
255806000,2026-09-12T07:40:00Z,35.783163,22.842309,15.0,70.0,70,GLOBAL TRADER,IMO9270444,CALL0,79.0,under way using engine,260.0,36.0,12.5,79.0
311000888,2026-09-12T07:40:00Z,31.605926,16.04396,13.1,209.4,210,NORTHERN LIGHT,IMO9564727,CALL888,81.0,under way using engine,190.0,30.0,10.1,81.0
352002140,2026-09-12T07:40:00Z,37.978299,15.961853,14.0,329.8,330,PACIFIC TITAN,IMO9493663,CALL140,82.0,under way using engine,182.0,32.0,9.5,82.0
636015522,2026-09-12T07:40:00Z,31.78267,17.899933,9.7,180.7,180,SEA STAR,IMO9145452,CALL522,37.0,under way using engine,42.0,9.0,2.5,37.0
636018992,2026-09-12T07:40:00Z,37.690978,21.068813,13.5,38.8,38,ATLANTIC CARRIER,IMO9348123,D5XY8,80.0,under way using engine,274.0,48.0,12.4,80.0
239100450,2026-09-12T07:45:00Z,36.696365,21.626047,12.2,44.8,45,BLUE HORIZON,IMO9812197,CALL450,70.0,under way using engine,225.0,32.0,11.8,70.0
240889000,2026-09-12T07:45:00Z,32.523678,24.149394,18.6,114.8,115,AEGEAN BREEZE,IMO9574514,CALL0,71.0,under way using engine,294.0,40.0,13.0,71.0
247000999,2026-09-12T07:45:00Z,39.254138,20.751381,16.1,20.5,20,COASTAL DEFENDER,IMO9781298,CALL999,55.0,under way using engine,65.0,11.0,3.8,55.0
247120300,2026-09-12T07:45:00Z,33.541032,10.571265,22.1,260.2,260,MED EXPRESS,IMO9650744,CALL300,60.0,under way using engine,145.0,24.0,6.2,60.0
255806000,2026-09-12T07:45:00Z,35.790768,22.866348,15.2,69.6,70,GLOBAL TRADER,IMO9115920,CALL0,79.0,under way using engine,260.0,36.0,12.5,79.0
311000888,2026-09-12T07:45:00Z,31.589959,16.03331,13.1,209.5,210,NORTHERN LIGHT,IMO9213992,CALL888,81.0,under way using engine,190.0,30.0,10.1,81.0
352002140,2026-09-12T07:45:00Z,37.994974,15.949026,14.1,329.3,330,PACIFIC TITAN,IMO9748665,CALL140,82.0,under way using engine,182.0,32.0,9.5,82.0
636015522,2026-09-12T07:45:00Z,31.769437,17.899924,9.5,180.2,180,SEA STAR,IMO9812437,CALL522,37.0,under way using engine,42.0,9.0,2.5,37.0
636018992,2026-09-12T07:45:00Z,37.705428,21.08367,13.6,37.7,38,ATLANTIC CARRIER,IMO9348123,D5XY8,80.0,under way using engine,274.0,48.0,12.4,80.0
239100450,2026-09-12T07:50:00Z,36.70781,21.640779,12.0,45.4,45,BLUE HORIZON,IMO9793193,CALL450,70.0,under way using engine,225.0,32.0,11.8,70.0
240889000,2026-09-12T07:50:00Z,32.513033,24.177518,18.4,114.7,115,AEGEAN BREEZE,IMO9970196,CALL0,71.0,under way using engine,294.0,40.0,13.0,71.0
247000999,2026-09-12T07:50:00Z,39.27544,20.761178,15.9,20.6,20,COASTAL DEFENDER,IMO9515131,CALL999,55.0,under way using engine,65.0,11.0,3.8,55.0
247120300,2026-09-12T07:50:00Z,33.53563,10.534632,21.8,259.4,260,MED EXPRESS,IMO9579094,CALL300,60.0,under way using engine,145.0,24.0,6.2,60.0
255806000,2026-09-12T07:50:00Z,35.797625,22.890857,14.9,70.8,70,GLOBAL TRADER,IMO9908807,CALL0,79.0,under way using engine,260.0,36.0,12.5,79.0
311000888,2026-09-12T07:50:00Z,31.574484,16.022319,13.0,209.7,210,NORTHERN LIGHT,IMO9656164,CALL888,81.0,under way using engine,190.0,30.0,10.1,81.0
352002140,2026-09-12T07:50:00Z,38.012064,15.936709,13.8,329.6,330,PACIFIC TITAN,IMO9498458,CALL140,82.0,under way using engine,182.0,32.0,9.5,82.0
636015522,2026-09-12T07:50:00Z,31.75595,17.900191,9.6,180.2,180,SEA STAR,IMO9400947,CALL522,37.0,under way using engine,42.0,9.0,2.5,37.0
636018992,2026-09-12T07:50:00Z,37.720118,21.097704,13.6,38.4,38,ATLANTIC CARRIER,IMO9348123,D5XY8,80.0,under way using engine,274.0,48.0,12.4,80.0
239100450,2026-09-12T07:55:00Z,36.71969,21.654995,12.1,44.5,45,BLUE HORIZON,IMO9794255,CALL450,70.0,under way using engine,225.0,32.0,11.8,70.0
240889000,2026-09-12T07:55:00Z,32.501668,24.20466,18.5,114.8,115,AEGEAN BREEZE,IMO9211486,CALL0,71.0,under way using engine,294.0,40.0,13.0,71.0
247000999,2026-09-12T07:55:00Z,39.296249,20.771162,16.0,19.5,20,COASTAL DEFENDER,IMO9983353,CALL999,55.0,under way using engine,65.0,11.0,3.8,55.0
247120300,2026-09-12T07:55:00Z,33.530542,10.498688,22.2,260.0,260,MED EXPRESS,IMO9514828,CALL300,60.0,under way using engine,145.0,24.0,6.2,60.0
255806000,2026-09-12T07:55:00Z,35.804641,22.91467,15.0,70.2,70,GLOBAL TRADER,IMO9479264,CALL0,79.0,under way using engine,260.0,36.0,12.5,79.0
311000888,2026-09-12T07:55:00Z,31.558521,16.011914,13.2,209.5,210,NORTHERN LIGHT,IMO9804524,CALL888,81.0,under way using engine,190.0,30.0,10.1,81.0
352002140,2026-09-12T07:55:00Z,38.028896,15.92395,14.1,329.7,330,PACIFIC TITAN,IMO9211726,CALL140,82.0,under way using engine,182.0,32.0,9.5,82.0
636015522,2026-09-12T07:55:00Z,31.743064,17.900076,9.7,180.3,180,SEA STAR,IMO9378293,CALL522,37.0,under way using engine,42.0,9.0,2.5,37.0
636018992,2026-09-12T07:55:00Z,37.734885,21.11219,13.6,38.8,38,ATLANTIC CARRIER,IMO9348123,D5XY8,80.0,under way using engine,274.0,48.0,12.4,80.0
239100450,2026-09-12T08:00:00Z,36.731248,21.67005,12.0,45.5,45,BLUE HORIZON,IMO9666785,CALL450,70.0,under way using engine,225.0,32.0,11.8,70.0
240889000,2026-09-12T08:00:00Z,32.491151,24.232587,18.4,115.3,115,AEGEAN BREEZE,IMO9856609,CALL0,71.0,under way using engine,294.0,40.0,13.0,71.0
247000999,2026-09-12T08:00:00Z,39.316934,20.780949,15.9,19.3,20,COASTAL DEFENDER,IMO9566097,CALL999,55.0,under way using engine,65.0,11.0,3.8,55.0
247120300,2026-09-12T08:00:00Z,33.52526,10.462603,22.0,260.4,260,MED EXPRESS,IMO9151690,CALL300,60.0,under way using engine,145.0,24.0,6.2,60.0
255806000,2026-09-12T08:00:00Z,35.811932,22.93903,15.1,70.4,70,GLOBAL TRADER,IMO9112938,CALL0,79.0,under way using engine,260.0,36.0,12.5,79.0
311000888,2026-09-12T08:00:00Z,31.543232,16.001362,13.1,210.5,210,NORTHERN LIGHT,IMO9993761,CALL888,81.0,under way using engine,190.0,30.0,10.1,81.0
352002140,2026-09-12T08:00:00Z,38.046223,15.912144,14.0,330.4,330,PACIFIC TITAN,IMO9207197,CALL140,82.0,under way using engine,182.0,32.0,9.5,82.0
636015522,2026-09-12T08:00:00Z,31.730027,17.899707,9.3,179.2,180,SEA STAR,IMO9255863,CALL522,37.0,under way using engine,42.0,9.0,2.5,37.0
636018992,2026-09-12T08:00:00Z,37.749778,21.126974,13.5,38.2,38,ATLANTIC CARRIER,IMO9348123,D5XY8,80.0,under way using engine,274.0,48.0,12.4,80.0
239100450,2026-09-12T08:05:00Z,36.74281,21.684617,11.8,44.9,45,BLUE HORIZON,IMO9224921,CALL450,70.0,under way using engine,225.0,32.0,11.8,70.0
240889000,2026-09-12T08:05:00Z,32.480037,24.260259,18.4,114.4,115,AEGEAN BREEZE,IMO9993590,CALL0,71.0,under way using engine,294.0,40.0,13.0,71.0
247000999,2026-09-12T08:05:00Z,39.337873,20.790568,15.8,20.0,20,COASTAL DEFENDER,IMO9452713,CALL999,55.0,under way using engine,65.0,11.0,3.8,55.0
247120300,2026-09-12T08:05:00Z,33.519971,10.426679,22.2,260.4,260,MED EXPRESS,IMO9399803,CALL300,60.0,under way using engine,145.0,24.0,6.2,60.0
255806000,2026-09-12T08:05:00Z,35.819267,22.963225,14.9,69.6,70,GLOBAL TRADER,IMO9287469,CALL0,79.0,under way using engine,260.0,36.0,12.5,79.0
311000888,2026-09-12T08:05:00Z,31.527674,15.990919,12.9,210.0,210,NORTHERN LIGHT,IMO9596789,CALL888,81.0,under way using engine,190.0,30.0,10.1,81.0
352002140,2026-09-12T08:05:00Z,38.062765,15.899635,14.0,330.1,330,PACIFIC TITAN,IMO9527865,CALL140,82.0,under way using engine,182.0,32.0,9.5,82.0
636015522,2026-09-12T08:05:00Z,31.716721,17.899889,9.4,179.9,180,SEA STAR,IMO9935558,CALL522,37.0,under way using engine,42.0,9.0,2.5,37.0
636018992,2026-09-12T08:05:00Z,37.764664,21.141627,13.4,38.5,38,ATLANTIC CARRIER,IMO9348123,D5XY8,80.0,under way using engine,274.0,48.0,12.4,80.0
239100450,2026-09-12T08:10:00Z,36.754951,21.699591,12.0,44.9,45,BLUE HORIZON,IMO9134455,CALL450,70.0,under way using engine,225.0,32.0,11.8,70.0
240889000,2026-09-12T08:10:00Z,32.469122,24.287934,18.6,115.3,115,AEGEAN BREEZE,IMO9213000,CALL0,71.0,under way using engine,294.0,40.0,13.0,71.0
247000999,2026-09-12T08:10:00Z,39.358721,20.800504,16.0,20.5,20,COASTAL DEFENDER,IMO9432420,CALL999,55.0,under way using engine,65.0,11.0,3.8,55.0
247120300,2026-09-12T08:10:00Z,33.514377,10.390401,22.0,259.3,260,MED EXPRESS,IMO9642081,CALL300,60.0,under way using engine,145.0,24.0,6.2,60.0
255806000,2026-09-12T08:10:00Z,35.826181,22.98722,14.8,69.3,70,GLOBAL TRADER,IMO9476149,CALL0,79.0,under way using engine,260.0,36.0,12.5,79.0
311000888,2026-09-12T08:10:00Z,31.511658,15.979792,13.1,209.6,210,NORTHERN LIGHT,IMO9375623,CALL888,81.0,under way using engine,190.0,30.0,10.1,81.0
352002140,2026-09-12T08:10:00Z,38.079605,15.887246,14.0,330.2,330,PACIFIC TITAN,IMO9922543,CALL140,82.0,under way using engine,182.0,32.0,9.5,82.0
636015522,2026-09-12T08:10:00Z,31.703543,17.899777,9.3,180.1,180,SEA STAR,IMO9862008,CALL522,37.0,under way using engine,42.0,9.0,2.5,37.0
636018992,2026-09-12T08:10:00Z,37.779512,21.156413,13.5,38.9,38,ATLANTIC CARRIER,IMO9348123,D5XY8,80.0,under way using engine,274.0,48.0,12.4,80.0
239100450,2026-09-12T08:15:00Z,36.767009,21.714455,12.1,45.6,45,BLUE HORIZON,IMO9272117,CALL450,70.0,under way using engine,225.0,32.0,11.8,70.0
240889000,2026-09-12T08:15:00Z,32.458427,24.31535,18.6,115.3,115,AEGEAN BREEZE,IMO9229204,CALL0,71.0,under way using engine,294.0,40.0,13.0,71.0
247000999,2026-09-12T08:15:00Z,39.379819,20.81027,16.0,19.6,20,COASTAL DEFENDER,IMO9179574,CALL999,55.0,under way using engine,65.0,11.0,3.8,55.0
247120300,2026-09-12T08:15:00Z,33.509452,10.354099,22.1,259.3,260,MED EXPRESS,IMO9624977,CALL300,60.0,under way using engine,145.0,24.0,6.2,60.0
255806000,2026-09-12T08:15:00Z,35.832966,23.011422,14.9,69.3,70,GLOBAL TRADER,IMO9183410,CALL0,79.0,under way using engine,260.0,36.0,12.5,79.0
311000888,2026-09-12T08:15:00Z,31.495818,15.969561,12.9,209.4,210,NORTHERN LIGHT,IMO9449933,CALL888,81.0,under way using engine,190.0,30.0,10.1,81.0
352002140,2026-09-12T08:15:00Z,38.096305,15.87502,13.9,329.8,330,PACIFIC TITAN,IMO9188813,CALL140,82.0,under way using engine,182.0,32.0,9.5,82.0
636015522,2026-09-12T08:15:00Z,31.690268,17.900086,9.7,179.5,180,SEA STAR,IMO9503720,CALL522,37.0,under way using engine,42.0,9.0,2.5,37.0
636018992,2026-09-12T08:15:00Z,37.793821,21.17084,13.7,37.5,38,ATLANTIC CARRIER,IMO9348123,D5XY8,80.0,under way using engine,274.0,48.0,12.4,80.0
239100450,2026-09-12T08:20:00Z,36.778569,21.728917,12.1,45.0,45,BLUE HORIZON,IMO9214695,CALL450,70.0,under way using engine,225.0,32.0,11.8,70.0
240889000,2026-09-12T08:20:00Z,32.447584,24.342808,18.6,115.7,115,AEGEAN BREEZE,IMO9241176,CALL0,71.0,under way using engine,294.0,40.0,13.0,71.0
247000999,2026-09-12T08:20:00Z,39.400678,20.820114,16.1,20.0,20,COASTAL DEFENDER,IMO9774920,CALL999,55.0,under way using engine,65.0,11.0,3.8,55.0
247120300,2026-09-12T08:20:00Z,33.50422,10.318329,22.2,260.3,260,MED EXPRESS,IMO9241879,CALL300,60.0,under way using engine,145.0,24.0,6.2,60.0
255806000,2026-09-12T08:20:00Z,35.840437,23.035814,14.9,69.3,70,GLOBAL TRADER,IMO9288538,CALL0,79.0,under way using engine,260.0,36.0,12.5,79.0
311000888,2026-09-12T08:20:00Z,31.480497,15.958533,12.9,209.7,210,NORTHERN LIGHT,IMO9690648,CALL888,81.0,under way using engine,190.0,30.0,10.1,81.0
352002140,2026-09-12T08:20:00Z,38.113211,15.862238,14.2,329.6,330,PACIFIC TITAN,IMO9646417,CALL140,82.0,under way using engine,182.0,32.0,9.5,82.0
636015522,2026-09-12T08:20:00Z,31.676935,17.900187,9.5,180.8,180,SEA STAR,IMO9730973,CALL522,37.0,under way using engine,42.0,9.0,2.5,37.0
636018992,2026-09-12T08:20:00Z,37.80915,21.185332,13.7,38.5,38,ATLANTIC CARRIER,IMO9348123,D5XY8,80.0,under way using engine,274.0,48.0,12.4,80.0
239100450,2026-09-12T08:25:00Z,36.790263,21.743535,12.0,45.1,45,BLUE HORIZON,IMO9592640,CALL450,70.0,under way using engine,225.0,32.0,11.8,70.0
240889000,2026-09-12T08:25:00Z,32.436701,24.37063,18.6,115.1,115,AEGEAN BREEZE,IMO9553834,CALL0,71.0,under way using engine,294.0,40.0,13.0,71.0
247000999,2026-09-12T08:25:00Z,39.421777,20.829952,15.9,19.4,20,COASTAL DEFENDER,IMO9477735,CALL999,55.0,under way using engine,65.0,11.0,3.8,55.0
247120300,2026-09-12T08:25:00Z,33.498507,10.282092,21.8,259.9,260,MED EXPRESS,IMO9847251,CALL300,60.0,under way using engine,145.0,24.0,6.2,60.0
255806000,2026-09-12T08:25:00Z,35.847597,23.060066,14.9,70.0,70,GLOBAL TRADER,IMO9338466,CALL0,79.0,under way using engine,260.0,36.0,12.5,79.0
311000888,2026-09-12T08:25:00Z,31.464736,15.948449,13.1,209.8,210,NORTHERN LIGHT,IMO9528645,CALL888,81.0,under way using engine,190.0,30.0,10.1,81.0
352002140,2026-09-12T08:25:00Z,38.130204,15.850308,13.9,329.7,330,PACIFIC TITAN,IMO9617077,CALL140,82.0,under way using engine,182.0,32.0,9.5,82.0
636015522,2026-09-12T08:25:00Z,31.663915,17.899827,9.6,180.2,180,SEA STAR,IMO9357853,CALL522,37.0,under way using engine,42.0,9.0,2.5,37.0
636018992,2026-09-12T08:25:00Z,37.823785,21.200233,13.8,37.3,38,ATLANTIC CARRIER,IMO9348123,D5XY8,80.0,under way using engine,274.0,48.0,12.4,80.0
239100450,2026-09-12T08:30:00Z,36.801884,21.758415,12.0,44.8,45,BLUE HORIZON,IMO9618721,CALL450,70.0,under way using engine,225.0,32.0,11.8,70.0
240889000,2026-09-12T08:30:00Z,32.425934,24.398045,18.5,115.7,115,AEGEAN BREEZE,IMO9285810,CALL0,71.0,under way using engine,294.0,40.0,13.0,71.0
247000999,2026-09-12T08:30:00Z,39.44267,20.839738,15.9,19.7,20,COASTAL DEFENDER,IMO9417420,CALL999,55.0,under way using engine,65.0,11.0,3.8,55.0
247120300,2026-09-12T08:30:00Z,33.493662,10.245611,21.8,259.7,260,MED EXPRESS,IMO9780081,CALL300,60.0,under way using engine,145.0,24.0,6.2,60.0
255806000,2026-09-12T08:30:00Z,35.854671,23.083805,15.0,69.3,70,GLOBAL TRADER,IMO9220005,CALL0,79.0,under way using engine,260.0,36.0,12.5,79.0
311000888,2026-09-12T08:30:00Z,31.449026,15.938024,13.2,210.4,210,NORTHERN LIGHT,IMO9120425,CALL888,81.0,under way using engine,190.0,30.0,10.1,81.0
352002140,2026-09-12T08:30:00Z,38.14704,15.837875,13.9,329.7,330,PACIFIC TITAN,IMO9920685,CALL140,82.0,under way using engine,182.0,32.0,9.5,82.0
636015522,2026-09-12T08:30:00Z,31.65047,17.900169,9.5,180.0,180,SEA STAR,IMO9662259,CALL522,37.0,under way using engine,42.0,9.0,2.5,37.0
636018992,2026-09-12T08:30:00Z,37.839017,21.214683,13.6,39.0,38,ATLANTIC CARRIER,IMO9348123,D5XY8,80.0,under way using engine,274.0,48.0,12.4,80.0
239100450,2026-09-12T08:35:00Z,36.813906,21.772977,12.1,45.4,45,BLUE HORIZON,IMO9398254,CALL450,70.0,under way using engine,225.0,32.0,11.8,70.0
240889000,2026-09-12T08:35:00Z,32.414898,24.425727,18.6,114.4,115,AEGEAN BREEZE,IMO9789461,CALL0,71.0,under way using engine,294.0,40.0,13.0,71.0
247000999,2026-09-12T08:35:00Z,39.463434,20.849197,16.1,19.5,20,COASTAL DEFENDER,IMO9733375,CALL999,55.0,under way using engine,65.0,11.0,3.8,55.0
247120300,2026-09-12T08:35:00Z,33.48832,10.20955,22.1,259.4,260,MED EXPRESS,IMO9219710,CALL300,60.0,under way using engine,145.0,24.0,6.2,60.0
255806000,2026-09-12T08:35:00Z,35.861809,23.107958,15.0,69.9,70,GLOBAL TRADER,IMO9432749,CALL0,79.0,under way using engine,260.0,36.0,12.5,79.0
311000888,2026-09-12T08:35:00Z,31.433648,15.927032,13.1,209.6,210,NORTHERN LIGHT,IMO9972993,CALL888,81.0,under way using engine,190.0,30.0,10.1,81.0
352002140,2026-09-12T08:35:00Z,38.163959,15.825489,13.9,330.2,330,PACIFIC TITAN,IMO9722651,CALL140,82.0,under way using engine,182.0,32.0,9.5,82.0
636015522,2026-09-12T08:35:00Z,31.637534,17.899822,9.5,179.9,180,SEA STAR,IMO9705947,CALL522,37.0,under way using engine,42.0,9.0,2.5,37.0
636018992,2026-09-12T08:35:00Z,37.853774,21.229311,13.4,38.6,38,ATLANTIC CARRIER,IMO9348123,D5XY8,80.0,under way using engine,274.0,48.0,12.4,80.0
239100450,2026-09-12T08:40:00Z,36.825847,21.787853,11.8,45.5,45,BLUE HORIZON,IMO9465823,CALL450,70.0,under way using engine,225.0,32.0,11.8,70.0
240889000,2026-09-12T08:40:00Z,32.403737,24.453197,18.5,114.8,115,AEGEAN BREEZE,IMO9738576,CALL0,71.0,under way using engine,294.0,40.0,13.0,71.0
247000999,2026-09-12T08:40:00Z,39.485067,20.859365,16.1,20.4,20,COASTAL DEFENDER,IMO9373820,CALL999,55.0,under way using engine,65.0,11.0,3.8,55.0
247120300,2026-09-12T08:40:00Z,33.482633,10.17336,21.8,260.3,260,MED EXPRESS,IMO9862182,CALL300,60.0,under way using engine,145.0,24.0,6.2,60.0
255806000,2026-09-12T08:40:00Z,35.869321,23.132324,14.8,70.3,70,GLOBAL TRADER,IMO9371638,CALL0,79.0,under way using engine,260.0,36.0,12.5,79.0
311000888,2026-09-12T08:40:00Z,31.417815,15.9167,13.1,209.7,210,NORTHERN LIGHT,IMO9687173,CALL888,81.0,under way using engine,190.0,30.0,10.1,81.0
352002140,2026-09-12T08:40:00Z,38.180517,15.812907,13.9,329.2,330,PACIFIC TITAN,IMO9514913,CALL140,82.0,under way using engine,182.0,32.0,9.5,82.0
636015522,2026-09-12T08:40:00Z,31.624301,17.89964,9.4,179.3,180,SEA STAR,IMO9479279,CALL522,37.0,under way using engine,42.0,9.0,2.5,37.0
636018992,2026-09-12T08:40:00Z,37.868458,21.244028,13.5,38.3,38,ATLANTIC CARRIER,IMO9348123,D5XY8,80.0,under way using engine,274.0,48.0,12.4,80.0
239100450,2026-09-12T08:45:00Z,36.837762,21.802294,12.1,45.2,45,BLUE HORIZON,IMO9499060,CALL450,70.0,under way using engine,225.0,32.0,11.8,70.0
240889000,2026-09-12T08:45:00Z,32.393493,24.480866,18.4,115.7,115,AEGEAN BREEZE,IMO9408463,CALL0,71.0,under way using engine,294.0,40.0,13.0,71.0
247000999,2026-09-12T08:45:00Z,39.505422,20.869221,16.1,20.5,20,COASTAL DEFENDER,IMO9523426,CALL999,55.0,under way using engine,65.0,11.0,3.8,55.0
247120300,2026-09-12T08:45:00Z,33.47746,10.13729,22.2,259.8,260,MED EXPRESS,IMO9499095,CALL300,60.0,under way using engine,145.0,24.0,6.2,60.0
255806000,2026-09-12T08:45:00Z,35.876183,23.156415,15.1,70.6,70,GLOBAL TRADER,IMO9666693,CALL0,79.0,under way using engine,260.0,36.0,12.5,79.0
311000888,2026-09-12T08:45:00Z,31.40226,15.90564,13.0,209.9,210,NORTHERN LIGHT,IMO9387271,CALL888,81.0,under way using engine,190.0,30.0,10.1,81.0
352002140,2026-09-12T08:45:00Z,38.197402,15.800932,14.1,329.7,330,PACIFIC TITAN,IMO9450996,CALL140,82.0,under way using engine,182.0,32.0,9.5,82.0
636015522,2026-09-12T08:45:00Z,31.61167,17.900012,9.3,180.1,180,SEA STAR,IMO9240082,CALL522,37.0,under way using engine,42.0,9.0,2.5,37.0
636018992,2026-09-12T08:45:00Z,37.882878,21.258397,13.7,38.9,38,ATLANTIC CARRIER,IMO9348123,D5XY8,80.0,under way using engine,274.0,48.0,12.4,80.0
239100450,2026-09-12T08:50:00Z,36.849614,21.817378,11.9,44.8,45,BLUE HORIZON,IMO9793360,CALL450,70.0,under way using engine,225.0,32.0,11.8,70.0
240889000,2026-09-12T08:50:00Z,32.382227,24.50866,18.5,115.3,115,AEGEAN BREEZE,IMO9884782,CALL0,71.0,under way using engine,294.0,40.0,13.0,71.0
247000999,2026-09-12T08:50:00Z,39.526509,20.878929,16.1,19.2,20,COASTAL DEFENDER,IMO9785864,CALL999,55.0,under way using engine,65.0,11.0,3.8,55.0
247120300,2026-09-12T08:50:00Z,33.472205,10.101445,21.9,260.6,260,MED EXPRESS,IMO9257380,CALL300,60.0,under way using engine,145.0,24.0,6.2,60.0
255806000,2026-09-12T08:50:00Z,35.883227,23.180337,14.9,69.3,70,GLOBAL TRADER,IMO9565371,CALL0,79.0,under way using engine,260.0,36.0,12.5,79.0
311000888,2026-09-12T08:50:00Z,31.386748,15.895513,12.9,210.0,210,NORTHERN LIGHT,IMO9856300,CALL888,81.0,under way using engine,190.0,30.0,10.1,81.0
352002140,2026-09-12T08:50:00Z,38.214059,15.788478,14.1,330.2,330,PACIFIC TITAN,IMO9415029,CALL140,82.0,under way using engine,182.0,32.0,9.5,82.0
636015522,2026-09-12T08:50:00Z,31.597884,17.899967,9.4,180.6,180,SEA STAR,IMO9916470,CALL522,37.0,under way using engine,42.0,9.0,2.5,37.0
636018992,2026-09-12T08:50:00Z,37.897907,21.27335,13.2,38.8,38,ATLANTIC CARRIER,IMO9348123,D5XY8,80.0,under way using engine,274.0,48.0,12.4,80.0
239100450,2026-09-12T08:55:00Z,36.861267,21.832154,11.9,44.3,45,BLUE HORIZON,IMO9821411,CALL450,70.0,under way using engine,225.0,32.0,11.8,70.0
240889000,2026-09-12T08:55:00Z,32.371075,24.536188,18.5,114.7,115,AEGEAN BREEZE,IMO9872610,CALL0,71.0,under way using engine,294.0,40.0,13.0,71.0
247000999,2026-09-12T08:55:00Z,39.546726,20.88887,15.9,19.8,20,COASTAL DEFENDER,IMO9337949,CALL999,55.0,under way using engine,65.0,11.0,3.8,55.0
247120300,2026-09-12T08:55:00Z,33.466834,10.065399,22.1,259.3,260,MED EXPRESS,IMO9423026,CALL300,60.0,under way using engine,145.0,24.0,6.2,60.0
255806000,2026-09-12T08:55:00Z,35.890475,23.204839,14.9,70.1,70,GLOBAL TRADER,IMO9969414,CALL0,79.0,under way using engine,260.0,36.0,12.5,79.0
311000888,2026-09-12T08:55:00Z,31.370567,15.884574,13.2,210.4,210,NORTHERN LIGHT,IMO9509010,CALL888,81.0,under way using engine,190.0,30.0,10.1,81.0
352002140,2026-09-12T08:55:00Z,38.231046,15.776388,13.9,329.7,330,PACIFIC TITAN,IMO9517584,CALL140,82.0,under way using engine,182.0,32.0,9.5,82.0
636015522,2026-09-12T08:55:00Z,31.584684,17.899848,9.4,180.6,180,SEA STAR,IMO9541531,CALL522,37.0,under way using engine,42.0,9.0,2.5,37.0
636018992,2026-09-12T08:55:00Z,37.912173,21.287721,13.3,37.1,38,ATLANTIC CARRIER,IMO9348123,D5XY8,80.0,under way using engine,274.0,48.0,12.4,80.0
239100450,2026-09-12T09:00:00Z,36.873215,21.846812,11.9,44.2,45,BLUE HORIZON,IMO9441958,CALL450,70.0,under way using engine,225.0,32.0,11.8,70.0
240889000,2026-09-12T09:00:00Z,32.360849,24.563692,18.4,115.2,115,AEGEAN BREEZE,IMO9404694,CALL0,71.0,under way using engine,294.0,40.0,13.0,71.0
247000999,2026-09-12T09:00:00Z,39.567945,20.898608,15.9,20.1,20,COASTAL DEFENDER,IMO9679459,CALL999,55.0,under way using engine,65.0,11.0,3.8,55.0
247120300,2026-09-12T09:00:00Z,33.461339,10.029518,22.0,260.2,260,MED EXPRESS,IMO9223264,CALL300,60.0,under way using engine,145.0,24.0,6.2,60.0
255806000,2026-09-12T09:00:00Z,35.897638,23.228787,15.1,70.6,70,GLOBAL TRADER,IMO9250029,CALL0,79.0,under way using engine,260.0,36.0,12.5,79.0
311000888,2026-09-12T09:00:00Z,31.355158,15.873869,13.0,209.6,210,NORTHERN LIGHT,IMO9736176,CALL888,81.0,under way using engine,190.0,30.0,10.1,81.0
352002140,2026-09-12T09:00:00Z,38.248275,15.763543,14.1,330.0,330,PACIFIC TITAN,IMO9703853,CALL140,82.0,under way using engine,182.0,32.0,9.5,82.0
636015522,2026-09-12T09:00:00Z,31.571423,17.900375,9.3,179.4,180,SEA STAR,IMO9829578,CALL522,37.0,under way using engine,42.0,9.0,2.5,37.0
636018992,2026-09-12T09:00:00Z,37.927572,21.302129,13.4,37.8,38,ATLANTIC CARRIER,IMO9348123,D5XY8,80.0,under way using engine,274.0,48.0,12.4,80.0
239100450,2026-09-12T09:05:00Z,36.885142,21.861551,12.0,45.0,45,BLUE HORIZON,IMO9541631,CALL450,70.0,under way using engine,225.0,32.0,11.8,70.0
240889000,2026-09-12T09:05:00Z,32.349543,24.590969,18.4,115.3,115,AEGEAN BREEZE,IMO9286450,CALL0,71.0,under way using engine,294.0,40.0,13.0,71.0
247000999,2026-09-12T09:05:00Z,39.588888,20.908272,16.0,20.5,20,COASTAL DEFENDER,IMO9428282,CALL999,55.0,under way using engine,65.0,11.0,3.8,55.0
247120300,2026-09-12T09:05:00Z,33.45656,9.992794,21.8,260.4,260,MED EXPRESS,IMO9112800,CALL300,60.0,under way using engine,145.0,24.0,6.2,60.0
255806000,2026-09-12T09:05:00Z,35.90495,23.253204,14.9,70.8,70,GLOBAL TRADER,IMO9783648,CALL0,79.0,under way using engine,260.0,36.0,12.5,79.0
311000888,2026-09-12T09:05:00Z,31.339611,15.863667,12.8,209.7,210,NORTHERN LIGHT,IMO9664024,CALL888,81.0,under way using engine,190.0,30.0,10.1,81.0
352002140,2026-09-12T09:05:00Z,38.265005,15.751025,13.9,330.5,330,PACIFIC TITAN,IMO9482746,CALL140,82.0,under way using engine,182.0,32.0,9.5,82.0
636015522,2026-09-12T09:05:00Z,31.558141,17.899813,9.3,180.7,180,SEA STAR,IMO9489739,CALL522,37.0,under way using engine,42.0,9.0,2.5,37.0
636018992,2026-09-12T09:05:00Z,37.942476,21.317529,13.4,38.0,38,ATLANTIC CARRIER,IMO9348123,D5XY8,80.0,under way using engine,274.0,48.0,12.4,80.0
239100450,2026-09-12T09:10:00Z,36.896623,21.876531,12.0,45.8,45,BLUE HORIZON,IMO9496086,CALL450,70.0,under way using engine,225.0,32.0,11.8,70.0
240889000,2026-09-12T09:10:00Z,32.338539,24.618956,18.4,114.4,115,AEGEAN BREEZE,IMO9469348,CALL0,71.0,under way using engine,294.0,40.0,13.0,71.0
247000999,2026-09-12T09:10:00Z,39.609897,20.91827,16.2,19.9,20,COASTAL DEFENDER,IMO9559990,CALL999,55.0,under way using engine,65.0,11.0,3.8,55.0
247120300,2026-09-12T09:10:00Z,33.45046,9.957097,22.0,259.2,260,MED EXPRESS,IMO9617437,CALL300,60.0,under way using engine,145.0,24.0,6.2,60.0
255806000,2026-09-12T09:10:00Z,35.911476,23.27769,14.9,69.2,70,GLOBAL TRADER,IMO9486192,CALL0,79.0,under way using engine,260.0,36.0,12.5,79.0
311000888,2026-09-12T09:10:00Z,31.323708,15.853466,12.8,209.4,210,NORTHERN LIGHT,IMO9886249,CALL888,81.0,under way using engine,190.0,30.0,10.1,81.0
352002140,2026-09-12T09:10:00Z,38.282022,15.738989,14.0,330.1,330,PACIFIC TITAN,IMO9814827,CALL140,82.0,under way using engine,182.0,32.0,9.5,82.0
636015522,2026-09-12T09:10:00Z,31.545077,17.900032,9.5,180.0,180,SEA STAR,IMO9722776,CALL522,37.0,under way using engine,42.0,9.0,2.5,37.0
636018992,2026-09-12T09:10:00Z,37.957301,21.332035,13.3,37.9,38,ATLANTIC CARRIER,IMO9348123,D5XY8,80.0,under way using engine,274.0,48.0,12.4,80.0
239100450,2026-09-12T09:15:00Z,36.908293,21.890892,11.8,45.0,45,BLUE HORIZON,IMO9824423,CALL450,70.0,under way using engine,225.0,32.0,11.8,70.0
240889000,2026-09-12T09:15:00Z,32.327732,24.646438,18.7,115.3,115,AEGEAN BREEZE,IMO9806995,CALL0,71.0,under way using engine,294.0,40.0,13.0,71.0
247000999,2026-09-12T09:15:00Z,39.630438,20.928378,15.9,20.1,20,COASTAL DEFENDER,IMO9234580,CALL999,55.0,under way using engine,65.0,11.0,3.8,55.0
247120300,2026-09-12T09:15:00Z,33.445549,9.921163,22.0,259.9,260,MED EXPRESS,IMO9183262,CALL300,60.0,under way using engine,145.0,24.0,6.2,60.0
255806000,2026-09-12T09:15:00Z,35.91939,23.301672,15.2,69.2,70,GLOBAL TRADER,IMO9738622,CALL0,79.0,under way using engine,260.0,36.0,12.5,79.0
311000888,2026-09-12T09:15:00Z,31.308856,15.842814,13.1,210.5,210,NORTHERN LIGHT,IMO9257726,CALL888,81.0,under way using engine,190.0,30.0,10.1,81.0
352002140,2026-09-12T09:15:00Z,38.29869,15.726391,14.1,330.7,330,PACIFIC TITAN,IMO9319832,CALL140,82.0,under way using engine,182.0,32.0,9.5,82.0
636015522,2026-09-12T09:15:00Z,31.531813,17.899964,9.4,179.3,180,SEA STAR,IMO9180808,CALL522,37.0,under way using engine,42.0,9.0,2.5,37.0
636018992,2026-09-12T09:15:00Z,37.971592,21.346147,13.8,37.8,38,ATLANTIC CARRIER,IMO9348123,D5XY8,80.0,under way using engine,274.0,48.0,12.4,80.0
239100450,2026-09-12T09:20:00Z,36.920168,21.905552,12.0,45.4,45,BLUE HORIZON,IMO9456032,CALL450,70.0,under way using engine,225.0,32.0,11.8,70.0
240889000,2026-09-12T09:20:00Z,32.317101,24.673726,18.4,115.6,115,AEGEAN BREEZE,IMO9947568,CALL0,71.0,under way using engine,294.0,40.0,13.0,71.0
247000999,2026-09-12T09:20:00Z,39.651474,20.938464,16.0,20.3,20,COASTAL DEFENDER,IMO9471890,CALL999,55.0,under way using engine,65.0,11.0,3.8,55.0
247120300,2026-09-12T09:20:00Z,33.440198,9.884788,22.2,259.6,260,MED EXPRESS,IMO9759172,CALL300,60.0,under way using engine,145.0,24.0,6.2,60.0
255806000,2026-09-12T09:20:00Z,35.926121,23.325907,15.1,70.4,70,GLOBAL TRADER,IMO9921524,CALL0,79.0,under way using engine,260.0,36.0,12.5,79.0
311000888,2026-09-12T09:20:00Z,31.29249,15.831862,13.0,209.9,210,NORTHERN LIGHT,IMO9443767,CALL888,81.0,under way using engine,190.0,30.0,10.1,81.0
352002140,2026-09-12T09:20:00Z,38.315389,15.714115,14.1,330.5,330,PACIFIC TITAN,IMO9934306,CALL140,82.0,under way using engine,182.0,32.0,9.5,82.0
636015522,2026-09-12T09:20:00Z,31.518947,17.90003,9.5,180.4,180,SEA STAR,IMO9592584,CALL522,37.0,under way using engine,42.0,9.0,2.5,37.0
636018992,2026-09-12T09:20:00Z,37.986535,21.360965,13.4,37.2,38,ATLANTIC CARRIER,IMO9348123,D5XY8,80.0,under way using engine,274.0,48.0,12.4,80.0
239100450,2026-09-12T09:25:00Z,36.932133,21.920607,12.2,44.5,45,BLUE HORIZON,IMO9766311,CALL450,70.0,under way using engine,225.0,32.0,11.8,70.0
240889000,2026-09-12T09:25:00Z,32.30633,24.701686,18.5,114.3,115,AEGEAN BREEZE,IMO9159354,CALL0,71.0,under way using engine,294.0,40.0,13.0,71.0
247000999,2026-09-12T09:25:00Z,39.672379,20.948193,16.1,19.8,20,COASTAL DEFENDER,IMO9916466,CALL999,55.0,under way using engine,65.0,11.0,3.8,55.0
247120300,2026-09-12T09:25:00Z,33.434556,9.848575,21.8,259.4,260,MED EXPRESS,IMO9785010,CALL300,60.0,under way using engine,145.0,24.0,6.2,60.0
255806000,2026-09-12T09:25:00Z,35.933052,23.349846,14.9,70.5,70,GLOBAL TRADER,IMO9134183,CALL0,79.0,under way using engine,260.0,36.0,12.5,79.0
311000888,2026-09-12T09:25:00Z,31.276753,15.821289,12.9,210.0,210,NORTHERN LIGHT,IMO9405575,CALL888,81.0,under way using engine,190.0,30.0,10.1,81.0
352002140,2026-09-12T09:25:00Z,38.332484,15.701378,13.9,329.7,330,PACIFIC TITAN,IMO9364955,CALL140,82.0,under way using engine,182.0,32.0,9.5,82.0
636015522,2026-09-12T09:25:00Z,31.505348,17.899668,9.6,179.7,180,SEA STAR,IMO9531512,CALL522,37.0,under way using engine,42.0,9.0,2.5,37.0
636018992,2026-09-12T09:25:00Z,38.001128,21.375742,13.8,37.1,38,ATLANTIC CARRIER,IMO9348123,D5XY8,80.0,under way using engine,274.0,48.0,12.4,80.0
239100450,2026-09-12T09:30:00Z,36.944048,21.934923,12.1,45.1,45,BLUE HORIZON,IMO9401314,CALL450,70.0,under way using engine,225.0,32.0,11.8,70.0
240889000,2026-09-12T09:30:00Z,32.295467,24.72956,18.4,114.7,115,AEGEAN BREEZE,IMO9362732,CALL0,71.0,under way using engine,294.0,40.0,13.0,71.0
247000999,2026-09-12T09:30:00Z,39.693334,20.957723,16.0,20.1,20,COASTAL DEFENDER,IMO9133773,CALL999,55.0,under way using engine,65.0,11.0,3.8,55.0
247120300,2026-09-12T09:30:00Z,33.429528,9.812707,21.8,260.1,260,MED EXPRESS,IMO9732590,CALL300,60.0,under way using engine,145.0,24.0,6.2,60.0
255806000,2026-09-12T09:30:00Z,35.940283,23.37404,15.1,70.2,70,GLOBAL TRADER,IMO9181066,CALL0,79.0,under way using engine,260.0,36.0,12.5,79.0
311000888,2026-09-12T09:30:00Z,31.261363,15.810775,13.1,210.6,210,NORTHERN LIGHT,IMO9833218,CALL888,81.0,under way using engine,190.0,30.0,10.1,81.0
352002140,2026-09-12T09:30:00Z,38.349085,15.689009,14.1,329.3,330,PACIFIC TITAN,IMO9726979,CALL140,82.0,under way using engine,182.0,32.0,9.5,82.0
636015522,2026-09-12T09:30:00Z,31.492116,17.899787,9.6,179.2,180,SEA STAR,IMO9216671,CALL522,37.0,under way using engine,42.0,9.0,2.5,37.0
636018992,2026-09-12T09:30:00Z,38.015974,21.390535,13.8,38.7,38,ATLANTIC CARRIER,IMO9348123,D5XY8,80.0,under way using engine,274.0,48.0,12.4,80.0
239100450,2026-09-12T09:35:00Z,36.955628,21.950131,12.0,45.5,45,BLUE HORIZON,IMO9754911,CALL450,70.0,under way using engine,225.0,32.0,11.8,70.0
240889000,2026-09-12T09:35:00Z,32.284537,24.756861,18.6,114.5,115,AEGEAN BREEZE,IMO9667460,CALL0,71.0,under way using engine,294.0,40.0,13.0,71.0
247000999,2026-09-12T09:35:00Z,39.714402,20.967691,16.2,19.7,20,COASTAL DEFENDER,IMO9760434,CALL999,55.0,under way using engine,65.0,11.0,3.8,55.0
247120300,2026-09-12T09:35:00Z,33.424147,9.776956,21.8,259.9,260,MED EXPRESS,IMO9286906,CALL300,60.0,under way using engine,145.0,24.0,6.2,60.0
255806000,2026-09-12T09:35:00Z,35.948082,23.398176,15.0,70.8,70,GLOBAL TRADER,IMO9760943,CALL0,79.0,under way using engine,260.0,36.0,12.5,79.0
311000888,2026-09-12T09:35:00Z,31.245708,15.800149,13.1,210.6,210,NORTHERN LIGHT,IMO9567497,CALL888,81.0,under way using engine,190.0,30.0,10.1,81.0
352002140,2026-09-12T09:35:00Z,38.365914,15.676908,14.0,330.7,330,PACIFIC TITAN,IMO9825309,CALL140,82.0,under way using engine,182.0,32.0,9.5,82.0
636015522,2026-09-12T09:35:00Z,31.479175,17.900343,9.3,180.4,180,SEA STAR,IMO9627743,CALL522,37.0,under way using engine,42.0,9.0,2.5,37.0
636018992,2026-09-12T09:35:00Z,38.031161,21.405209,13.5,39.0,38,ATLANTIC CARRIER,IMO9348123,D5XY8,80.0,under way using engine,274.0,48.0,12.4,80.0
239100450,2026-09-12T09:40:00Z,36.967438,21.96463,12.1,44.4,45,BLUE HORIZON,IMO9453200,CALL450,70.0,under way using engine,225.0,32.0,11.8,70.0
240889000,2026-09-12T09:40:00Z,32.273982,24.784436,18.3,115.6,115,AEGEAN BREEZE,IMO9875414,CALL0,71.0,under way using engine,294.0,40.0,13.0,71.0
247000999,2026-09-12T09:40:00Z,39.735339,20.977193,16.0,19.8,20,COASTAL DEFENDER,IMO9499841,CALL999,55.0,under way using engine,65.0,11.0,3.8,55.0
247120300,2026-09-12T09:40:00Z,33.419057,9.740579,22.1,260.3,260,MED EXPRESS,IMO9700081,CALL300,60.0,under way using engine,145.0,24.0,6.2,60.0
255806000,2026-09-12T09:40:00Z,35.954413,23.422477,15.1,70.6,70,GLOBAL TRADER,IMO9653392,CALL0,79.0,under way using engine,260.0,36.0,12.5,79.0
311000888,2026-09-12T09:40:00Z,31.230094,15.789621,12.9,209.6,210,NORTHERN LIGHT,IMO9479798,CALL888,81.0,under way using engine,190.0,30.0,10.1,81.0
352002140,2026-09-12T09:40:00Z,38.382925,15.664513,14.2,330.3,330,PACIFIC TITAN,IMO9951755,CALL140,82.0,under way using engine,182.0,32.0,9.5,82.0
636015522,2026-09-12T09:40:00Z,31.465843,17.90017,9.5,180.7,180,SEA STAR,IMO9576364,CALL522,37.0,under way using engine,42.0,9.0,2.5,37.0
636018992,2026-09-12T09:40:00Z,38.045578,21.419842,13.3,37.2,38,ATLANTIC CARRIER,IMO9348123,D5XY8,80.0,under way using engine,274.0,48.0,12.4,80.0
239100450,2026-09-12T09:45:00Z,36.979202,21.97973,12.0,44.9,45,BLUE HORIZON,IMO9464187,CALL450,70.0,under way using engine,225.0,32.0,11.8,70.0
240889000,2026-09-12T09:45:00Z,32.26262,24.811862,18.6,114.8,115,AEGEAN BREEZE,IMO9635740,CALL0,71.0,under way using engine,294.0,40.0,13.0,71.0
247000999,2026-09-12T09:45:00Z,39.756166,20.987677,16.0,19.5,20,COASTAL DEFENDER,IMO9213915,CALL999,55.0,under way using engine,65.0,11.0,3.8,55.0
247120300,2026-09-12T09:45:00Z,33.413688,9.704233,22.0,260.1,260,MED EXPRESS,IMO9137581,CALL300,60.0,under way using engine,145.0,24.0,6.2,60.0
255806000,2026-09-12T09:45:00Z,35.961827,23.446484,15.1,70.0,70,GLOBAL TRADER,IMO9432335,CALL0,79.0,under way using engine,260.0,36.0,12.5,79.0
311000888,2026-09-12T09:45:00Z,31.214293,15.779465,13.1,209.6,210,NORTHERN LIGHT,IMO9883968,CALL888,81.0,under way using engine,190.0,30.0,10.1,81.0
352002140,2026-09-12T09:45:00Z,38.399553,15.652022,13.8,330.4,330,PACIFIC TITAN,IMO9789545,CALL140,82.0,under way using engine,182.0,32.0,9.5,82.0
636015522,2026-09-12T09:45:00Z,31.452172,17.899874,9.7,180.0,180,SEA STAR,IMO9843810,CALL522,37.0,under way using engine,42.0,9.0,2.5,37.0
636018992,2026-09-12T09:45:00Z,38.060624,21.434165,13.6,38.3,38,ATLANTIC CARRIER,IMO9348123,D5XY8,80.0,under way using engine,274.0,48.0,12.4,80.0
239100450,2026-09-12T09:50:00Z,36.99112,21.993954,11.9,45.5,45,BLUE HORIZON,IMO9553939,CALL450,70.0,under way using engine,225.0,32.0,11.8,70.0
240889000,2026-09-12T09:50:00Z,32.251958,24.839117,18.4,115.3,115,AEGEAN BREEZE,IMO9500118,CALL0,71.0,under way using engine,294.0,40.0,13.0,71.0
247000999,2026-09-12T09:50:00Z,39.776771,20.99781,16.1,19.7,20,COASTAL DEFENDER,IMO9279750,CALL999,55.0,under way using engine,65.0,11.0,3.8,55.0
247120300,2026-09-12T09:50:00Z,33.408488,9.668365,21.9,259.8,260,MED EXPRESS,IMO9170953,CALL300,60.0,under way using engine,145.0,24.0,6.2,60.0
255806000,2026-09-12T09:50:00Z,35.968832,23.47133,14.9,69.6,70,GLOBAL TRADER,IMO9354880,CALL0,79.0,under way using engine,260.0,36.0,12.5,79.0
311000888,2026-09-12T09:50:00Z,31.19889,15.768605,13.1,209.9,210,NORTHERN LIGHT,IMO9945220,CALL888,81.0,under way using engine,190.0,30.0,10.1,81.0
352002140,2026-09-12T09:50:00Z,38.416626,15.639582,14.0,330.1,330,PACIFIC TITAN,IMO9776364,CALL140,82.0,under way using engine,182.0,32.0,9.5,82.0
636015522,2026-09-12T09:50:00Z,31.439384,17.900458,9.4,179.3,180,SEA STAR,IMO9495900,CALL522,37.0,under way using engine,42.0,9.0,2.5,37.0
636018992,2026-09-12T09:50:00Z,38.075254,21.448982,13.7,37.5,38,ATLANTIC CARRIER,IMO9348123,D5XY8,80.0,under way using engine,274.0,48.0,12.4,80.0
239100450,2026-09-12T09:55:00Z,37.002746,22.008846,12.0,44.6,45,BLUE HORIZON,IMO9640403,CALL450,70.0,under way using engine,225.0,32.0,11.8,70.0
240889000,2026-09-12T09:55:00Z,32.24063,24.86734,18.7,114.7,115,AEGEAN BREEZE,IMO9678944,CALL0,71.0,under way using engine,294.0,40.0,13.0,71.0
247000999,2026-09-12T09:55:00Z,39.79812,21.007392,15.8,20.3,20,COASTAL DEFENDER,IMO9612348,CALL999,55.0,under way using engine,65.0,11.0,3.8,55.0
247120300,2026-09-12T09:55:00Z,33.403056,9.631807,21.8,260.0,260,MED EXPRESS,IMO9227950,CALL300,60.0,under way using engine,145.0,24.0,6.2,60.0
255806000,2026-09-12T09:55:00Z,35.976178,23.494637,14.9,69.7,70,GLOBAL TRADER,IMO9221023,CALL0,79.0,under way using engine,260.0,36.0,12.5,79.0
311000888,2026-09-12T09:55:00Z,31.183074,15.758104,13.0,210.7,210,NORTHERN LIGHT,IMO9637145,CALL888,81.0,under way using engine,190.0,30.0,10.1,81.0
352002140,2026-09-12T09:55:00Z,38.433457,15.627101,14.1,330.7,330,PACIFIC TITAN,IMO9551365,CALL140,82.0,under way using engine,182.0,32.0,9.5,82.0
636015522,2026-09-12T09:55:00Z,31.426212,17.899986,9.4,180.2,180,SEA STAR,IMO9329540,CALL522,37.0,under way using engine,42.0,9.0,2.5,37.0
636018992,2026-09-12T09:55:00Z,38.09026,21.463853,13.2,38.5,38,ATLANTIC CARRIER,IMO9348123,D5XY8,80.0,under way using engine,274.0,48.0,12.4,80.0
239100450,2026-09-12T10:00:00Z,37.014308,22.023856,11.9,44.2,45,BLUE HORIZON,IMO9837496,CALL450,70.0,under way using engine,225.0,32.0,11.8,70.0
240889000,2026-09-12T10:00:00Z,32.230452,24.894669,18.4,115.6,115,AEGEAN BREEZE,IMO9564586,CALL0,71.0,under way using engine,294.0,40.0,13.0,71.0
247000999,2026-09-12T10:00:00Z,39.818955,21.01714,16.2,19.8,20,COASTAL DEFENDER,IMO9315893,CALL999,55.0,under way using engine,65.0,11.0,3.8,55.0
247120300,2026-09-12T10:00:00Z,33.397669,9.595963,22.0,260.0,260,MED EXPRESS,IMO9829630,CALL300,60.0,under way using engine,145.0,24.0,6.2,60.0
255806000,2026-09-12T10:00:00Z,35.983068,23.519171,15.2,69.9,70,GLOBAL TRADER,IMO9183561,CALL0,79.0,under way using engine,260.0,36.0,12.5,79.0
311000888,2026-09-12T10:00:00Z,31.167302,15.747732,13.2,210.7,210,NORTHERN LIGHT,IMO9937055,CALL888,81.0,under way using engine,190.0,30.0,10.1,81.0
352002140,2026-09-12T10:00:00Z,38.450475,15.614932,13.9,330.4,330,PACIFIC TITAN,IMO9685098,CALL140,82.0,under way using engine,182.0,32.0,9.5,82.0
636015522,2026-09-12T10:00:00Z,31.412611,17.900233,9.7,180.2,180,SEA STAR,IMO9180959,CALL522,37.0,under way using engine,42.0,9.0,2.5,37.0
636018992,2026-09-12T10:00:00Z,38.104907,21.478471,13.7,37.7,38,ATLANTIC CARRIER,IMO9348123,D5XY8,80.0,under way using engine,274.0,48.0,12.4,80.0
239100450,2026-09-12T10:05:00Z,37.026303,22.03851,12.0,45.3,45,BLUE HORIZON,IMO9963930,CALL450,70.0,under way using engine,225.0,32.0,11.8,70.0
240889000,2026-09-12T10:05:00Z,32.219482,24.921714,18.6,115.2,115,AEGEAN BREEZE,IMO9891787,CALL0,71.0,under way using engine,294.0,40.0,13.0,71.0
247000999,2026-09-12T10:05:00Z,39.839759,21.027292,15.8,19.3,20,COASTAL DEFENDER,IMO9643719,CALL999,55.0,under way using engine,65.0,11.0,3.8,55.0
247120300,2026-09-12T10:05:00Z,33.39243,9.560105,22.0,260.8,260,MED EXPRESS,IMO9654640,CALL300,60.0,under way using engine,145.0,24.0,6.2,60.0
255806000,2026-09-12T10:05:00Z,35.990136,23.543778,15.2,70.2,70,GLOBAL TRADER,IMO9734617,CALL0,79.0,under way using engine,260.0,36.0,12.5,79.0
311000888,2026-09-12T10:05:00Z,31.151713,15.73722,12.9,209.7,210,NORTHERN LIGHT,IMO9170369,CALL888,81.0,under way using engine,190.0,30.0,10.1,81.0
352002140,2026-09-12T10:05:00Z,38.467032,15.602339,14.0,329.8,330,PACIFIC TITAN,IMO9909859,CALL140,82.0,under way using engine,182.0,32.0,9.5,82.0
636015522,2026-09-12T10:05:00Z,31.399784,17.899795,9.4,180.2,180,SEA STAR,IMO9967438,CALL522,37.0,under way using engine,42.0,9.0,2.5,37.0
636018992,2026-09-12T10:05:00Z,38.119919,21.49335,13.2,38.7,38,ATLANTIC CARRIER,IMO9348123,D5XY8,80.0,under way using engine,274.0,48.0,12.4,80.0
239100450,2026-09-12T10:10:00Z,37.038218,22.053066,12.2,45.1,45,BLUE HORIZON,IMO9744268,CALL450,70.0,under way using engine,225.0,32.0,11.8,70.0
240889000,2026-09-12T10:10:00Z,32.208121,24.949465,18.4,115.4,115,AEGEAN BREEZE,IMO9302897,CALL0,71.0,under way using engine,294.0,40.0,13.0,71.0
247000999,2026-09-12T10:10:00Z,39.86081,21.036898,16.2,19.8,20,COASTAL DEFENDER,IMO9216123,CALL999,55.0,under way using engine,65.0,11.0,3.8,55.0
247120300,2026-09-12T10:10:00Z,33.38733,9.523946,22.1,260.7,260,MED EXPRESS,IMO9841139,CALL300,60.0,under way using engine,145.0,24.0,6.2,60.0
255806000,2026-09-12T10:10:00Z,35.997454,23.568153,14.9,70.5,70,GLOBAL TRADER,IMO9231366,CALL0,79.0,under way using engine,260.0,36.0,12.5,79.0
311000888,2026-09-12T10:10:00Z,31.136151,15.726196,13.2,210.4,210,NORTHERN LIGHT,IMO9657593,CALL888,81.0,under way using engine,190.0,30.0,10.1,81.0
352002140,2026-09-12T10:10:00Z,38.483987,15.589777,13.9,330.8,330,PACIFIC TITAN,IMO9606222,CALL140,82.0,under way using engine,182.0,32.0,9.5,82.0
636015522,2026-09-12T10:10:00Z,31.386434,17.900046,9.4,179.9,180,SEA STAR,IMO9383031,CALL522,37.0,under way using engine,42.0,9.0,2.5,37.0
636018992,2026-09-12T10:10:00Z,38.134517,21.507762,13.4,37.3,38,ATLANTIC CARRIER,IMO9348123,D5XY8,80.0,under way using engine,274.0,48.0,12.4,80.0
239100450,2026-09-12T10:15:00Z,37.050289,22.067712,12.2,45.4,45,BLUE HORIZON,IMO9162790,CALL450,70.0,under way using engine,225.0,32.0,11.8,70.0
240889000,2026-09-12T10:15:00Z,32.197494,24.977291,18.6,114.5,115,AEGEAN BREEZE,IMO9282237,CALL0,71.0,under way using engine,294.0,40.0,13.0,71.0
247000999,2026-09-12T10:15:00Z,39.88168,21.046925,16.1,19.8,20,COASTAL DEFENDER,IMO9316509,CALL999,55.0,under way using engine,65.0,11.0,3.8,55.0
247120300,2026-09-12T10:15:00Z,33.381725,9.48816,21.9,260.0,260,MED EXPRESS,IMO9753518,CALL300,60.0,under way using engine,145.0,24.0,6.2,60.0
255806000,2026-09-12T10:15:00Z,36.004678,23.591955,15.2,70.3,70,GLOBAL TRADER,IMO9798249,CALL0,79.0,under way using engine,260.0,36.0,12.5,79.0
311000888,2026-09-12T10:15:00Z,31.120653,15.716109,13.1,210.1,210,NORTHERN LIGHT,IMO9591202,CALL888,81.0,under way using engine,190.0,30.0,10.1,81.0
352002140,2026-09-12T10:15:00Z,38.50114,15.577765,14.2,329.4,330,PACIFIC TITAN,IMO9865618,CALL140,82.0,under way using engine,182.0,32.0,9.5,82.0
636015522,2026-09-12T10:15:00Z,31.373337,17.900051,9.5,180.6,180,SEA STAR,IMO9129411,CALL522,37.0,under way using engine,42.0,9.0,2.5,37.0
636018992,2026-09-12T10:15:00Z,38.149219,21.522315,13.2,38.6,38,ATLANTIC CARRIER,IMO9348123,D5XY8,80.0,under way using engine,274.0,48.0,12.4,80.0
239100450,2026-09-12T10:20:00Z,37.061636,22.082805,11.9,44.4,45,BLUE HORIZON,IMO9818596,CALL450,70.0,under way using engine,225.0,32.0,11.8,70.0
240889000,2026-09-12T10:20:00Z,32.186648,25.004601,18.3,114.6,115,AEGEAN BREEZE,IMO9377075,CALL0,71.0,under way using engine,294.0,40.0,13.0,71.0
247000999,2026-09-12T10:20:00Z,39.902535,21.056764,16.0,20.3,20,COASTAL DEFENDER,IMO9597842,CALL999,55.0,under way using engine,65.0,11.0,3.8,55.0
247120300,2026-09-12T10:20:00Z,33.376413,9.451908,22.0,260.0,260,MED EXPRESS,IMO9762550,CALL300,60.0,under way using engine,145.0,24.0,6.2,60.0
255806000,2026-09-12T10:20:00Z,36.011777,23.616361,14.9,69.7,70,GLOBAL TRADER,IMO9185465,CALL0,79.0,under way using engine,260.0,36.0,12.5,79.0
311000888,2026-09-12T10:20:00Z,31.104384,15.704963,13.1,210.4,210,NORTHERN LIGHT,IMO9551880,CALL888,81.0,under way using engine,190.0,30.0,10.1,81.0
352002140,2026-09-12T10:20:00Z,38.517942,15.565355,14.0,329.5,330,PACIFIC TITAN,IMO9606384,CALL140,82.0,under way using engine,182.0,32.0,9.5,82.0
636015522,2026-09-12T10:20:00Z,31.360074,17.900119,9.3,179.5,180,SEA STAR,IMO9111510,CALL522,37.0,under way using engine,42.0,9.0,2.5,37.0
636018992,2026-09-12T10:20:00Z,38.164048,21.537208,13.3,37.1,38,ATLANTIC CARRIER,IMO9348123,D5XY8,80.0,under way using engine,274.0,48.0,12.4,80.0
239100450,2026-09-12T10:25:00Z,37.07366,22.097222,12.0,45.6,45,BLUE HORIZON,IMO9167557,CALL450,70.0,under way using engine,225.0,32.0,11.8,70.0
240889000,2026-09-12T10:25:00Z,32.175968,25.032422,18.4,114.7,115,AEGEAN BREEZE,IMO9844163,CALL0,71.0,under way using engine,294.0,40.0,13.0,71.0
247000999,2026-09-12T10:25:00Z,39.923488,21.066779,15.9,19.5,20,COASTAL DEFENDER,IMO9851589,CALL999,55.0,under way using engine,65.0,11.0,3.8,55.0
247120300,2026-09-12T10:25:00Z,33.370802,9.415762,22.2,259.6,260,MED EXPRESS,IMO9404598,CALL300,60.0,under way using engine,145.0,24.0,6.2,60.0
255806000,2026-09-12T10:25:00Z,36.018611,23.640594,14.9,70.0,70,GLOBAL TRADER,IMO9910176,CALL0,79.0,under way using engine,260.0,36.0,12.5,79.0
311000888,2026-09-12T10:25:00Z,31.089308,15.69462,13.2,210.8,210,NORTHERN LIGHT,IMO9259598,CALL888,81.0,under way using engine,190.0,30.0,10.1,81.0
352002140,2026-09-12T10:25:00Z,38.534639,15.552874,14.1,329.9,330,PACIFIC TITAN,IMO9170437,CALL140,82.0,under way using engine,182.0,32.0,9.5,82.0
636015522,2026-09-12T10:25:00Z,31.346864,17.899828,9.5,180.2,180,SEA STAR,IMO9133939,CALL522,37.0,under way using engine,42.0,9.0,2.5,37.0
636018992,2026-09-12T10:25:00Z,38.178813,21.551469,13.6,38.0,38,ATLANTIC CARRIER,IMO9348123,D5XY8,80.0,under way using engine,274.0,48.0,12.4,80.0
239100450,2026-09-12T10:30:00Z,37.085163,22.112094,11.9,44.7,45,BLUE HORIZON,IMO9268384,CALL450,70.0,under way using engine,225.0,32.0,11.8,70.0
240889000,2026-09-12T10:30:00Z,32.164969,25.059731,18.7,115.2,115,AEGEAN BREEZE,IMO9911242,CALL0,71.0,under way using engine,294.0,40.0,13.0,71.0
247000999,2026-09-12T10:30:00Z,39.944187,21.076308,15.8,19.4,20,COASTAL DEFENDER,IMO9167077,CALL999,55.0,under way using engine,65.0,11.0,3.8,55.0
247120300,2026-09-12T10:30:00Z,33.365865,9.379691,21.8,260.2,260,MED EXPRESS,IMO9223654,CALL300,60.0,under way using engine,145.0,24.0,6.2,60.0
255806000,2026-09-12T10:30:00Z,36.025984,23.664809,15.0,69.5,70,GLOBAL TRADER,IMO9538960,CALL0,79.0,under way using engine,260.0,36.0,12.5,79.0
311000888,2026-09-12T10:30:00Z,31.073516,15.684221,13.1,209.7,210,NORTHERN LIGHT,IMO9653348,CALL888,81.0,under way using engine,190.0,30.0,10.1,81.0
352002140,2026-09-12T10:30:00Z,38.551435,15.540724,13.8,330.6,330,PACIFIC TITAN,IMO9779445,CALL140,82.0,under way using engine,182.0,32.0,9.5,82.0
636015522,2026-09-12T10:30:00Z,31.333654,17.900084,9.5,179.3,180,SEA STAR,IMO9928611,CALL522,37.0,under way using engine,42.0,9.0,2.5,37.0
636018992,2026-09-12T10:30:00Z,38.193659,21.56616,13.3,38.0,38,ATLANTIC CARRIER,IMO9348123,D5XY8,80.0,under way using engine,274.0,48.0,12.4,80.0
239100450,2026-09-12T10:35:00Z,37.097207,22.127432,12.0,44.4,45,BLUE HORIZON,IMO9301238,CALL450,70.0,under way using engine,225.0,32.0,11.8,70.0
240889000,2026-09-12T10:35:00Z,32.154297,25.087159,18.6,115.0,115,AEGEAN BREEZE,IMO9700495,CALL0,71.0,under way using engine,294.0,40.0,13.0,71.0
247000999,2026-09-12T10:35:00Z,39.965279,21.086112,15.9,19.7,20,COASTAL DEFENDER,IMO9696879,CALL999,55.0,under way using engine,65.0,11.0,3.8,55.0
247120300,2026-09-12T10:35:00Z,33.360531,9.343494,22.0,259.9,260,MED EXPRESS,IMO9147702,CALL300,60.0,under way using engine,145.0,24.0,6.2,60.0
255806000,2026-09-12T10:35:00Z,36.033055,23.68917,15.2,70.4,70,GLOBAL TRADER,IMO9232537,CALL0,79.0,under way using engine,260.0,36.0,12.5,79.0
311000888,2026-09-12T10:35:00Z,31.057972,15.673425,13.2,210.6,210,NORTHERN LIGHT,IMO9520967,CALL888,81.0,under way using engine,190.0,30.0,10.1,81.0
352002140,2026-09-12T10:35:00Z,38.568684,15.528179,14.2,330.4,330,PACIFIC TITAN,IMO9641058,CALL140,82.0,under way using engine,182.0,32.0,9.5,82.0
636015522,2026-09-12T10:35:00Z,31.320378,17.900006,9.3,179.7,180,SEA STAR,IMO9473973,CALL522,37.0,under way using engine,42.0,9.0,2.5,37.0
636018992,2026-09-12T10:35:00Z,38.208464,21.581063,13.7,38.7,38,ATLANTIC CARRIER,IMO9348123,D5XY8,80.0,under way using engine,274.0,48.0,12.4,80.0
239100450,2026-09-12T10:40:00Z,37.109368,22.142004,11.9,45.0,45,BLUE HORIZON,IMO9557318,CALL450,70.0,under way using engine,225.0,32.0,11.8,70.0
240889000,2026-09-12T10:40:00Z,32.143101,25.114766,18.6,115.0,115,AEGEAN BREEZE,IMO9292800,CALL0,71.0,under way using engine,294.0,40.0,13.0,71.0
247000999,2026-09-12T10:40:00Z,39.986221,21.096105,16.0,20.4,20,COASTAL DEFENDER,IMO9401897,CALL999,55.0,under way using engine,65.0,11.0,3.8,55.0
247120300,2026-09-12T10:40:00Z,33.355102,9.307792,22.1,259.2,260,MED EXPRESS,IMO9310960,CALL300,60.0,under way using engine,145.0,24.0,6.2,60.0
255806000,2026-09-12T10:40:00Z,36.040468,23.712868,14.8,69.5,70,GLOBAL TRADER,IMO9176561,CALL0,79.0,under way using engine,260.0,36.0,12.5,79.0
311000888,2026-09-12T10:40:00Z,31.042235,15.663201,13.1,209.2,210,NORTHERN LIGHT,IMO9336170,CALL888,81.0,under way using engine,190.0,30.0,10.1,81.0
352002140,2026-09-12T10:40:00Z,38.585318,15.515628,14.0,330.7,330,PACIFIC TITAN,IMO9343118,CALL140,82.0,under way using engine,182.0,32.0,9.5,82.0
636015522,2026-09-12T10:40:00Z,31.307237,17.899495,9.5,179.7,180,SEA STAR,IMO9509617,CALL522,37.0,under way using engine,42.0,9.0,2.5,37.0
636018992,2026-09-12T10:40:00Z,38.22298,21.595743,13.8,37.1,38,ATLANTIC CARRIER,IMO9348123,D5XY8,80.0,under way using engine,274.0,48.0,12.4,80.0
239100450,2026-09-12T10:45:00Z,37.120431,22.15693,11.9,44.6,45,BLUE HORIZON,IMO9130557,CALL450,70.0,under way using engine,225.0,32.0,11.8,70.0
240889000,2026-09-12T10:45:00Z,32.131956,25.142258,18.4,115.1,115,AEGEAN BREEZE,IMO9523013,CALL0,71.0,under way using engine,294.0,40.0,13.0,71.0
247000999,2026-09-12T10:45:00Z,40.006693,21.105807,15.9,20.5,20,COASTAL DEFENDER,IMO9930835,CALL999,55.0,under way using engine,65.0,11.0,3.8,55.0
247120300,2026-09-12T10:45:00Z,33.349862,9.271369,21.8,259.7,260,MED EXPRESS,IMO9676710,CALL300,60.0,under way using engine,145.0,24.0,6.2,60.0
255806000,2026-09-12T10:45:00Z,36.047613,23.737673,15.2,70.6,70,GLOBAL TRADER,IMO9471581,CALL0,79.0,under way using engine,260.0,36.0,12.5,79.0
311000888,2026-09-12T10:45:00Z,31.026551,15.65278,13.1,210.1,210,NORTHERN LIGHT,IMO9905074,CALL888,81.0,under way using engine,190.0,30.0,10.1,81.0
352002140,2026-09-12T10:45:00Z,38.602205,15.502822,13.9,330.3,330,PACIFIC TITAN,IMO9514798,CALL140,82.0,under way using engine,182.0,32.0,9.5,82.0
636015522,2026-09-12T10:45:00Z,31.29394,17.899466,9.6,179.4,180,SEA STAR,IMO9527070,CALL522,37.0,under way using engine,42.0,9.0,2.5,37.0
636018992,2026-09-12T10:45:00Z,38.23779,21.610492,13.6,38.0,38,ATLANTIC CARRIER,IMO9348123,D5XY8,80.0,under way using engine,274.0,48.0,12.4,80.0
239100450,2026-09-12T10:50:00Z,37.132593,22.171871,12.1,44.5,45,BLUE HORIZON,IMO9993933,CALL450,70.0,under way using engine,225.0,32.0,11.8,70.0
240889000,2026-09-12T10:50:00Z,32.121552,25.169891,18.4,114.7,115,AEGEAN BREEZE,IMO9478323,CALL0,71.0,under way using engine,294.0,40.0,13.0,71.0
247000999,2026-09-12T10:50:00Z,40.027789,21.116334,16.1,19.5,20,COASTAL DEFENDER,IMO9361236,CALL999,55.0,under way using engine,65.0,11.0,3.8,55.0
247120300,2026-09-12T10:50:00Z,33.344597,9.235476,22.1,259.7,260,MED EXPRESS,IMO9859584,CALL300,60.0,under way using engine,145.0,24.0,6.2,60.0
255806000,2026-09-12T10:50:00Z,36.054691,23.761832,14.9,69.7,70,GLOBAL TRADER,IMO9453169,CALL0,79.0,under way using engine,260.0,36.0,12.5,79.0
311000888,2026-09-12T10:50:00Z,31.010846,15.642341,13.1,210.4,210,NORTHERN LIGHT,IMO9702342,CALL888,81.0,under way using engine,190.0,30.0,10.1,81.0
352002140,2026-09-12T10:50:00Z,38.61925,15.490707,13.9,330.1,330,PACIFIC TITAN,IMO9507723,CALL140,82.0,under way using engine,182.0,32.0,9.5,82.0
636015522,2026-09-12T10:50:00Z,31.281002,17.899857,9.5,180.4,180,SEA STAR,IMO9124835,CALL522,37.0,under way using engine,42.0,9.0,2.5,37.0
636018992,2026-09-12T10:50:00Z,38.252848,21.625118,13.2,38.2,38,ATLANTIC CARRIER,IMO9348123,D5XY8,80.0,under way using engine,274.0,48.0,12.4,80.0
239100450,2026-09-12T10:55:00Z,37.144719,22.186382,12.1,44.3,45,BLUE HORIZON,IMO9188006,CALL450,70.0,under way using engine,225.0,32.0,11.8,70.0
240889000,2026-09-12T10:55:00Z,32.11043,25.197792,18.5,115.0,115,AEGEAN BREEZE,IMO9688602,CALL0,71.0,under way using engine,294.0,40.0,13.0,71.0
247000999,2026-09-12T10:55:00Z,40.048893,21.126233,16.0,19.8,20,COASTAL DEFENDER,IMO9791095,CALL999,55.0,under way using engine,65.0,11.0,3.8,55.0
247120300,2026-09-12T10:55:00Z,33.338835,9.19919,22.1,259.5,260,MED EXPRESS,IMO9974329,CALL300,60.0,under way using engine,145.0,24.0,6.2,60.0
255806000,2026-09-12T10:55:00Z,36.061951,23.785588,15.0,70.2,70,GLOBAL TRADER,IMO9857260,CALL0,79.0,under way using engine,260.0,36.0,12.5,79.0
311000888,2026-09-12T10:55:00Z,30.995672,15.631424,13.1,210.1,210,NORTHERN LIGHT,IMO9298020,CALL888,81.0,under way using engine,190.0,30.0,10.1,81.0
352002140,2026-09-12T10:55:00Z,38.635976,15.478224,13.9,330.3,330,PACIFIC TITAN,IMO9934674,CALL140,82.0,under way using engine,182.0,32.0,9.5,82.0
636015522,2026-09-12T10:55:00Z,31.267438,17.899898,9.5,180.6,180,SEA STAR,IMO9404212,CALL522,37.0,under way using engine,42.0,9.0,2.5,37.0
636018992,2026-09-12T10:55:00Z,38.26772,21.639922,13.6,38.1,38,ATLANTIC CARRIER,IMO9348123,D5XY8,80.0,under way using engine,274.0,48.0,12.4,80.0
239100450,2026-09-12T11:00:00Z,37.156142,22.201243,11.8,45.7,45,BLUE HORIZON,IMO9481088,CALL450,70.0,under way using engine,225.0,32.0,11.8,70.0
240889000,2026-09-12T11:00:00Z,32.099944,25.224319,18.3,115.3,115,AEGEAN BREEZE,IMO9567315,CALL0,71.0,under way using engine,294.0,40.0,13.0,71.0
247000999,2026-09-12T11:00:00Z,40.069784,21.136133,16.0,20.7,20,COASTAL DEFENDER,IMO9351338,CALL999,55.0,under way using engine,65.0,11.0,3.8,55.0
247120300,2026-09-12T11:00:00Z,33.333827,9.163606,22.2,260.5,260,MED EXPRESS,IMO9777015,CALL300,60.0,under way using engine,145.0,24.0,6.2,60.0
255806000,2026-09-12T11:00:00Z,36.069056,23.810175,14.9,69.9,70,GLOBAL TRADER,IMO9528736,CALL0,79.0,under way using engine,260.0,36.0,12.5,79.0
311000888,2026-09-12T11:00:00Z,30.979661,15.620952,12.9,209.2,210,NORTHERN LIGHT,IMO9731160,CALL888,81.0,under way using engine,190.0,30.0,10.1,81.0
352002140,2026-09-12T11:00:00Z,38.65278,15.465815,14.1,329.5,330,PACIFIC TITAN,IMO9441819,CALL140,82.0,under way using engine,182.0,32.0,9.5,82.0
636015522,2026-09-12T11:00:00Z,31.254557,17.900257,9.3,180.2,180,SEA STAR,IMO9853362,CALL522,37.0,under way using engine,42.0,9.0,2.5,37.0
636018992,2026-09-12T11:00:00Z,38.28207,21.655135,13.5,37.9,38,ATLANTIC CARRIER,IMO9348123,D5XY8,80.0,under way using engine,274.0,48.0,12.4,80.0
239100450,2026-09-12T11:05:00Z,37.167809,22.215513,12.0,45.5,45,BLUE HORIZON,IMO9983687,CALL450,70.0,under way using engine,225.0,32.0,11.8,70.0
240889000,2026-09-12T11:05:00Z,32.088839,25.25261,18.7,114.6,115,AEGEAN BREEZE,IMO9141814,CALL0,71.0,under way using engine,294.0,40.0,13.0,71.0
247000999,2026-09-12T11:05:00Z,40.090672,21.145735,16.2,20.1,20,COASTAL DEFENDER,IMO9799040,CALL999,55.0,under way using engine,65.0,11.0,3.8,55.0
247120300,2026-09-12T11:05:00Z,33.328749,9.12739,22.0,260.6,260,MED EXPRESS,IMO9451387,CALL300,60.0,under way using engine,145.0,24.0,6.2,60.0
255806000,2026-09-12T11:05:00Z,36.075651,23.834082,15.0,70.4,70,GLOBAL TRADER,IMO9834122,CALL0,79.0,under way using engine,260.0,36.0,12.5,79.0
311000888,2026-09-12T11:05:00Z,30.964041,15.610541,12.9,209.8,210,NORTHERN LIGHT,IMO9172631,CALL888,81.0,under way using engine,190.0,30.0,10.1,81.0
352002140,2026-09-12T11:05:00Z,38.669584,15.45343,14.1,330.0,330,PACIFIC TITAN,IMO9770153,CALL140,82.0,under way using engine,182.0,32.0,9.5,82.0
636015522,2026-09-12T11:05:00Z,31.241204,17.900138,9.6,179.4,180,SEA STAR,IMO9853459,CALL522,37.0,under way using engine,42.0,9.0,2.5,37.0
636018992,2026-09-12T11:05:00Z,38.297083,21.669206,13.6,38.7,38,ATLANTIC CARRIER,IMO9348123,D5XY8,80.0,under way using engine,274.0,48.0,12.4,80.0
239100450,2026-09-12T11:10:00Z,37.179865,22.230749,12.1,45.7,45,BLUE HORIZON,IMO9647312,CALL450,70.0,under way using engine,225.0,32.0,11.8,70.0
240889000,2026-09-12T11:10:00Z,32.077878,25.27966,18.7,115.7,115,AEGEAN BREEZE,IMO9504620,CALL0,71.0,under way using engine,294.0,40.0,13.0,71.0
247000999,2026-09-12T11:10:00Z,40.111756,21.155576,16.1,19.5,20,COASTAL DEFENDER,IMO9617459,CALL999,55.0,under way using engine,65.0,11.0,3.8,55.0
247120300,2026-09-12T11:10:00Z,33.323004,9.091342,22.2,259.3,260,MED EXPRESS,IMO9646384,CALL300,60.0,under way using engine,145.0,24.0,6.2,60.0
255806000,2026-09-12T11:10:00Z,36.083093,23.85866,15.1,70.7,70,GLOBAL TRADER,IMO9634117,CALL0,79.0,under way using engine,260.0,36.0,12.5,79.0
311000888,2026-09-12T11:10:00Z,30.948253,15.600189,12.9,209.5,210,NORTHERN LIGHT,IMO9417644,CALL888,81.0,under way using engine,190.0,30.0,10.1,81.0
352002140,2026-09-12T11:10:00Z,38.686332,15.441075,14.0,329.4,330,PACIFIC TITAN,IMO9469082,CALL140,82.0,under way using engine,182.0,32.0,9.5,82.0
636015522,2026-09-12T11:10:00Z,31.228252,17.900437,9.5,180.4,180,SEA STAR,IMO9783037,CALL522,37.0,under way using engine,42.0,9.0,2.5,37.0
636018992,2026-09-12T11:10:00Z,38.311747,21.683691,13.6,37.4,38,ATLANTIC CARRIER,IMO9348123,D5XY8,80.0,under way using engine,274.0,48.0,12.4,80.0
239100450,2026-09-12T11:15:00Z,37.191466,22.245244,12.1,45.0,45,BLUE HORIZON,IMO9620566,CALL450,70.0,under way using engine,225.0,32.0,11.8,70.0
240889000,2026-09-12T11:15:00Z,32.067067,25.307634,18.3,115.0,115,AEGEAN BREEZE,IMO9907921,CALL0,71.0,under way using engine,294.0,40.0,13.0,71.0
247000999,2026-09-12T11:15:00Z,40.132105,21.165833,15.8,19.8,20,COASTAL DEFENDER,IMO9892091,CALL999,55.0,under way using engine,65.0,11.0,3.8,55.0
247120300,2026-09-12T11:15:00Z,33.317951,9.055518,21.9,260.1,260,MED EXPRESS,IMO9318379,CALL300,60.0,under way using engine,145.0,24.0,6.2,60.0
255806000,2026-09-12T11:15:00Z,36.090509,23.883022,15.0,69.8,70,GLOBAL TRADER,IMO9780950,CALL0,79.0,under way using engine,260.0,36.0,12.5,79.0
311000888,2026-09-12T11:15:00Z,30.932999,15.590037,12.9,210.7,210,NORTHERN LIGHT,IMO9909862,CALL888,81.0,under way using engine,190.0,30.0,10.1,81.0
352002140,2026-09-12T11:15:00Z,38.703424,15.428215,14.1,330.3,330,PACIFIC TITAN,IMO9411893,CALL140,82.0,under way using engine,182.0,32.0,9.5,82.0
636015522,2026-09-12T11:15:00Z,31.214432,17.89995,9.5,179.4,180,SEA STAR,IMO9404969,CALL522,37.0,under way using engine,42.0,9.0,2.5,37.0
636018992,2026-09-12T11:15:00Z,38.3266,21.698722,13.4,37.9,38,ATLANTIC CARRIER,IMO9348123,D5XY8,80.0,under way using engine,274.0,48.0,12.4,80.0
239100450,2026-09-12T11:20:00Z,37.203509,22.260171,11.8,45.5,45,BLUE HORIZON,IMO9445281,CALL450,70.0,under way using engine,225.0,32.0,11.8,70.0
240889000,2026-09-12T11:20:00Z,32.055955,25.335058,18.5,114.3,115,AEGEAN BREEZE,IMO9783176,CALL0,71.0,under way using engine,294.0,40.0,13.0,71.0
247000999,2026-09-12T11:20:00Z,40.153567,21.175788,15.9,19.9,20,COASTAL DEFENDER,IMO9365045,CALL999,55.0,under way using engine,65.0,11.0,3.8,55.0
247120300,2026-09-12T11:20:00Z,33.312579,9.019085,22.2,260.5,260,MED EXPRESS,IMO9169429,CALL300,60.0,under way using engine,145.0,24.0,6.2,60.0
255806000,2026-09-12T11:20:00Z,36.097106,23.907105,14.9,70.4,70,GLOBAL TRADER,IMO9392866,CALL0,79.0,under way using engine,260.0,36.0,12.5,79.0
311000888,2026-09-12T11:20:00Z,30.91696,15.579077,13.2,209.9,210,NORTHERN LIGHT,IMO9974677,CALL888,81.0,under way using engine,190.0,30.0,10.1,81.0
352002140,2026-09-12T11:20:00Z,38.720358,15.415863,14.1,329.7,330,PACIFIC TITAN,IMO9350161,CALL140,82.0,under way using engine,182.0,32.0,9.5,82.0
636015522,2026-09-12T11:20:00Z,31.20131,17.900303,9.5,180.6,180,SEA STAR,IMO9911781,CALL522,37.0,under way using engine,42.0,9.0,2.5,37.0
636018992,2026-09-12T11:20:00Z,38.341452,21.713436,13.5,38.3,38,ATLANTIC CARRIER,IMO9348123,D5XY8,80.0,under way using engine,274.0,48.0,12.4,80.0
239100450,2026-09-12T11:25:00Z,37.215359,22.274785,12.1,45.4,45,BLUE HORIZON,IMO9543410,CALL450,70.0,under way using engine,225.0,32.0,11.8,70.0
240889000,2026-09-12T11:25:00Z,32.045424,25.362514,18.7,114.5,115,AEGEAN BREEZE,IMO9910883,CALL0,71.0,under way using engine,294.0,40.0,13.0,71.0
247000999,2026-09-12T11:25:00Z,40.174218,21.185565,15.8,20.2,20,COASTAL DEFENDER,IMO9808441,CALL999,55.0,under way using engine,65.0,11.0,3.8,55.0
247120300,2026-09-12T11:25:00Z,33.307585,8.983098,21.8,260.8,260,MED EXPRESS,IMO9756944,CALL300,60.0,under way using engine,145.0,24.0,6.2,60.0
255806000,2026-09-12T11:25:00Z,36.104492,23.931272,14.9,69.7,70,GLOBAL TRADER,IMO9691534,CALL0,79.0,under way using engine,260.0,36.0,12.5,79.0
311000888,2026-09-12T11:25:00Z,30.901417,15.568457,13.1,210.6,210,NORTHERN LIGHT,IMO9318716,CALL888,81.0,under way using engine,190.0,30.0,10.1,81.0
352002140,2026-09-12T11:25:00Z,38.736939,15.403659,14.1,330.0,330,PACIFIC TITAN,IMO9538555,CALL140,82.0,under way using engine,182.0,32.0,9.5,82.0
636015522,2026-09-12T11:25:00Z,31.188292,17.899865,9.7,180.2,180,SEA STAR,IMO9259804,CALL522,37.0,under way using engine,42.0,9.0,2.5,37.0
636018992,2026-09-12T11:25:00Z,38.356239,21.728188,13.8,37.1,38,ATLANTIC CARRIER,IMO9348123,D5XY8,80.0,under way using engine,274.0,48.0,12.4,80.0
239100450,2026-09-12T11:30:00Z,37.227014,22.289966,11.9,44.6,45,BLUE HORIZON,IMO9528212,CALL450,70.0,under way using engine,225.0,32.0,11.8,70.0
240889000,2026-09-12T11:30:00Z,32.034444,25.389766,18.3,115.3,115,AEGEAN BREEZE,IMO9911159,CALL0,71.0,under way using engine,294.0,40.0,13.0,71.0
247000999,2026-09-12T11:30:00Z,40.195106,21.195242,16.1,20.6,20,COASTAL DEFENDER,IMO9515943,CALL999,55.0,under way using engine,65.0,11.0,3.8,55.0
247120300,2026-09-12T11:30:00Z,33.301996,8.947066,22.0,259.5,260,MED EXPRESS,IMO9222520,CALL300,60.0,under way using engine,145.0,24.0,6.2,60.0
255806000,2026-09-12T11:30:00Z,36.111298,23.955526,15.0,70.7,70,GLOBAL TRADER,IMO9399113,CALL0,79.0,under way using engine,260.0,36.0,12.5,79.0
311000888,2026-09-12T11:30:00Z,30.885561,15.558103,13.0,209.5,210,NORTHERN LIGHT,IMO9498988,CALL888,81.0,under way using engine,190.0,30.0,10.1,81.0
352002140,2026-09-12T11:30:00Z,38.753625,15.390934,14.0,330.0,330,PACIFIC TITAN,IMO9663483,CALL140,82.0,under way using engine,182.0,32.0,9.5,82.0
636015522,2026-09-12T11:30:00Z,31.174556,17.899737,9.3,179.2,180,SEA STAR,IMO9903541,CALL522,37.0,under way using engine,42.0,9.0,2.5,37.0
636018992,2026-09-12T11:30:00Z,38.371155,21.742747,13.3,38.5,38,ATLANTIC CARRIER,IMO9348123,D5XY8,80.0,under way using engine,274.0,48.0,12.4,80.0
239100450,2026-09-12T11:35:00Z,37.238785,22.304945,12.0,44.8,45,BLUE HORIZON,IMO9218448,CALL450,70.0,under way using engine,225.0,32.0,11.8,70.0
240889000,2026-09-12T11:35:00Z,32.023667,25.417548,18.6,114.5,115,AEGEAN BREEZE,IMO9969005,CALL0,71.0,under way using engine,294.0,40.0,13.0,71.0
247000999,2026-09-12T11:35:00Z,40.216159,21.205407,16.1,19.4,20,COASTAL DEFENDER,IMO9802855,CALL999,55.0,under way using engine,65.0,11.0,3.8,55.0
247120300,2026-09-12T11:35:00Z,33.297022,8.910805,22.1,259.7,260,MED EXPRESS,IMO9133164,CALL300,60.0,under way using engine,145.0,24.0,6.2,60.0
255806000,2026-09-12T11:35:00Z,36.118596,23.979963,14.9,69.4,70,GLOBAL TRADER,IMO9953527,CALL0,79.0,under way using engine,260.0,36.0,12.5,79.0
311000888,2026-09-12T11:35:00Z,30.86998,15.547383,13.2,210.0,210,NORTHERN LIGHT,IMO9706395,CALL888,81.0,under way using engine,190.0,30.0,10.1,81.0
352002140,2026-09-12T11:35:00Z,38.770597,15.378354,14.2,330.1,330,PACIFIC TITAN,IMO9613426,CALL140,82.0,under way using engine,182.0,32.0,9.5,82.0
636015522,2026-09-12T11:35:00Z,31.162108,17.899817,9.7,180.5,180,SEA STAR,IMO9191401,CALL522,37.0,under way using engine,42.0,9.0,2.5,37.0
636018992,2026-09-12T11:35:00Z,38.385999,21.757309,13.6,38.1,38,ATLANTIC CARRIER,IMO9348123,D5XY8,80.0,under way using engine,274.0,48.0,12.4,80.0
239100450,2026-09-12T11:40:00Z,37.250505,22.319677,12.1,45.7,45,BLUE HORIZON,IMO9922370,CALL450,70.0,under way using engine,225.0,32.0,11.8,70.0
240889000,2026-09-12T11:40:00Z,32.012567,25.444205,18.6,115.2,115,AEGEAN BREEZE,IMO9175623,CALL0,71.0,under way using engine,294.0,40.0,13.0,71.0
247000999,2026-09-12T11:40:00Z,40.236914,21.215077,15.8,20.1,20,COASTAL DEFENDER,IMO9354063,CALL999,55.0,under way using engine,65.0,11.0,3.8,55.0
247120300,2026-09-12T11:40:00Z,33.291479,8.875107,22.2,259.8,260,MED EXPRESS,IMO9969749,CALL300,60.0,under way using engine,145.0,24.0,6.2,60.0
255806000,2026-09-12T11:40:00Z,36.126196,24.00392,15.1,69.9,70,GLOBAL TRADER,IMO9391772,CALL0,79.0,under way using engine,260.0,36.0,12.5,79.0
311000888,2026-09-12T11:40:00Z,30.854397,15.536824,13.1,209.4,210,NORTHERN LIGHT,IMO9612867,CALL888,81.0,under way using engine,190.0,30.0,10.1,81.0
352002140,2026-09-12T11:40:00Z,38.787524,15.366287,14.1,330.2,330,PACIFIC TITAN,IMO9476479,CALL140,82.0,under way using engine,182.0,32.0,9.5,82.0
636015522,2026-09-12T11:40:00Z,31.148506,17.900002,9.4,179.7,180,SEA STAR,IMO9171472,CALL522,37.0,under way using engine,42.0,9.0,2.5,37.0
636018992,2026-09-12T11:40:00Z,38.400645,21.772358,13.4,38.3,38,ATLANTIC CARRIER,IMO9348123,D5XY8,80.0,under way using engine,274.0,48.0,12.4,80.0
239100450,2026-09-12T11:45:00Z,37.262564,22.334222,12.1,45.5,45,BLUE HORIZON,IMO9122097,CALL450,70.0,under way using engine,225.0,32.0,11.8,70.0
240889000,2026-09-12T11:45:00Z,32.001854,25.472085,18.5,114.7,115,AEGEAN BREEZE,IMO9191772,CALL0,71.0,under way using engine,294.0,40.0,13.0,71.0
247000999,2026-09-12T11:45:00Z,40.257772,21.225038,16.0,19.6,20,COASTAL DEFENDER,IMO9269205,CALL999,55.0,under way using engine,65.0,11.0,3.8,55.0
247120300,2026-09-12T11:45:00Z,33.286312,8.838949,21.9,259.4,260,MED EXPRESS,IMO9923073,CALL300,60.0,under way using engine,145.0,24.0,6.2,60.0
255806000,2026-09-12T11:45:00Z,36.132694,24.028191,14.8,69.7,70,GLOBAL TRADER,IMO9224309,CALL0,79.0,under way using engine,260.0,36.0,12.5,79.0
311000888,2026-09-12T11:45:00Z,30.838749,15.526225,13.2,209.9,210,NORTHERN LIGHT,IMO9320544,CALL888,81.0,under way using engine,190.0,30.0,10.1,81.0
352002140,2026-09-12T11:45:00Z,38.804632,15.353629,13.9,329.8,330,PACIFIC TITAN,IMO9688861,CALL140,82.0,under way using engine,182.0,32.0,9.5,82.0
636015522,2026-09-12T11:45:00Z,31.135482,17.900187,9.3,179.5,180,SEA STAR,IMO9909438,CALL522,37.0,under way using engine,42.0,9.0,2.5,37.0
636018992,2026-09-12T11:45:00Z,38.415486,21.786592,13.6,38.9,38,ATLANTIC CARRIER,IMO9348123,D5XY8,80.0,under way using engine,274.0,48.0,12.4,80.0
239100450,2026-09-12T11:50:00Z,37.273921,22.348763,11.8,45.4,45,BLUE HORIZON,IMO9937750,CALL450,70.0,under way using engine,225.0,32.0,11.8,70.0
240889000,2026-09-12T11:50:00Z,31.991097,25.499726,18.4,114.3,115,AEGEAN BREEZE,IMO9961530,CALL0,71.0,under way using engine,294.0,40.0,13.0,71.0
247000999,2026-09-12T11:50:00Z,40.278743,21.235223,15.8,19.7,20,COASTAL DEFENDER,IMO9660625,CALL999,55.0,under way using engine,65.0,11.0,3.8,55.0
247120300,2026-09-12T11:50:00Z,33.280998,8.802994,21.8,260.0,260,MED EXPRESS,IMO9937838,CALL300,60.0,under way using engine,145.0,24.0,6.2,60.0
255806000,2026-09-12T11:50:00Z,36.140019,24.0528,14.9,69.5,70,GLOBAL TRADER,IMO9372031,CALL0,79.0,under way using engine,260.0,36.0,12.5,79.0
311000888,2026-09-12T11:50:00Z,30.823464,15.515869,12.9,209.6,210,NORTHERN LIGHT,IMO9217432,CALL888,81.0,under way using engine,190.0,30.0,10.1,81.0
352002140,2026-09-12T11:50:00Z,38.821036,15.341222,14.1,329.9,330,PACIFIC TITAN,IMO9980690,CALL140,82.0,under way using engine,182.0,32.0,9.5,82.0
636015522,2026-09-12T11:50:00Z,31.121742,17.900143,9.7,180.4,180,SEA STAR,IMO9563518,CALL522,37.0,under way using engine,42.0,9.0,2.5,37.0
636018992,2026-09-12T11:50:00Z,38.430126,21.801614,13.5,37.4,38,ATLANTIC CARRIER,IMO9348123,D5XY8,80.0,under way using engine,274.0,48.0,12.4,80.0
239100450,2026-09-12T11:55:00Z,37.286269,22.36381,12.1,44.6,45,BLUE HORIZON,IMO9679577,CALL450,70.0,under way using engine,225.0,32.0,11.8,70.0
240889000,2026-09-12T11:55:00Z,31.980136,25.527289,18.5,115.2,115,AEGEAN BREEZE,IMO9554059,CALL0,71.0,under way using engine,294.0,40.0,13.0,71.0
247000999,2026-09-12T11:55:00Z,40.299623,21.245013,16.1,19.2,20,COASTAL DEFENDER,IMO9386525,CALL999,55.0,under way using engine,65.0,11.0,3.8,55.0
247120300,2026-09-12T11:55:00Z,33.275322,8.766962,21.9,260.7,260,MED EXPRESS,IMO9868020,CALL300,60.0,under way using engine,145.0,24.0,6.2,60.0
255806000,2026-09-12T11:55:00Z,36.14754,24.076814,15.2,70.3,70,GLOBAL TRADER,IMO9247852,CALL0,79.0,under way using engine,260.0,36.0,12.5,79.0
311000888,2026-09-12T11:55:00Z,30.807487,15.505382,13.0,209.9,210,NORTHERN LIGHT,IMO9999146,CALL888,81.0,under way using engine,190.0,30.0,10.1,81.0
352002140,2026-09-12T11:55:00Z,38.838014,15.328801,14.0,330.5,330,PACIFIC TITAN,IMO9331241,CALL140,82.0,under way using engine,182.0,32.0,9.5,82.0
636015522,2026-09-12T11:55:00Z,31.109036,17.899911,9.3,180.1,180,SEA STAR,IMO9141515,CALL522,37.0,under way using engine,42.0,9.0,2.5,37.0
636018992,2026-09-12T11:55:00Z,38.444988,21.816338,13.3,38.7,38,ATLANTIC CARRIER,IMO9348123,D5XY8,80.0,under way using engine,274.0,48.0,12.4,80.0
239100450,2026-09-12T12:00:00Z,37.297568,22.378927,12.1,45.6,45,BLUE HORIZON,IMO9818534,CALL450,70.0,under way using engine,225.0,32.0,11.8,70.0
240889000,2026-09-12T12:00:00Z,31.969163,25.55478,18.3,114.2,115,AEGEAN BREEZE,IMO9855274,CALL0,71.0,under way using engine,294.0,40.0,13.0,71.0
247000999,2026-09-12T12:00:00Z,40.320642,21.255237,15.9,19.3,20,COASTAL DEFENDER,IMO9807835,CALL999,55.0,under way using engine,65.0,11.0,3.8,55.0
247120300,2026-09-12T12:00:00Z,33.270365,8.730789,21.9,260.4,260,MED EXPRESS,IMO9203024,CALL300,60.0,under way using engine,145.0,24.0,6.2,60.0
255806000,2026-09-12T12:00:00Z,36.154548,24.101244,15.0,69.5,70,GLOBAL TRADER,IMO9727459,CALL0,79.0,under way using engine,260.0,36.0,12.5,79.0
311000888,2026-09-12T12:00:00Z,30.791952,15.494999,12.9,209.3,210,NORTHERN LIGHT,IMO9988991,CALL888,81.0,under way using engine,190.0,30.0,10.1,81.0
352002140,2026-09-12T12:00:00Z,38.854943,15.316441,14.0,329.5,330,PACIFIC TITAN,IMO9579536,CALL140,82.0,under way using engine,182.0,32.0,9.5,82.0
636015522,2026-09-12T12:00:00Z,31.095784,17.900124,9.5,180.2,180,SEA STAR,IMO9813644,CALL522,37.0,under way using engine,42.0,9.0,2.5,37.0
636018992,2026-09-12T12:00:00Z,38.45963,21.831442,13.5,38.6,38,ATLANTIC CARRIER,IMO9348123,D5XY8,80.0,under way using engine,274.0,48.0,12.4,80.0
